file,c,L,t,threshold_05,positive_lobe,spectral_moment,inverse_interface_proxy
c0_L32_rep000.npz,0.5,32,1,0.6869244935543277,0.7901702425373134,3.28031046210384,2.745308310991957
c0_L32_rep000.npz,0.5,32,2,0.713762037899969,0.8071876236155063,3.36974056776419,2.852367688022284
c0_L32_rep000.npz,0.5,32,3,0.7314524555903866,0.8431822311046512,3.4282897292995536,2.9257142857142857
c0_L32_rep000.npz,0.5,32,4,0.7620127569099929,0.8605813419117647,3.533862680164054,3.0476190476190474
c0_L32_rep000.npz,0.5,32,5,0.7604541287638389,0.8567608173076923,3.5390851169044044,3.0385756676557865
c0_L32_rep000.npz,0.5,32,7,0.7902439024390244,0.9040690104166667,3.621742165936375,3.1604938271604937
c0_L32_rep000.npz,0.5,32,8,0.8106461439794773,0.9261318108974359,3.684188151179996,3.240506329113924
c0_L32_rep000.npz,0.5,32,10,0.8340974698590593,0.982411541005291,3.759081985978028,3.3355048859934855
c0_L32_rep000.npz,0.5,32,13,0.8745452849547617,0.9836992575654924,3.8919436856580076,3.4948805460750854
c0_L32_rep000.npz,0.5,32,15,0.8952800195646857,1.0249171401515151,3.9677209612374535,3.5804195804195804
c0_L32_rep000.npz,0.5,32,19,0.9412273587456069,1.08317868504772,4.097901862337946,3.764705882352941
c0_L32_rep000.npz,0.5,32,24,0.956555685684011,1.086092159219457,4.1582243758638775,3.8208955223880596
c0_L32_rep000.npz,0.5,32,29,1.0215754243366004,1.140341320877555,4.3231274708789105,4.063492063492063
c0_L32_rep000.npz,0.5,32,36,1.0042124542124542,1.1596367251589417,4.275842941860119,4.0
c0_L32_rep000.npz,0.5,32,44,1.0388193202146692,1.171703473413379,4.328825427134611,4.096
c0_L32_rep000.npz,0.5,32,55,1.0507533197139938,1.1756791095344385,4.358354642713869,4.145748987854251
c0_L32_rep000.npz,0.5,32,68,1.0745938921377518,1.2042824074074074,4.429748898915361,4.231404958677686
c0_L32_rep000.npz,0.5,32,84,1.164241622574956,1.285968739499328,4.594232964157774,4.471615720524017
c0_L32_rep000.npz,0.5,32,103,1.1727504244482172,1.2940527811004785,4.616284106580701,4.511013215859031
c0_L32_rep000.npz,0.5,32,127,1.241025641025641,1.3440095656318083,4.76265146649282,4.697247706422019
c0_L32_rep000.npz,0.5,32,157,1.2367216117216118,1.3366804127984087,4.758936646632032,4.697247706422019
c0_L32_rep000.npz,0.5,32,194,1.3337254901960784,1.4217002467105262,5.014231148652388,5.044334975369458
c0_L32_rep000.npz,0.5,32,239,1.3806628914057293,1.4955464304765291,5.125996997343264,5.197969543147208
c0_L32_rep000.npz,0.5,32,296,1.3566602316602316,1.4639029029519333,5.081605625330702,5.12
c0_L32_rep000.npz,0.5,32,365,1.4269203413940257,1.5438458676739928,5.213384565042309,5.333333333333333
c0_L32_rep000.npz,0.5,32,451,1.5148496240601501,1.6306131565824469,5.4377044441374744,5.657458563535911
c0_L32_rep000.npz,0.5,32,556,1.557375421878102,1.7020903087797619,5.512456623356154,5.785310734463277
c0_L32_rep000.npz,0.5,32,687,1.4733333333333334,1.6490885416666665,5.301983040587574,5.361256544502618
c0_L32_rep000.npz,0.5,32,848,1.5932835820895521,1.706551188973064,5.674385641371887,5.953488372093023
c0_L32_rep000.npz,0.5,32,1047,1.663333333333333,1.8263408954326923,5.740414796687234,6.059171597633136
c0_L32_rep000.npz,0.5,32,1292,1.8178368121442123,1.9520476810515874,6.197339537720046,6.826666666666667
c0_L32_rep000.npz,0.5,32,1595,1.8307692307692307,2.2140429687500003,6.052423916109281,6.4
c0_L32_rep000.npz,0.5,32,1970,2.2831661092530657,nan,6.96897540994411,8.062992125984252
c0_L32_rep000.npz,0.5,32,2432,2.2756410256410255,nan,6.952604485758581,7.937984496124031
c0_L32_rep000.npz,0.5,32,3002,2.2400379506641372,nan,6.614300568184176,7.26241134751773
c0_L32_rep000.npz,0.5,32,3706,2.2057291666666665,2.5728747351694916,6.664662447682919,7.420289855072464
c0_L32_rep000.npz,0.5,32,4576,2.2859209257473476,2.7020037615740744,7.029006395112432,7.937984496124031
c0_L32_rep000.npz,0.5,32,5649,2.629461584996975,nan,7.24639679790737,8.192
c0_L32_rep000.npz,0.5,32,6974,2.722435897435898,nan,7.48610659517757,8.605042016806722
c0_L32_rep000.npz,0.5,32,8610,2.858516483516483,nan,7.695897244118897,8.982456140350877
c0_L32_rep000.npz,0.5,32,10629,2.891684136967156,nan,8.117236541195666,9.660377358490566
c0_L32_rep000.npz,0.5,32,13122,3.24468085106383,3.4920819256756754,8.32629754745731,9.752380952380953
c0_L32_rep000.npz,0.5,32,16200,3.108843537414965,nan,8.302153358981847,9.752380952380953
c0_L32_rep000.npz,0.5,32,20000,3.866419294990724,nan,9.285224708729759,11.50561797752809
c0_L32_rep001.npz,0.5,32,1,0.6615384615384615,0.7608483808635395,3.175172370245987,2.645994832041344
c0_L32_rep001.npz,0.5,32,2,0.697320503330866,0.8025716145833334,3.275817207595909,2.782608695652174
c0_L32_rep001.npz,0.5,32,3,0.7214072521750174,0.8479502688172043,3.375995128302295,2.8845070422535213
c0_L32_rep001.npz,0.5,32,4,0.7465143168060939,0.8372431216032609,3.4546993064514875,2.9854227405247813
c0_L32_rep001.npz,0.5,32,5,0.7463620291037671,0.8475139170040487,3.457202215336151,2.9854227405247813
c0_L32_rep001.npz,0.5,32,7,0.7760141093474426,0.8696443256578947,3.5583984875567696,3.103030303030303
c0_L32_rep001.npz,0.5,32,8,0.8005003126954346,0.8934375,3.6488954518298615,3.2
c0_L32_rep001.npz,0.5,32,10,0.8106461439794773,0.9061404497195513,3.6779865276022576,3.240506329113924
c0_L32_rep001.npz,0.5,32,13,0.8367442854091006,0.9408947172619048,3.7596280270450624,3.34640522875817
c0_L32_rep001.npz,0.5,32,15,0.8486125746399719,0.9609820461677864,3.8008569992920473,3.390728476821192
c0_L32_rep001.npz,0.5,32,19,0.8829265972123115,1.00390625,3.916350985472751,3.5310344827586206
c0_L32_rep001.npz,0.5,32,24,0.9014531567723056,1.044077034883721,3.9618189867830873,3.6056338028169015
c0_L32_rep001.npz,0.5,32,29,0.9424503275404688,1.0611979166666667,4.083957221387318,3.764705882352941
c0_L32_rep001.npz,0.5,32,36,0.9176688251618872,1.114851226076555,4.03426454064513,3.6702508960573477
c0_L32_rep001.npz,0.5,32,44,0.9594609769792252,1.1025641025641026,4.145105781194772,3.8352059925093633
c0_L32_rep001.npz,0.5,32,55,1.0123210123210122,1.1469751279912563,4.277714501232446,4.015686274509804
c0_L32_rep001.npz,0.5,32,68,1.0353184449958643,1.1447062084257207,4.332308743767039,4.096
c0_L32_rep001.npz,0.5,32,84,1.0348837209302326,1.169272920005342,4.336921566143069,4.096
c0_L32_rep001.npz,0.5,32,103,1.0655773420479302,1.2070287491997438,4.392952795663993,4.179591836734694
c0_L32_rep001.npz,0.5,32,127,1.1417624521072798,1.2691981907894738,4.582430076140737,4.432900432900433
c0_L32_rep001.npz,0.5,32,157,1.2267115600448935,1.4610026041666666,4.769817687349286,4.697247706422019
c0_L32_rep001.npz,0.5,32,194,1.2773755656108596,1.4049153645833332,4.896282004087557,4.8530805687203795
c0_L32_rep001.npz,0.5,32,239,1.3266666666666667,1.5314797794117647,4.980320397867748,4.946859903381642
c0_L32_rep001.npz,0.5,32,296,1.463064713064713,1.7148708767361112,5.219583822991972,5.278350515463917
c0_L32_rep001.npz,0.5,32,365,1.5838592465098489,1.763878676470588,5.608370224698089,5.885057471264368
c0_L32_rep001.npz,0.5,32,451,1.69253663003663,1.8246727658991229,5.7525097916244965,6.095238095238095
c0_L32_rep001.npz,0.5,32,556,1.6140562248995984,1.8472005208333333,5.600612922855578,5.885057471264368
c0_L32_rep001.npz,0.5,32,687,1.6254244482173175,1.8672008167613638,5.650768048423415,5.953488372093023
c0_L32_rep001.npz,0.5,32,848,1.755072463768116,1.932482993197279,5.78756582640794,6.131736526946108
c0_L32_rep001.npz,0.5,32,1047,1.7864137086903304,2.0159715839460786,5.939681725597012,6.3602484472049685
c0_L32_rep001.npz,0.5,32,1292,1.835005574136009,2.0152911324786325,5.986918101625975,6.481012658227848
c0_L32_rep001.npz,0.5,32,1595,1.877456819535438,2.0607972756410255,6.151030514273721,6.69281045751634
c0_L32_rep001.npz,0.5,32,1970,1.9101662404092072,2.0965479290674605,6.123305025446382,6.64935064935065
c0_L32_rep001.npz,0.5,32,2432,1.8742203742203742,2.2145486111111112,6.010578973320835,6.481012658227848
c0_L32_rep001.npz,0.5,32,3002,1.995663650075415,nan,6.275928111017703,6.781456953642384
c0_L32_rep001.npz,0.5,32,3706,2.259615384615384,2.4432078394396552,6.720606995647578,7.474452554744525
c0_L32_rep001.npz,0.5,32,4576,2.379960317460317,nan,6.995166884287611,7.816793893129771
c0_L32_rep001.npz,0.5,32,5649,2.545114942528736,nan,7.104797733778448,7.937984496124031
c0_L32_rep001.npz,0.5,32,6974,2.670204402515724,nan,7.330027500444337,8.325203252032521
c0_L32_rep001.npz,0.5,32,8610,2.6904934687953554,nan,7.771378162898932,9.225225225225225
c0_L32_rep001.npz,0.5,32,10629,3.0178571428571432,nan,7.727887469335765,8.982456140350877
c0_L32_rep001.npz,0.5,32,13122,3.3601190476190474,nan,7.891674138976762,9.481481481481481
c0_L32_rep001.npz,0.5,32,16200,2.7145833333333336,3.1693704539331904,7.713389335266763,8.982456140350877
c0_L32_rep001.npz,0.5,32,20000,3.178765880217787,3.388907877604167,8.590996271473934,10.138613861386139
c0_L32_rep002.npz,0.5,32,1,0.6497629354772212,0.7380170591787439,3.1327863204366326,2.598984771573604
c0_L32_rep002.npz,0.5,32,2,0.6956727219022301,0.7846966911764706,3.3039291160707838,2.782608695652174
c0_L32_rep002.npz,0.5,32,3,0.7552213868003341,0.847337598924513,3.4825302672287473,3.0206489675516224
c0_L32_rep002.npz,0.5,32,4,0.7711962833914053,0.890030570652174,3.5272482180107647,3.0843373493975905
c0_L32_rep002.npz,0.5,32,5,0.7950310559006211,0.9132998511904762,3.610927390567516,3.1801242236024843
c0_L32_rep002.npz,0.5,32,7,0.8374957235716729,0.9561729698448449,3.7384001169135193,3.34640522875817
c0_L32_rep002.npz,0.5,32,8,0.8261159227181878,0.9534067007211539,3.712787124135834,3.303225806451613
c0_L32_rep002.npz,0.5,32,10,0.8590990990990992,1.0341282894736843,3.8239727041739617,3.436241610738255
c0_L32_rep002.npz,0.5,32,13,0.8797354747283892,1.0437241398083623,3.904573429799902,3.5189003436426116
c0_L32_rep002.npz,0.5,32,15,0.9046049345719709,1.0313123848280097,3.9657095526640433,3.618374558303887
c0_L32_rep002.npz,0.5,32,19,0.9046953046953047,1.0404112280868902,3.95980151934676,3.618374558303887
c0_L32_rep002.npz,0.5,32,24,0.9378421900161031,1.0917835202991455,4.057240481967879,3.750915750915751
c0_L32_rep002.npz,0.5,32,29,0.980857310628303,1.114818431712963,4.198835959652488,3.9233716475095783
c0_L32_rep002.npz,0.5,32,36,0.9850104275286757,1.1291232638888888,4.174883793748133,3.9083969465648853
c0_L32_rep002.npz,0.5,32,44,1.0179487179487179,1.1705335563044663,4.259278779847299,4.031496062992126
c0_L32_rep002.npz,0.5,32,55,1.049125874125874,1.1824159220791002,4.346214788596438,4.129032258064516
c0_L32_rep002.npz,0.5,32,68,1.0981729114259235,1.2279474431818183,4.467683813936838,4.2845188284518825
c0_L32_rep002.npz,0.5,32,84,1.1123737373737375,1.2328559027777777,4.511565597856258,4.338983050847458
c0_L32_rep002.npz,0.5,32,103,1.1500717360114776,1.2854987097002262,4.580071955801153,4.432900432900433
c0_L32_rep002.npz,0.5,32,127,1.2164158686730506,1.31877114494302,4.740159004117699,4.675799086757991
c0_L32_rep002.npz,0.5,32,157,1.2429453262786594,1.351176727484472,4.796730287049465,4.7407407407407405
c0_L32_rep002.npz,0.5,32,194,1.28003003003003,1.4021952311197916,4.880160762032633,4.8530805687203795
c0_L32_rep002.npz,0.5,32,239,1.3733170134638923,1.4793626945970697,5.147550045348873,5.224489795918367
c0_L32_rep002.npz,0.5,32,296,1.4621478873239437,1.5788650038819876,5.314967174105468,5.475935828877005
c0_L32_rep002.npz,0.5,32,365,1.4862723419937351,1.5931081081081082,5.302046256237511,5.505376344086022
c0_L32_rep002.npz,0.5,32,451,1.5683467741935484,1.6882611443014706,5.483028560444553,5.720670391061453
c0_L32_rep002.npz,0.5,32,556,1.3930866601752676,1.5627062792446524,5.09372387776351,5.0945273631840795
c0_L32_rep002.npz,0.5,32,687,1.5253595025262339,1.619516974667774,5.429252469215938,5.626373626373627
c0_L32_rep002.npz,0.5,32,848,1.5687878787878788,1.708233642578125,5.572298354702287,5.818181818181818
c0_L32_rep002.npz,0.5,32,1047,1.7492025518341308,1.8842294730392157,5.86164261826242,6.206060606060606
c0_L32_rep002.npz,0.5,32,1292,1.939969834087481,2.022830499387255,6.228837039390536,6.781456953642384
c0_L32_rep002.npz,0.5,32,1595,1.967046238785369,2.0938720703125,6.39436650434763,7.062068965517241
c0_L32_rep002.npz,0.5,32,1970,1.9259259259259258,2.0500355596127715,6.333233495671937,6.918918918918919
c0_L32_rep002.npz,0.5,32,2432,2.00989010989011,2.1357421875,6.6237072041681895,7.529411764705882
c0_L32_rep002.npz,0.5,32,3002,2.029166666666667,2.1929500078914144,6.530359116849989,7.366906474820144
c0_L32_rep002.npz,0.5,32,3706,2.2428689541132703,2.3916302849264706,7.011576445766548,8.0
c0_L32_rep002.npz,0.5,32,4576,2.334314550042052,2.435192899548368,7.178023806329597,8.39344262295082
c0_L32_rep002.npz,0.5,32,5649,2.3636363636363633,2.5384392989309212,7.123658007755655,8.0
c0_L32_rep002.npz,0.5,32,6974,2.3921568627450975,2.494639275156853,7.238786425584472,8.258064516129032
c0_L32_rep002.npz,0.5,32,8610,2.7310559006211177,2.820757346652004,7.740867660531814,8.904347826086957
c0_L32_rep002.npz,0.5,32,10629,2.790281329923273,2.8813282800099205,8.042455705715652,9.394495412844037
c0_L32_rep002.npz,0.5,32,13122,2.8277777777777784,3.022977754667208,8.219950489610358,9.570093457943925
c0_L32_rep002.npz,0.5,32,16200,3.150493421052632,3.347900390625,8.94025823740532,10.666666666666666
c0_L32_rep002.npz,0.5,32,20000,3.7425115207373265,3.8640257476478492,10.181908436397782,12.962025316455696
c0_L32_rep003.npz,0.5,32,1,0.6808703279291515,0.7898267663043479,3.2396471721080964,2.723404255319149
c0_L32_rep003.npz,0.5,32,2,0.7193054459352801,0.8187197580645161,3.3569351135750556,2.8764044943820224
c0_L32_rep003.npz,0.5,32,3,0.7486404213838629,0.8460648148148149,3.473816597352737,2.9941520467836256
c0_L32_rep003.npz,0.5,32,4,0.7734209565534866,0.8611580115486366,3.5570221615742246,3.093655589123867
c0_L32_rep003.npz,0.5,32,5,0.7812139481225113,0.8693426724137931,3.58220204566757,3.1219512195121952
c0_L32_rep003.npz,0.5,32,7,0.7805168246886038,0.8796787342215989,3.575006395953209,3.1219512195121952
c0_L32_rep003.npz,0.5,32,8,0.785749256204572,0.885316910282258,3.583655817768914,3.1411042944785277
c0_L32_rep003.npz,0.5,32,10,0.8374957235716729,0.926171875,3.765553820069485,3.34640522875817
c0_L32_rep003.npz,0.5,32,13,0.8312038794012229,0.9271783502252252,3.746239312603437,3.324675324675325
c0_L32_rep003.npz,0.5,32,15,0.8624319419237749,0.9622315852784602,3.849728767222782,3.4478114478114477
c0_L32_rep003.npz,0.5,32,19,0.8859086119360091,0.9960406759510869,3.9156787250895992,3.5432525951557095
c0_L32_rep003.npz,0.5,32,24,0.9113205634944765,1.0187499999999998,3.9892604838041668,3.6441281138790034
c0_L32_rep003.npz,0.5,32,29,0.941634662195056,1.0454282407407407,4.054906649571454,3.764705882352941
c0_L32_rep003.npz,0.5,32,36,0.9481481481481482,1.0508056640625,4.097931960718139,3.7925925925925927
c0_L32_rep003.npz,0.5,32,44,0.993868767256781,1.0910694355867347,4.225049746004515,3.9689922480620154
c0_L32_rep003.npz,0.5,32,55,1.0296296296296297,1.1457137542517006,4.260733468060861,4.047430830039525
c0_L32_rep003.npz,0.5,32,68,1.022348484848485,1.1618359375,4.265966247156909,4.031496062992126
c0_L32_rep003.npz,0.5,32,84,1.066916354556804,1.1971147017045456,4.393794677580449,4.19672131147541
c0_L32_rep003.npz,0.5,32,103,1.1071428571428572,1.227660472972973,4.471294009945765,4.302521008403361
c0_L32_rep003.npz,0.5,32,127,1.225,1.3045886811755953,4.753078583653729,4.71889400921659
c0_L32_rep003.npz,0.5,32,157,1.218213058419244,1.3025374462380226,4.759612521049633,4.697247706422019
c0_L32_rep003.npz,0.5,32,194,1.2418656612205,1.3268024622778007,4.78700284040329,4.7407407407407405
c0_L32_rep003.npz,0.5,32,239,1.2999999999999998,1.3750923872875092,4.957626731938936,4.995121951219512
c0_L32_rep003.npz,0.5,32,296,1.2638245288847698,1.3868302186724564,4.856274660307781,4.785046728971962
c0_L32_rep003.npz,0.5,32,365,1.297087082507244,1.4126625811369,4.97285674918804,4.923076923076923
c0_L32_rep003.npz,0.5,32,451,1.5458152276591726,1.6511365525265957,5.503252039726206,5.752808988764045
c0_L32_rep003.npz,0.5,32,556,1.6465189873417723,1.7468343445678638,5.718805034835347,6.023529411764706
c0_L32_rep003.npz,0.5,32,687,1.7418330308529946,1.825560980902778,5.885573731726421,6.4
c0_L32_rep003.npz,0.5,32,848,1.6620074840413825,1.7725823581881954,5.734226314580878,6.059171597633136
c0_L32_rep003.npz,0.5,32,1047,1.8128040973111397,1.9272828762938472,6.070422538951474,6.564102564102564
c0_L32_rep003.npz,0.5,32,1292,1.6944168734491314,1.8493949944842802,5.81669004665341,6.095238095238095
c0_L32_rep003.npz,0.5,32,1595,1.7464488636363638,1.8927017806412338,6.029563988658322,6.440251572327044
c0_L32_rep003.npz,0.5,32,1970,2.026136770497673,2.187963785535117,6.484567507378245,7.160839160839161
c0_L32_rep003.npz,0.5,32,2432,2.1166666666666663,2.24851255697756,6.413070222094283,6.87248322147651
c0_L32_rep003.npz,0.5,32,3002,2.2845410628019325,2.4294154575892857,6.985649904291137,7.757575757575758
c0_L32_rep003.npz,0.5,32,3706,2.229166666666667,2.393643465909091,6.95564268975893,7.757575757575758
c0_L32_rep003.npz,0.5,32,4576,2.395176252319109,2.5600820688100963,7.425180940277752,8.605042016806722
c0_L32_rep003.npz,0.5,32,5649,2.5051480051480053,2.723690257352941,7.514394436951613,8.533333333333333
c0_L32_rep003.npz,0.5,32,6974,2.7335164835164836,2.946076127819549,8.053317765198258,9.394495412844037
c0_L32_rep003.npz,0.5,32,8610,2.9505494505494507,3.2985983455882355,8.19513924819204,9.394495412844037
c0_L32_rep003.npz,0.5,32,10629,3.1009852216748772,3.3984375,8.848806016612421,10.778947368421052
c0_L32_rep003.npz,0.5,32,13122,3.5543589743589745,3.7243513627485796,9.271917707043212,11.252747252747254
c0_L32_rep003.npz,0.5,32,16200,3.631221719457012,3.9370453933189653,10.012417514906527,12.487804878048781
c0_L32_rep003.npz,0.5,32,20000,3.768518518518518,3.827830981182796,9.803704704486083,11.906976744186046
c0_L64_rep000.npz,0.5,64,1,0.6712014088741893,0.7737348455007003,3.222919639840642,2.6841415465268676
c0_L64_rep000.npz,0.5,64,2,0.7147689190242382,0.8184849330357142,3.3772900857729056,2.8583391486392182
c0_L64_rep000.npz,0.5,64,3,0.7432240678751132,0.8559146478309394,3.470781281559291,2.9702683103698333
c0_L64_rep000.npz,0.5,64,4,0.7642403935267699,0.86610422013894,3.5479133149166793,3.056716417910448
c0_L64_rep000.npz,0.5,64,5,0.7787833361094146,0.8915763117254436,3.596101472178985,3.114828897338403
c0_L64_rep000.npz,0.5,64,7,0.8166388538402052,0.9312833906407006,3.7189567326225172,3.266347687400319
c0_L64_rep000.npz,0.5,64,8,0.8284984878834296,0.9437751208768391,3.7558111647661088,3.313915857605178
c0_L64_rep000.npz,0.5,64,10,0.8373799780684159,0.9611816275167786,3.7779458118129856,3.349141455437449
c0_L64_rep000.npz,0.5,64,13,0.8651117123905424,0.9783192955057785,3.8706835547182776,3.4594594594594597
c0_L64_rep000.npz,0.5,64,15,0.878083190293682,0.9945086273257338,3.9057667823530484,3.5098543273350473
c0_L64_rep000.npz,0.5,64,19,0.9268251128716245,1.0453773794659833,4.055692429717989,3.7067873303167422
c0_L64_rep000.npz,0.5,64,24,0.9562166498099257,1.0758022873941555,4.153058456957997,3.824463118580766
c0_L64_rep000.npz,0.5,64,29,0.9781832779825554,1.1054422129755435,4.2077687635864836,3.9121298949379177
c0_L64_rep000.npz,0.5,64,36,1.0178813622475595,1.1353542876482807,4.305976596483465,4.051434223541048
c0_L64_rep000.npz,0.5,64,44,1.041787900830454,1.1626749828797707,4.360390542160438,4.120724346076459
c0_L64_rep000.npz,0.5,64,55,1.1038753387533875,1.210258529589372,4.501186371201589,4.311578947368421
c0_L64_rep000.npz,0.5,64,68,1.1190794267670632,1.2269201274317882,4.529857991547513,4.352816153028693
c0_L64_rep000.npz,0.5,64,84,1.14967364985788,1.2688968374729832,4.586280903852095,4.437703141928494
c0_L64_rep000.npz,0.5,64,103,1.2113170109485172,1.321670952193234,4.742429158544626,4.6439909297052155
c0_L64_rep000.npz,0.5,64,127,1.2601990049751244,1.3588037854842558,4.876458520350579,4.8358913813459266
c0_L64_rep000.npz,0.5,64,157,1.287137786009183,1.3977339721174138,4.898496029024741,4.882002383790226
c0_L64_rep000.npz,0.5,64,194,1.3283660080122313,1.4343328075736572,5.011281101596528,5.038130381303813
c0_L64_rep000.npz,0.5,64,239,1.364235909058426,1.4759694920348965,5.100370673443,5.1457286432160805
c0_L64_rep000.npz,0.5,64,296,1.431296309881887,1.5431686965067675,5.263164328883442,5.403693931398417
c0_L64_rep000.npz,0.5,64,365,1.462498304624983,1.5819018305564412,5.324099614117545,5.468624833110814
c0_L64_rep000.npz,0.5,64,451,1.5372960372960374,1.63498115444231,5.511459486468684,5.760900140646976
c0_L64_rep000.npz,0.5,64,556,1.5570270441446576,1.6834464001666416,5.529962735804119,5.760900140646976
c0_L64_rep000.npz,0.5,64,687,1.5956753983185759,1.7066429781626506,5.607467809339118,5.87661406025825
c0_L64_rep000.npz,0.5,64,848,1.6410744954916272,1.7764298722550675,5.771181034368728,6.077151335311573
c0_L64_rep000.npz,0.5,64,1047,1.7350457200914402,1.890425113687539,5.925881804674475,6.253435114503817
c0_L64_rep000.npz,0.5,64,1292,1.8471464435146443,1.9918595763038005,6.180760279454409,6.714754098360656
c0_L64_rep000.npz,0.5,64,1595,1.9518496431525691,2.109203771737568,6.363748077754113,6.942372881355932
c0_L64_rep000.npz,0.5,64,1970,2.0201375859912445,2.1866620074261673,6.640191808659738,7.353680430879713
c0_L64_rep000.npz,0.5,64,2432,2.1198979591836733,2.2809643164315716,6.749816717294686,7.543278084714549
c0_L64_rep000.npz,0.5,64,3002,2.175491657169574,2.3686213462798484,6.870592103374935,7.6560747663551405
c0_L64_rep000.npz,0.5,64,3706,2.2941651924601962,2.488556688255983,7.139037647133461,8.110891089108911
c0_L64_rep000.npz,0.5,64,4576,2.4004167775117495,2.557185701069079,7.301596446621517,8.325203252032521
c0_L64_rep000.npz,0.5,64,5649,2.4873194435199357,2.668500517010762,7.608707788637964,8.770877944325482
c0_L64_rep000.npz,0.5,64,6974,2.614533492822966,2.8131147093413977,7.7427584587354925,8.982456140350877
c0_L64_rep000.npz,0.5,64,8610,2.7532304173813604,3.005536161402157,8.045015768621527,9.416091954022988
c0_L64_rep000.npz,0.5,64,10629,2.8857471642281762,3.1118572308986776,8.366843742415725,9.91767554479419
c0_L64_rep000.npz,0.5,64,13122,3.0859263778726866,3.3106987028301886,8.475666648533112,9.893719806763285
c0_L64_rep000.npz,0.5,64,16200,3.491559873225851,3.654192438665426,9.203225634755873,11.100271002710027
c0_L64_rep000.npz,0.5,64,20000,3.412105405771576,3.6146984474331725,9.039638929317809,10.778947368421052
c0_L64_rep001.npz,0.5,64,1,0.6606451612903226,0.7531883336220335,3.1847824269886726,2.6425806451612903
c0_L64_rep001.npz,0.5,64,2,0.6962180710239458,0.7968394198158915,3.3076317075431416,2.7845003399048265
c0_L64_rep001.npz,0.5,64,3,0.7372519748709336,0.8403151939655172,3.4446131445511785,2.948884089272858
c0_L64_rep001.npz,0.5,64,4,0.7677887717546972,0.8686814741654829,3.5456921708133193,3.070464767616192
c0_L64_rep001.npz,0.5,64,5,0.7757736041378265,0.8843611900252526,3.5741199671901,3.103030303030303
c0_L64_rep001.npz,0.5,64,7,0.8051031004302032,0.9062753572832435,3.671536304658647,3.220125786163522
c0_L64_rep001.npz,0.5,64,8,0.8199194809857169,0.9212094972785154,3.713431302680078,3.2794235388310646
c0_L64_rep001.npz,0.5,64,10,0.8407791703518347,0.9440225609221599,3.7815302191202678,3.3628899835796386
c0_L64_rep001.npz,0.5,64,13,0.8597823021826181,0.9629053063676705,3.834568524818022,3.4391267842149453
c0_L64_rep001.npz,0.5,64,15,0.8722544694683074,0.9733776175200755,3.8814184492873216,3.4889267461669506
c0_L64_rep001.npz,0.5,64,19,0.8904455554849813,0.9966295276988637,3.940800378283282,3.5617391304347827
c0_L64_rep001.npz,0.5,64,24,0.9243804830993443,1.0415912823021158,4.034267545351903,3.696750902527076
c0_L64_rep001.npz,0.5,64,29,0.926788674621428,1.0553013633666573,4.042007427501464,3.7067873303167422
c0_L64_rep001.npz,0.5,64,36,0.9706239622790688,1.0851971029534577,4.177718176681275,3.8824644549763034
c0_L64_rep001.npz,0.5,64,44,0.9872442200372044,1.1212705121265403,4.227386072566999,3.9422521655437923
c0_L64_rep001.npz,0.5,64,55,1.0497436289890563,1.1662864255280398,4.371524733430466,4.145748987854251
c0_L64_rep001.npz,0.5,64,68,1.108843738893496,1.2063624231849972,4.515427102636072,4.338983050847458
c0_L64_rep001.npz,0.5,64,84,1.1429858521001526,1.2472538516997798,4.5774425331362325,4.442516268980477
c0_L64_rep001.npz,0.5,64,103,1.1855099441559713,1.2875332119228604,4.673057498991438,4.58165548098434
c0_L64_rep001.npz,0.5,64,127,1.205889066423191,1.3335261204650983,4.714964795471301,4.612612612612613
c0_L64_rep001.npz,0.5,64,157,1.28565615365466,1.3994302665929912,4.901351608020192,4.876190476190477
c0_L64_rep001.npz,0.5,64,194,1.3349997164943583,1.4309326492959036,5.033267303944548,5.075588599752169
c0_L64_rep001.npz,0.5,64,239,1.3586849044166116,1.483205987536273,5.0634540303734275,5.107231920199501
c0_L64_rep001.npz,0.5,64,296,1.445571016460207,1.5512637867647059,5.277547645173828,5.43236074270557
c0_L64_rep001.npz,0.5,64,365,1.4407738095238094,1.5628761878380408,5.276202872330999,5.425165562913907
c0_L64_rep001.npz,0.5,64,451,1.5031298071234174,1.6390433018866892,5.370665435549676,5.572789115646258
c0_L64_rep001.npz,0.5,64,556,1.540509088222255,1.6720803997473803,5.48272085716415,5.704735376044568
c0_L64_rep001.npz,0.5,64,687,1.6236253097893434,1.7701070217331119,5.688861572796845,6.041297935103245
c0_L64_rep001.npz,0.5,64,848,1.6922238372093024,1.8160613016548983,5.84957185705464,6.311248073959939
c0_L64_rep001.npz,0.5,64,1047,1.7019874447932002,1.832338069129095,5.892951950769034,6.320987654320987
c0_L64_rep001.npz,0.5,64,1292,1.7386569603327886,1.9128618244172668,5.962264186841048,6.390015600624025
c0_L64_rep001.npz,0.5,64,1595,1.798163613931859,1.9990489775779612,6.111454846780278,6.574638844301766
c0_L64_rep001.npz,0.5,64,1970,1.9667467948717947,2.164724683004712,6.45347138649431,7.049913941480207
c0_L64_rep001.npz,0.5,64,2432,2.1422535211267606,2.3216666789970013,6.736267246247384,7.529411764705882
c0_L64_rep001.npz,0.5,64,3002,2.1553832521045635,2.3971749147568584,6.92960051906069,7.728301886792453
c0_L64_rep001.npz,0.5,64,3706,2.3554237173869073,2.5875835615335054,7.2020065147185415,8.078895463510849
c0_L64_rep001.npz,0.5,64,4576,2.5034111501972065,2.718810692537089,7.42505515300323,8.410677618069816
c0_L64_rep001.npz,0.5,64,5649,2.6828772041809623,2.9624089152973396,7.9031626975787335,9.082039911308204
c0_L64_rep001.npz,0.5,64,6974,2.845366079703429,3.1045106169465297,8.256757820997363,9.660377358490566
c0_L64_rep001.npz,0.5,64,8610,3.0985058107360266,3.410159665691622,8.655210249768391,10.24
c0_L64_rep001.npz,0.5,64,10629,3.316198819953513,3.5421336476023972,9.173160952760142,11.160762942779291
c0_L64_rep001.npz,0.5,64,13122,3.5175689414156817,3.6733765235314,9.524257215064537,11.83815028901734
c0_L64_rep001.npz,0.5,64,16200,3.498048038112883,3.662942830126842,9.467724471107791,11.538028169014085
c0_L64_rep001.npz,0.5,64,20000,3.5044601769911505,3.701487392022358,9.231668411098243,10.981233243967829
c0_L64_rep002.npz,0.5,64,1,0.6655427434312994,0.7425688412791114,3.211648653592609,2.6614684860298894
c0_L64_rep002.npz,0.5,64,2,0.7054603563816765,0.7886801229940879,3.337074005736254,2.8209366391184574
c0_L64_rep002.npz,0.5,64,3,0.7305992586365182,0.8211794427100648,3.4181511844102705,2.921540656205421
c0_L64_rep002.npz,0.5,64,4,0.7587999718962973,0.8492698510232746,3.508459128437749,3.034074074074074
c0_L64_rep002.npz,0.5,64,5,0.7672689392578756,0.859655172186339,3.5341775822878922,3.0681647940074908
c0_L64_rep002.npz,0.5,64,7,0.7826095079731333,0.8731111371550573,3.5968028902947684,3.1291061879297173
c0_L64_rep002.npz,0.5,64,8,0.8065412399777725,0.8976429780762167,3.6717648650666996,3.2251968503937007
c0_L64_rep002.npz,0.5,64,10,0.8305389788765748,0.9176485105548673,3.749120267873017,3.321978913219789
c0_L64_rep002.npz,0.5,64,13,0.8550462808074049,0.9511455327968577,3.8182220283320705,3.4190317195325544
c0_L64_rep002.npz,0.5,64,15,0.8583457463252859,0.9517429837123803,3.833221028512686,3.4333612740989103
c0_L64_rep002.npz,0.5,64,19,0.8830762551333862,0.9827059283946296,3.905330409709474,3.5310344827586206
c0_L64_rep002.npz,0.5,64,24,0.9197110423116615,1.0222833297475615,4.015194733666777,3.6768402154398565
c0_L64_rep002.npz,0.5,64,29,0.929208898249309,1.0468952741634001,4.04216034110637,3.71350861287398
c0_L64_rep002.npz,0.5,64,36,0.9943708082534111,1.0945784518054458,4.222248722163531,3.9613152804642167
c0_L64_rep002.npz,0.5,64,44,1.0039751170847677,1.1268857858826353,4.245235371126569,3.9844357976653697
c0_L64_rep002.npz,0.5,64,55,1.021952987470229,1.156834097111669,4.287164464136801,4.0434353405725565
c0_L64_rep002.npz,0.5,64,68,1.0563635126090458,1.183730909066276,4.368033238083428,4.154158215010142
c0_L64_rep002.npz,0.5,64,84,1.1002038518128838,1.2276785256979348,4.480970308897655,4.289005235602095
c0_L64_rep002.npz,0.5,64,103,1.1618181243880097,1.2698269248811362,4.635076024059366,4.501098901098901
c0_L64_rep002.npz,0.5,64,127,1.220749794012634,1.3344882794386157,4.760273801274838,4.6811428571428575
c0_L64_rep002.npz,0.5,64,157,1.27591557458264,1.405052618024079,4.872625584575861,4.830188679245283
c0_L64_rep002.npz,0.5,64,194,1.3554765886287625,1.466569416845117,5.092879524612316,5.1651954602774275
c0_L64_rep002.npz,0.5,64,239,1.3983762162834315,1.5278242177578105,5.155314927332944,5.2445582586427655
c0_L64_rep002.npz,0.5,64,296,1.4545149378986237,1.5838550780234246,5.289880019329441,5.446808510638298
c0_L64_rep002.npz,0.5,64,365,1.5108198085726174,1.6501443277735408,5.427941473374217,5.626373626373627
c0_L64_rep002.npz,0.5,64,451,1.5608844848379357,1.7152835466128922,5.535534005634468,5.777150916784203
c0_L64_rep002.npz,0.5,64,556,1.5973568341989395,1.7555498395647322,5.566677845440041,5.809929078014185
c0_L64_rep002.npz,0.5,64,687,1.6538406058420483,1.8095023634453782,5.687003084555673,5.962154294032024
c0_L64_rep002.npz,0.5,64,848,1.7211293903174112,1.8858744804495073,5.8952167536325355,6.291858678955453
c0_L64_rep002.npz,0.5,64,1047,1.7363880974992085,1.9050589588200935,5.882860105068102,6.253435114503817
c0_L64_rep002.npz,0.5,64,1292,1.8642006501928683,2.0202502551379506,6.216406524702967,6.781456953642384
c0_L64_rep002.npz,0.5,64,1595,1.9036912870725131,2.0721301850818454,6.29548350081414,6.884033613445379
c0_L64_rep002.npz,0.5,64,1970,1.9646724361386347,2.134380362291716,6.476247745826247,7.13588850174216
c0_L64_rep002.npz,0.5,64,2432,2.088653027739322,2.252527352344609,6.718636443778479,7.501831501831502
c0_L64_rep002.npz,0.5,64,3002,2.1458058849363195,2.3238056815291075,6.807970686112913,7.599257884972171
c0_L64_rep002.npz,0.5,64,3706,2.3004896657746396,2.4503537141471394,7.121276255876109,8.078895463510849
c0_L64_rep002.npz,0.5,64,4576,2.403179190751445,2.6117290718870745,7.245334376823016,8.14314115308151
c0_L64_rep002.npz,0.5,64,5649,2.6797761511947638,2.8511066084338044,7.842155214236417,9.183856502242152
c0_L64_rep002.npz,0.5,64,6974,2.7329931972789114,2.9311281848867594,8.001080644024572,9.351598173515981
c0_L64_rep002.npz,0.5,64,8610,2.7244734287282086,2.9341505619517543,7.865868442918115,8.982456140350877
c0_L64_rep002.npz,0.5,64,10629,2.8512036434612886,3.0680959622195383,8.13585639491995,9.37299771167048
c0_L64_rep002.npz,0.5,64,13122,3.071428571428571,3.248023342690309,8.577750163079779,10.138613861386139
c0_L64_rep002.npz,0.5,64,16200,3.280702290076336,3.5026750129729822,9.058197068547395,10.893617021276595
c0_L64_rep002.npz,0.5,64,20000,3.5634848484848485,3.705234145959812,9.680776107674795,11.736389684813753
c0_L64_rep003.npz,0.5,64,1,0.674629187267374,0.7979736328125,3.241871552700068,2.6982872200263506
c0_L64_rep003.npz,0.5,64,2,0.7171374764595104,0.8198675785668834,3.388477802535817,2.8683473389355743
c0_L64_rep003.npz,0.5,64,3,0.7509284886334067,0.8514754683883102,3.502143598492412,3.002932551319648
c0_L64_rep003.npz,0.5,64,4,0.779518362655494,0.883044175111531,3.5987666604405493,3.1171993911719937
c0_L64_rep003.npz,0.5,64,5,0.8081520264298536,0.9174090129573171,3.6812114704972467,3.230283911671924
c0_L64_rep003.npz,0.5,64,7,0.8258021654054166,0.9373658082721945,3.737731065453397,3.2952534191472242
c0_L64_rep003.npz,0.5,64,8,0.8261159227181878,0.9364546082526509,3.7435700273017782,3.303225806451613
c0_L64_rep003.npz,0.5,64,10,0.8548436999149861,0.9689528263524526,3.8363821600972887,3.4190317195325544
c0_L64_rep003.npz,0.5,64,13,0.8898122871016838,1.0114947716089002,3.9396549172989648,3.558644656820156
c0_L64_rep003.npz,0.5,64,15,0.9054791093319989,1.0342324183000304,3.9860316696562146,3.62157382847038
c0_L64_rep003.npz,0.5,64,19,0.9168007899917282,1.0500325520833333,4.028072625955446,3.666965085049239
c0_L64_rep003.npz,0.5,64,24,0.942938542938543,1.0656014737215909,4.1031678450200735,3.7716390423572745
c0_L64_rep003.npz,0.5,64,29,0.9827581125291049,1.1075335533516926,4.217205463716721,3.930902111324376
c0_L64_rep003.npz,0.5,64,36,0.9981650029359952,1.1375432222454804,4.251015019652948,3.9805636540330416
c0_L64_rep003.npz,0.5,64,44,1.0367810664148165,1.1734694964189893,4.3371859656397165,4.104208416833667
c0_L64_rep003.npz,0.5,64,55,1.0871882175944254,1.2081080727521167,4.454831803987754,4.257796257796258
c0_L64_rep003.npz,0.5,64,68,1.1361839741286381,1.2523994171190336,4.56741654634577,4.413793103448276
c0_L64_rep003.npz,0.5,64,84,1.1673267739514717,1.2838369710034507,4.635264322667204,4.506050605060506
c0_L64_rep003.npz,0.5,64,103,1.2016461969403145,1.3172313968759894,4.702733673706537,4.612612612612613
c0_L64_rep003.npz,0.5,64,127,1.2363636363636363,1.3420657711429196,4.795669982738288,4.7407407407407405
c0_L64_rep003.npz,0.5,64,157,1.2639044043585752,1.3745690149104832,4.850664798435449,4.818823529411764
c0_L64_rep003.npz,0.5,64,194,1.2993245627793897,1.4117818196614582,4.925775977791482,4.917166866746698
c0_L64_rep003.npz,0.5,64,239,1.350276270845891,1.460414671335593,5.057777562092698,5.100871731008717
c0_L64_rep003.npz,0.5,64,296,1.4213092508047378,1.5255687697013334,5.227434071528625,5.3542483660130715
c0_L64_rep003.npz,0.5,64,365,1.48509009009009,1.5909566243489583,5.366201017489251,5.572789115646258
c0_L64_rep003.npz,0.5,64,451,1.5032957813998082,1.6252551279849958,5.407045375180812,5.580381471389646
c0_L64_rep003.npz,0.5,64,556,1.5432015429122465,1.6721415084144453,5.5047175042813645,5.7366946778711485
c0_L64_rep003.npz,0.5,64,687,1.6181526104417672,1.7496535338162102,5.647655333223502,5.927641099855282
c0_L64_rep003.npz,0.5,64,848,1.7048979591836735,1.8510799632352941,5.903964910369042,6.3015384615384615
c0_L64_rep003.npz,0.5,64,1047,1.7481684981684982,1.8933777261264808,5.936387116908427,6.311248073959939
c0_L64_rep003.npz,0.5,64,1292,1.8551293667572737,2.019446819698752,6.215779461507553,6.7368421052631575
c0_L64_rep003.npz,0.5,64,1595,1.9218522770761577,2.0731560297650367,6.332019070865437,6.965986394557823
c0_L64_rep003.npz,0.5,64,1970,1.9832207207207206,2.1709359975961537,6.398261992905672,7.001709401709402
c0_L64_rep003.npz,0.5,64,2432,2.100586410778327,2.2888771339699074,6.728036998961217,7.4881170018281535
c0_L64_rep003.npz,0.5,64,3002,2.2183085919928027,2.3961044020547293,6.902308316703844,7.6992481203007515
c0_L64_rep003.npz,0.5,64,3706,2.401798583693677,2.5922555511575998,7.285472687341698,8.308316430020284
c0_L64_rep003.npz,0.5,64,4576,2.4547237996902425,2.659265319872417,7.361620028609957,8.39344262295082
c0_L64_rep003.npz,0.5,64,5649,2.6132124352331605,2.800975804422286,7.642585332288002,8.865800865800866
c0_L64_rep003.npz,0.5,64,6974,2.6060060387791477,2.771580277602413,7.662348473499202,8.808602150537634
c0_L64_rep003.npz,0.5,64,8610,2.765938069216758,2.9541816978187825,8.024446235782134,9.394495412844037
c0_L64_rep003.npz,0.5,64,10629,2.844154364862402,3.028468566009964,8.092576529560576,9.37299771167048
c0_L64_rep003.npz,0.5,64,13122,3.1322204968944094,3.262953851744186,8.443606423188125,9.91767554479419
c0_L64_rep003.npz,0.5,64,16200,3.294642857142857,3.484078739466292,8.937013634342536,10.61139896373057
c0_L64_rep003.npz,0.5,64,20000,3.337068965517241,3.5312851665606146,8.997746095419735,10.583979328165375
c0_L96_rep000.npz,0.5,96,1,0.6651150514672362,0.7656241231762064,3.1972087686836668,2.6597402597402597
c0_L96_rep000.npz,0.5,96,2,0.7147733308699566,0.809016532480453,3.3732218084326626,2.858560794044665
c0_L96_rep000.npz,0.5,96,3,0.7337591525159681,0.836452250368266,3.436296793095943,2.9350318471337578
c0_L96_rep000.npz,0.5,96,4,0.7579157317377211,0.867937992872308,3.5126125620445774,3.031578947368421
c0_L96_rep000.npz,0.5,96,5,0.7757607418048844,0.8804366943536673,3.5759075709155677,3.103030303030303
c0_L96_rep000.npz,0.5,96,7,0.8087272268503367,0.9204328777896487,3.676902521226913,3.234819234819235
c0_L96_rep000.npz,0.5,96,8,0.8252864679954859,0.9360974667229365,3.7295410111402303,3.3008595988538683
c0_L96_rep000.npz,0.5,96,10,0.8508198330878742,0.9594198305007309,3.813861105247805,3.403249630723781
c0_L96_rep000.npz,0.5,96,13,0.874398539903766,0.9862848050128205,3.8846522382028676,3.4975332068311196
c0_L96_rep000.npz,0.5,96,15,0.881408320103404,0.9946079011334952,3.9064607877770077,3.525631216526396
c0_L96_rep000.npz,0.5,96,19,0.9121145860498703,1.0312820365570405,3.9999312159296982,3.6484560570071256
c0_L96_rep000.npz,0.5,96,24,0.9431218633380515,1.063801391624572,4.098251569381605,3.7724109701187065
c0_L96_rep000.npz,0.5,96,29,0.972576299696369,1.0970330822534278,4.1730985855525855,3.8902490502321654
c0_L96_rep000.npz,0.5,96,36,0.9914301267594677,1.1201364743524267,4.232200712557522,3.9655765920826163
c0_L96_rep000.npz,0.5,96,44,1.0241331739448052,1.1485756903104098,4.31382603134037,4.0688741721854305
c0_L96_rep000.npz,0.5,96,55,1.0799880561361594,1.187117637772599,4.429929142209851,4.2391904323827045
c0_L96_rep000.npz,0.5,96,68,1.1242771116198589,1.2246937077782498,4.523041665655991,4.380228136882129
c0_L96_rep000.npz,0.5,96,84,1.131684515718681,1.2428746043170589,4.540458840408715,4.394849785407725
c0_L96_rep000.npz,0.5,96,103,1.159139945686025,1.2662203592514385,4.610830045333347,4.478134110787172
c0_L96_rep000.npz,0.5,96,127,1.21101675499567,1.3127807807022176,4.730044926532514,4.6568974229408795
c0_L96_rep000.npz,0.5,96,157,1.2523521576050753,1.3529117688229975,4.817870777517889,4.792511700468019
c0_L96_rep000.npz,0.5,96,194,1.2901712649053072,1.3924442228132388,4.913721484206027,4.9152
c0_L96_rep000.npz,0.5,96,239,1.314038735091366,1.4249511335702376,4.960283143432418,4.976241900647948
c0_L96_rep000.npz,0.5,96,296,1.3676906020447963,1.46717104080366,5.103783850314621,5.189189189189189
c0_L96_rep000.npz,0.5,96,365,1.4190537412684407,1.528267104636845,5.221317818486911,5.34570765661253
c0_L96_rep000.npz,0.5,96,451,1.4766134752554196,1.5904478529017378,5.347962397104417,5.5318127250900355
c0_L96_rep000.npz,0.5,96,556,1.5130542317669056,1.6299684256715505,5.402845591725574,5.595628415300546
c0_L96_rep000.npz,0.5,96,687,1.5979762307297336,1.7081896441144893,5.622749027619738,5.945806451612903
c0_L96_rep000.npz,0.5,96,848,1.6347319727891152,1.7705744750705459,5.688226399613538,6.003908794788274
c0_L96_rep000.npz,0.5,96,1047,1.6993322893684395,1.829817639993208,5.8280745037072625,6.206060606060606
c0_L96_rep000.npz,0.5,96,1292,1.7442018749197374,1.8889454695217296,5.995318510147111,6.476458186929023
c0_L96_rep000.npz,0.5,96,1595,1.8340379341864717,1.9880685805508849,6.16221449430763,6.673425054308471
c0_L96_rep000.npz,0.5,96,1970,1.9188593800743328,2.0964198225111543,6.337799843357368,6.893044128646223
c0_L96_rep000.npz,0.5,96,2432,2.042408382099743,2.2045964460243974,6.60313872776233,7.291139240506329
c0_L96_rep000.npz,0.5,96,3002,2.157589750554574,2.327426964331928,6.813126546142912,7.622828784119106
c0_L96_rep000.npz,0.5,96,3706,2.2848108640306664,2.4560007814826568,7.097820559836771,8.048908296943232
c0_L96_rep000.npz,0.5,96,4576,2.367646689282573,2.5588632433818046,7.208368852656827,8.148541114058355
c0_L96_rep000.npz,0.5,96,5649,2.479769782189136,2.6845818992525867,7.527512558926711,8.653521126760564
c0_L96_rep000.npz,0.5,96,6974,2.581538461538461,2.8133820200648563,7.693627316369365,8.870067372473532
c0_L96_rep000.npz,0.5,96,8610,2.745527222250783,3.0032912199509383,7.927952808802726,9.124752475247524
c0_L96_rep000.npz,0.5,96,10629,3.027136498824899,3.274795586269822,8.421043342027804,9.87781350482315
c0_L96_rep000.npz,0.5,96,13122,3.232125395455853,3.412985702695818,8.878029330230138,10.666666666666666
c0_L96_rep000.npz,0.5,96,16200,3.330860358709402,3.5568690914959182,9.134125701829593,10.99761336515513
c0_L96_rep000.npz,0.5,96,20000,3.457470758087407,3.6749056071167496,9.310260213259294,11.252747252747254
c0_L96_rep001.npz,0.5,96,1,0.6695773791425965,0.7539933268229166,3.2286457074614203,2.678291194420227
c0_L96_rep001.npz,0.5,96,2,0.706101931790005,0.7969508789821289,3.344388309772652,2.824394728777199
c0_L96_rep001.npz,0.5,96,3,0.7328389586161823,0.8244909673842549,3.4364110457030304,2.931297709923664
c0_L96_rep001.npz,0.5,96,4,0.7551804955021154,0.8534004550959695,3.510370827152088,3.0206489675516224
c0_L96_rep001.npz,0.5,96,5,0.7682753050554071,0.8692544774324757,3.5535734722863572,3.073024341447149
c0_L96_rep001.npz,0.5,96,7,0.7991791681184583,0.9020431726822435,3.6576736318850323,3.1966701352757547
c0_L96_rep001.npz,0.5,96,8,0.8101265822784809,0.9161543301243213,3.6894179732229757,3.240506329113924
c0_L96_rep001.npz,0.5,96,10,0.8369079549448843,0.9368999454270259,3.7773835879151383,3.3476207773338174
c0_L96_rep001.npz,0.5,96,13,0.8621006693446422,0.9676053999767164,3.8578425587911087,3.4478114478114477
c0_L96_rep001.npz,0.5,96,15,0.874595046865654,0.9811121088715061,3.8970835035316687,3.4975332068311196
c0_L96_rep001.npz,0.5,96,19,0.8975851393188853,1.009936112974918,3.9624402353654617,3.5901830931047916
c0_L96_rep001.npz,0.5,96,24,0.9216212341532346,1.04185525807924,4.033327283622453,3.6864
c0_L96_rep001.npz,0.5,96,29,0.9525184577522559,1.0760408149234832,4.126646719845862,3.8098387763538653
c0_L96_rep001.npz,0.5,96,36,0.9734342424675135,1.0991838815285362,4.195785816019033,3.893536121673004
c0_L96_rep001.npz,0.5,96,44,0.9985684793377099,1.1308449477394789,4.259038466676909,3.979274611398964
c0_L96_rep001.npz,0.5,96,55,1.0324623187162378,1.1694959199028208,4.341622887759003,4.090545938748336
c0_L96_rep001.npz,0.5,96,68,1.0949820434577942,1.2189657510074228,4.468923559441662,4.274582560296846
c0_L96_rep001.npz,0.5,96,84,1.139704103845843,1.251788776223989,4.583404773164868,4.422264875239923
c0_L96_rep001.npz,0.5,96,103,1.1738683470402407,1.2859343785673514,4.655559233748724,4.528746928746929
c0_L96_rep001.npz,0.5,96,127,1.211466902006757,1.3157538133250348,4.756494361275827,4.66632911392405
c0_L96_rep001.npz,0.5,96,157,1.2503181029496815,1.3599293993913353,4.822999339527024,4.770186335403727
c0_L96_rep001.npz,0.5,96,194,1.2844722540852587,1.399909538967099,4.906536229170576,4.876190476190477
c0_L96_rep001.npz,0.5,96,239,1.3481965838793109,1.4627527229379562,5.059548905010691,5.09171270718232
c0_L96_rep001.npz,0.5,96,296,1.4017368897281557,1.5276111248990438,5.165065482401147,5.233390119250426
c0_L96_rep001.npz,0.5,96,365,1.4680172082971454,1.5908252866162638,5.3328320858182385,5.479191438763377
c0_L96_rep001.npz,0.5,96,451,1.5179509682783463,1.6429542998127435,5.4561613059024605,5.66789667896679
c0_L96_rep001.npz,0.5,96,556,1.55657798923472,1.6910187406339499,5.529940435155162,5.770820288040075
c0_L96_rep001.npz,0.5,96,687,1.6251265565146593,1.7632484647469977,5.696919802176766,6.019595035924232
c0_L96_rep001.npz,0.5,96,848,1.6884077405512457,1.8336830671491193,5.800415278076204,6.135818908122504
c0_L96_rep001.npz,0.5,96,1047,1.7585237258347974,1.9003282083417168,5.955208661980504,6.347107438016528
c0_L96_rep001.npz,0.5,96,1292,1.827911275415896,2.000010492047693,6.150369881678055,6.634989200863931
c0_L96_rep001.npz,0.5,96,1595,1.9369244806288597,2.0986632467942856,6.412181875559815,7.067484662576687
c0_L96_rep001.npz,0.5,96,1970,1.9923107126496946,2.195076650670808,6.503213866980244,7.116602316602317
c0_L96_rep001.npz,0.5,96,2432,2.0876846265862277,2.2834200011022925,6.681629104882345,7.3728
c0_L96_rep001.npz,0.5,96,3002,2.240521003818875,2.4151622770317713,7.059175860791883,7.96542783059637
c0_L96_rep001.npz,0.5,96,3706,2.3685972740794696,2.5415626440294092,7.2683237651721,8.2432915921288
c0_L96_rep001.npz,0.5,96,4576,2.50084175084175,2.670857768839893,7.51507430276306,8.629213483146067
c0_L96_rep001.npz,0.5,96,5649,2.620774565800209,2.810141408467848,7.752791853044871,8.973709834469329
c0_L96_rep001.npz,0.5,96,6974,2.638914186875639,2.835656122513549,7.83859931310451,9.11572700296736
c0_L96_rep001.npz,0.5,96,8610,2.897146358543416,3.0548420362645095,8.3157753966054,9.85668449197861
c0_L96_rep001.npz,0.5,96,10629,2.965183557630686,3.1495344629328996,8.402217651399349,9.867237687366167
c0_L96_rep001.npz,0.5,96,13122,3.1641271765126007,3.337839315650222,8.785610485762998,10.472727272727273
c0_L96_rep001.npz,0.5,96,16200,3.284482758620689,3.513419417035376,8.960942427714901,10.64203233256351
c0_L96_rep001.npz,0.5,96,20000,3.5117013184584165,3.7097930574707223,9.413937764779234,11.448447204968945
c0_L96_rep002.npz,0.5,96,1,0.6722667102467723,0.7737979393746599,3.2222975156974587,2.688448074679113
c0_L96_rep002.npz,0.5,96,2,0.7167356758526677,0.8225218072493224,3.3743277039440396,2.8665629860031103
c0_L96_rep002.npz,0.5,96,3,0.7470280059830848,0.8491306192246775,3.4834316454259384,2.987358184764992
c0_L96_rep002.npz,0.5,96,4,0.7701911319904754,0.8706960230047485,3.5601328134219052,3.0802139037433154
c0_L96_rep002.npz,0.5,96,5,0.78979561628773,0.8901040654786083,3.623366480447642,3.15832762165867
c0_L96_rep002.npz,0.5,96,7,0.8233639447340115,0.9278588271964118,3.730111642489717,3.292604501607717
c0_L96_rep002.npz,0.5,96,8,0.840940431254782,0.9438842241540712,3.7838582054564425,3.3635036496350366
c0_L96_rep002.npz,0.5,96,10,0.8570214874862825,0.971848346328428,3.8284061961696514,3.4260223048327134
c0_L96_rep002.npz,0.5,96,13,0.8838557325793015,0.9987664886869466,3.9126154752977724,3.535097813578826
c0_L96_rep002.npz,0.5,96,15,0.8916494133885435,1.0176446916206725,3.9325454612522637,3.5665634674922604
c0_L96_rep002.npz,0.5,96,19,0.9217510196870653,1.0472474677450117,4.027822830338342,3.6864
c0_L96_rep002.npz,0.5,96,24,0.9509237733668736,1.0751574736009784,4.115955558404303,3.8035493190260006
c0_L96_rep002.npz,0.5,96,29,0.9704536587096082,1.0964603049180752,4.171302786163209,3.8804210526315788
c0_L96_rep002.npz,0.5,96,36,0.992259840270642,1.1240017591940377,4.233825028650606,3.9689922480620154
c0_L96_rep002.npz,0.5,96,44,1.0197411042794797,1.1495931748869157,4.299402465682234,4.056338028169014
c0_L96_rep002.npz,0.5,96,55,1.0686504777070058,1.1931436992112672,4.407952491139687,4.1986332574031895
c0_L96_rep002.npz,0.5,96,68,1.0989640600811676,1.2283210942194676,4.471145899002397,4.2845188284518825
c0_L96_rep002.npz,0.5,96,84,1.1347546652746963,1.249426586081945,4.554756380333707,4.4032489249880555
c0_L96_rep002.npz,0.5,96,103,1.1953537654587354,1.2975819223231366,4.691087853369981,4.603396603396603
c0_L96_rep002.npz,0.5,96,127,1.2342074134194458,1.338414442113343,4.77626293715917,4.731006160164271
c0_L96_rep002.npz,0.5,96,157,1.2712724774353745,1.3678090336095838,4.8734627776275135,4.865892291446674
c0_L96_rep002.npz,0.5,96,194,1.2868306991812963,1.392224857762022,4.915251199202453,4.902127659574468
c0_L96_rep002.npz,0.5,96,239,1.325282135975777,1.4348188520551797,5.010270153031931,5.025081788440567
c0_L96_rep002.npz,0.5,96,296,1.3951249222475632,1.493660695089332,5.1757087512270035,5.281375358166189
c0_L96_rep002.npz,0.5,96,365,1.449022218541891,1.5564486039702938,5.295063593325051,5.433962264150943
c0_L96_rep002.npz,0.5,96,451,1.4892202585501548,1.598697737954855,5.388017622987058,5.565217391304348
c0_L96_rep002.npz,0.5,96,556,1.5145653234508791,1.6394322562303898,5.434769567256991,5.61266747868453
c0_L96_rep002.npz,0.5,96,687,1.5805983444934886,1.7093251980947288,5.603503442503999,5.862595419847328
c0_L96_rep002.npz,0.5,96,848,1.6626364140165397,1.7876400403148622,5.793919974803221,6.168674698795181
c0_L96_rep002.npz,0.5,96,1047,1.7245102133138457,1.8564319977947275,5.916937063845155,6.325326012354153
c0_L96_rep002.npz,0.5,96,1292,1.7387432915921281,1.8881963459589728,5.93498839554849,6.355862068965517
c0_L96_rep002.npz,0.5,96,1595,1.7863327149041432,1.9412027173177513,6.0386816636786484,6.485573539760732
c0_L96_rep002.npz,0.5,96,1970,1.9274496745225251,2.0865571741061677,6.359711545949441,6.960725075528701
c0_L96_rep002.npz,0.5,96,2432,1.9999999999999996,2.1487834956554153,6.534094342992763,7.183164458300858
c0_L96_rep002.npz,0.5,96,3002,2.10288287127437,2.257834185598404,6.784412337606274,7.629139072847682
c0_L96_rep002.npz,0.5,96,3706,2.2049710138794847,2.3533324465902465,6.957762259779482,7.843404255319149
c0_L96_rep002.npz,0.5,96,4576,2.2673387096774187,2.438424017798556,7.066101102847885,7.972318339100346
c0_L96_rep002.npz,0.5,96,5649,2.4155472710416785,2.6165690757143656,7.354975309577245,8.401093892433911
c0_L96_rep002.npz,0.5,96,6974,2.610737951807228,2.8120957410922722,7.720260195300939,8.870067372473532
c0_L96_rep002.npz,0.5,96,8610,2.741134087763575,2.9479250480099655,7.981823511139547,9.29032258064516
c0_L96_rep002.npz,0.5,96,10629,3.007280014914242,3.2080421432784423,8.527328578967722,10.138613861386139
c0_L96_rep002.npz,0.5,96,13122,3.1418810803891435,3.357004553690313,8.823844695856643,10.654335260115607
c0_L96_rep002.npz,0.5,96,16200,3.2509073554712344,3.456464013001437,8.927021672871408,10.753792298716451
c0_L96_rep002.npz,0.5,96,20000,3.4882671480144394,3.661163162956938,9.228482503816371,11.143893591293834
c0_L96_rep003.npz,0.5,96,1,0.6700140769773621,0.7606694202257482,3.224783330292284,2.6790697674418604
c0_L96_rep003.npz,0.5,96,2,0.710303395234902,0.8042426215277778,3.3624123103171772,2.8409371146732427
c0_L96_rep003.npz,0.5,96,3,0.7437431229368809,0.8493774147162592,3.4682978672906004,2.974822466107166
c0_L96_rep003.npz,0.5,96,4,0.762474457110943,0.8639872568745808,3.5356167192871855,3.0496360026472535
c0_L96_rep003.npz,0.5,96,5,0.7877410142446093,0.8878431260082988,3.6135574922570055,3.1507692307692308
c0_L96_rep003.npz,0.5,96,7,0.8234520497551328,0.9245966744587567,3.728512138426176,3.2937812723373834
c0_L96_rep003.npz,0.5,96,8,0.8366454310561704,0.9389380105209084,3.7680548694298825,3.34640522875817
c0_L96_rep003.npz,0.5,96,10,0.8534251145802236,0.9609156322153989,3.8266844148386747,3.4133333333333336
c0_L96_rep003.npz,0.5,96,13,0.8695664058495914,0.9851013649872729,3.865791045413093,3.4764239909468126
c0_L96_rep003.npz,0.5,96,15,0.8747109769957281,0.9955744104278955,3.8873795085553726,3.4975332068311196
c0_L96_rep003.npz,0.5,96,19,0.9085263912108905,1.024419667695002,3.990020878622315,3.634069400630915
c0_L96_rep003.npz,0.5,96,24,0.9358399721249939,1.0506772893764877,4.0748973629478025,3.743298131600325
c0_L96_rep003.npz,0.5,96,29,0.9568640977968793,1.0778959026045993,4.142035923859827,3.8272425249169437
c0_L96_rep003.npz,0.5,96,36,0.9850667696141224,1.112430478084663,4.22289820552032,3.9401453612654977
c0_L96_rep003.npz,0.5,96,44,0.99607840644743,1.129861219735035,4.256438733156864,3.982713915298185
c0_L96_rep003.npz,0.5,96,55,1.039866864594429,1.1648259597597803,4.35344572560159,4.114285714285715
c0_L96_rep003.npz,0.5,96,68,1.0802770439060403,1.204604109803039,4.441629611004967,4.233348644924208
c0_L96_rep003.npz,0.5,96,84,1.1430301923252557,1.2524162756785455,4.580463865896074,4.435033686236766
c0_L96_rep003.npz,0.5,96,103,1.1808262037986677,1.281930590504754,4.672978468745747,4.562376237623762
c0_L96_rep003.npz,0.5,96,127,1.198133585748264,1.309297616491444,4.701828417373193,4.601098352471293
c0_L96_rep003.npz,0.5,96,157,1.231024155884469,1.3430256837234396,4.7881911031732844,4.711656441717791
c0_L96_rep003.npz,0.5,96,194,1.2963932617165503,1.413999974578016,4.93323590061222,4.925708177445217
c0_L96_rep003.npz,0.5,96,239,1.327189332699318,1.4452310243831756,4.990944783486529,5.011419249592169
c0_L96_rep003.npz,0.5,96,296,1.3687720990035355,1.4693811642906685,5.119299214548613,5.203839638622248
c0_L96_rep003.npz,0.5,96,365,1.4202411137967375,1.5306158171973712,5.221425594104049,5.3364215402431965
c0_L96_rep003.npz,0.5,96,451,1.4670922560742188,1.5948076566293037,5.324070005919011,5.479191438763377
c0_L96_rep003.npz,0.5,96,556,1.521041435442101,1.6453414964757709,5.457123605666508,5.660933660933661
c0_L96_rep003.npz,0.5,96,687,1.5868407999631822,1.7100806307521879,5.595956024591042,5.8700636942675155
c0_L96_rep003.npz,0.5,96,848,1.6381187758144327,1.7770856503195345,5.685338134601072,5.976653696498055
c0_L96_rep003.npz,0.5,96,1047,1.7240874838101963,1.8771124425638812,5.9169994398302235,6.3123287671232875
c0_L96_rep003.npz,0.5,96,1292,1.7847166761438051,1.9403456578750053,6.035459303517064,6.4628330995792425
c0_L96_rep003.npz,0.5,96,1595,1.9025087937099108,2.0617725456274973,6.322679568271514,6.918918918918919
c0_L96_rep003.npz,0.5,96,1970,2.0089883576163388,2.1575773314211197,6.56811127069348,7.308485329103886
c0_L96_rep003.npz,0.5,96,2432,2.054788502573114,2.2152745362181165,6.633889969132966,7.325914149443562
c0_L96_rep003.npz,0.5,96,3002,2.1571428571428566,2.307070487573261,6.842722905354106,7.686405337781484
c0_L96_rep003.npz,0.5,96,3706,2.2493975108117916,2.408040780593564,7.063697950252735,8.013913043478261
c0_L96_rep003.npz,0.5,96,4576,2.3640218372361224,2.5351985949124396,7.236618273167592,8.17746228926353
c0_L96_rep003.npz,0.5,96,5649,2.4888570550836127,2.678388456334889,7.480660535245553,8.565055762081784
c0_L96_rep003.npz,0.5,96,6974,2.6845608562600702,2.860948650889713,7.8540499243535296,9.124752475247524
c0_L96_rep003.npz,0.5,96,8610,2.877195121951219,3.0749211870769066,8.194891101919666,9.660377358490566
c0_L96_rep003.npz,0.5,96,10629,3.023239944629662,3.2461664760918305,8.358064631650974,9.835645677694771
c0_L96_rep003.npz,0.5,96,13122,3.0872740282425233,3.322482758214707,8.502489801994278,9.995661605206074
c0_L96_rep003.npz,0.5,96,16200,3.228680666514493,3.4892147422592776,8.794696921658483,10.437146092865232
c0_L96_rep003.npz,0.5,96,20000,3.3837358490566025,3.6569947457522325,9.08217267486542,10.932384341637011
c1_L32_rep000.npz,0.15,32,1,0.5881568528513546,0.6537622443259565,2.891905158678205,4.591928251121076
c1_L32_rep000.npz,0.15,32,2,0.6165682902378318,0.702782443011182,3.0054345575146093,4.807511737089202
c1_L32_rep000.npz,0.15,32,3,0.6277669270833333,0.6986171511863583,3.062233613377256,4.899521531100478
c1_L32_rep000.npz,0.15,32,4,0.6479760821197411,0.7289887396883388,3.1372932666208575,5.069306930693069
c1_L32_rep000.npz,0.15,32,5,0.6513475478935506,0.7297788362550031,3.152002274280389,5.0945273631840795
c1_L32_rep000.npz,0.15,32,7,0.6988037109375,0.7846742470714478,3.298350350191636,5.446808510638298
c1_L32_rep000.npz,0.15,32,8,0.7001788799579327,0.7779800599118016,3.3211031095717845,5.475935828877005
c1_L32_rep000.npz,0.15,32,10,0.6833111195734958,0.7716770600840541,3.2665127428388643,5.333333333333333
c1_L32_rep000.npz,0.15,32,13,0.7384112931991123,0.8658579654346839,3.44056697607079,5.752808988764045
c1_L32_rep000.npz,0.15,32,15,0.760594521799395,0.8637405486293264,3.5059484251237896,5.91907514450867
c1_L32_rep000.npz,0.15,32,19,0.7815777894325131,0.9076629456736278,3.575249833866687,6.095238095238095
c1_L32_rep000.npz,0.15,32,24,0.7744442979038246,0.8956629708221346,3.5638440342422806,6.059171597633136
c1_L32_rep000.npz,0.15,32,29,0.7857542400118671,0.9220238719508178,3.600364122093461,6.131736526946108
c1_L32_rep000.npz,0.15,32,36,0.8197985197368423,0.9678053419153712,3.6953138390267766,6.4
c1_L32_rep000.npz,0.15,32,44,0.8076533564814815,0.9563198399870005,3.6656667009525883,6.320987654320987
c1_L32_rep000.npz,0.15,32,55,0.8282329852764423,0.9844263154511167,3.7592430288670666,6.481012658227848
c1_L32_rep000.npz,0.15,32,68,0.8963315121762389,1.0409135230863684,3.9591216503902236,7.013698630136986
c1_L32_rep000.npz,0.15,32,84,0.9489120473775488,1.129450765593512,4.115337210245386,7.420289855072464
c1_L32_rep000.npz,0.15,32,103,1.0111303084935896,1.1874540063870376,4.2582933877127935,7.757575757575758
c1_L32_rep000.npz,0.15,32,127,0.9838138409514926,1.1475762244797998,4.217333670173071,7.6992481203007515
c1_L32_rep000.npz,0.15,32,157,0.976839151028329,1.1253158218856276,4.1743290188768185,7.5851851851851855
c1_L32_rep000.npz,0.15,32,194,1.0253814360601883,1.15978795036456,4.337385663631025,7.937984496124031
c1_L32_rep000.npz,0.15,32,239,0.942513385222326,1.1501439049256938,4.153133092733487,7.366906474820144
c1_L32_rep000.npz,0.15,32,296,1.1298056056356838,1.3105939501523083,4.533705451668565,8.462809917355372
c1_L32_rep000.npz,0.15,32,365,1.1685814267113095,1.3357292419849665,4.658527473811585,8.752136752136753
c1_L32_rep000.npz,0.15,32,451,1.2594669328067765,1.436784269632128,4.881536767865349,9.309090909090909
c1_L32_rep000.npz,0.15,32,556,1.3122288883159974,1.4611256364178962,4.910445900991559,9.481481481481481
c1_L32_rep000.npz,0.15,32,687,1.231101462790916,1.4624619005276331,4.7824106004899125,8.982456140350877
c1_L32_rep000.npz,0.15,32,848,1.3680257161458336,1.531085545231241,5.112705033064966,9.941747572815533
c1_L32_rep000.npz,0.15,32,1047,1.4781851632254464,1.7128350435023858,5.26485135903501,10.343434343434344
c1_L32_rep000.npz,0.15,32,1292,1.596488734654018,1.7741447993345556,5.544061857183627,11.252747252747254
c1_L32_rep000.npz,0.15,32,1595,1.543949962797619,1.721674335946609,5.398374245788266,10.666666666666666
c1_L32_rep000.npz,0.15,32,1970,1.6288115530303031,1.7592759167338716,5.670717450124903,11.636363636363637
c1_L32_rep000.npz,0.15,32,2432,1.5186390003284536,1.719315727457626,5.508845016738987,11.010752688172044
c1_L32_rep000.npz,0.15,32,3002,1.6702232442876346,1.8798144152923055,5.647649322342518,11.377777777777778
c1_L32_rep000.npz,0.15,32,3706,1.8783972537878788,2.0308930935046403,6.071104385125338,12.641975308641975
c1_L32_rep000.npz,0.15,32,4576,1.9242017341382573,2.0721997742450236,6.405907624357495,14.027397260273972
c1_L32_rep000.npz,0.15,32,5649,1.8189202724358975,2.087306547265648,5.92202280506534,12.047058823529412
c1_L32_rep000.npz,0.15,32,6974,1.8642679850260417,2.107433659865637,5.9649148835812715,12.19047619047619
c1_L32_rep000.npz,0.15,32,8610,1.8181849888392858,2.1767216902731787,5.956492353326531,11.906976744186046
c1_L32_rep000.npz,0.15,32,10629,2.2371349640708553,2.5063912547325415,6.8207258253889815,14.422535211267606
c1_L32_rep000.npz,0.15,32,13122,2.3372691761363633,2.5826085565087453,7.099746264823527,15.515151515151516
c1_L32_rep000.npz,0.15,32,16200,2.597314453125,2.7084646544338082,7.271966539026616,16.0
c1_L32_rep000.npz,0.15,32,20000,2.42987060546875,2.6942768216241078,6.887540125145898,14.422535211267606
c1_L32_rep001.npz,0.15,32,1,0.5895600656105382,0.6462012220514393,2.9365305845711918,4.612612612612613
c1_L32_rep001.npz,0.15,32,2,0.6408201445133315,0.7092479713484466,3.1101236808358808,4.995121951219512
c1_L32_rep001.npz,0.15,32,3,0.6444067630371801,0.713070142272264,3.1217064032504314,5.019607843137255
c1_L32_rep001.npz,0.15,32,4,0.6565628449919712,0.7693432243977771,3.176491238743282,5.12
c1_L32_rep001.npz,0.15,32,5,0.6579019836832929,0.7691393307257595,3.191069594399907,5.1457286432160805
c1_L32_rep001.npz,0.15,32,7,0.703521361514223,0.8305706483710256,3.3265245804629013,5.505376344086022
c1_L32_rep001.npz,0.15,32,8,0.7074284280380524,0.8210975631190955,3.350443785699947,5.535135135135135
c1_L32_rep001.npz,0.15,32,10,0.7230707046516243,0.869418981999801,3.4059435243034213,5.657458563535911
c1_L32_rep001.npz,0.15,32,13,0.743504213483146,0.9434023764851149,3.4640679286787446,5.818181818181818
c1_L32_rep001.npz,0.15,32,15,0.756324945494186,0.9936105212681663,3.5118119863673316,5.91907514450867
c1_L32_rep001.npz,0.15,32,19,0.812109375,0.968927917617135,3.672846203262766,6.320987654320987
c1_L32_rep001.npz,0.15,32,24,0.814208984375,0.9671047081809474,3.6965122668752293,6.3602484472049685
c1_L32_rep001.npz,0.15,32,29,0.8497526964195344,0.9992062433319724,3.802552771938655,6.64935064935065
c1_L32_rep001.npz,0.15,32,36,0.850182950949367,1.0013718321907978,3.812881664096059,6.64935064935065
c1_L32_rep001.npz,0.15,32,44,0.8904378255208334,1.0312453669228638,3.9317453009778123,6.965986394557823
c1_L32_rep001.npz,0.15,32,55,0.8910978980378984,1.0463138517448187,3.9483377467019154,6.965986394557823
c1_L32_rep001.npz,0.15,32,68,0.9489120473775488,1.0917032701456528,4.119795596336936,7.420289855072464
c1_L32_rep001.npz,0.15,32,84,0.8554912860576923,1.032590989365639,3.843358750657742,6.69281045751634
c1_L32_rep001.npz,0.15,32,103,0.8855083626760563,1.06622919555301,3.9329935156737994,6.918918918918919
c1_L32_rep001.npz,0.15,32,127,0.959426011496443,1.1539952530387423,4.157564759894842,7.474452554744525
c1_L32_rep001.npz,0.15,32,157,0.9838138409514926,1.1964350643519555,4.2451290918136575,7.6992481203007515
c1_L32_rep001.npz,0.15,32,194,1.091280367524917,1.2898192637777093,4.461358865066752,8.258064516129032
c1_L32_rep001.npz,0.15,32,239,1.0622128893375082,1.2830324645550757,4.446121605583201,8.126984126984127
c1_L32_rep001.npz,0.15,32,296,1.2022380706434532,1.400483402706694,4.714323836186521,8.904347826086957
c1_L32_rep001.npz,0.15,32,365,1.218284283737163,1.484527572523262,4.762061388188178,8.982456140350877
c1_L32_rep001.npz,0.15,32,451,1.2237399961890243,1.4462732668842297,4.803532906890774,9.061946902654867
c1_L32_rep001.npz,0.15,32,556,1.2157110724005256,1.4216129141826204,4.758435100324668,8.904347826086957
c1_L32_rep001.npz,0.15,32,687,1.286840373168498,1.4799910514187111,4.918699019618041,9.309090909090909
c1_L32_rep001.npz,0.15,32,848,1.3933186848958334,1.7598652025955366,5.00059934180159,9.394495412844037
c1_L32_rep001.npz,0.15,32,1047,1.5050313484768907,1.7409936733599856,5.466980102003825,10.666666666666666
c1_L32_rep001.npz,0.15,32,1292,1.6473825330385532,1.8934765198134003,5.908971539721991,12.047058823529412
c1_L32_rep001.npz,0.15,32,1595,1.8609971083603896,2.0784377967129855,6.158080277000578,12.8
c1_L32_rep001.npz,0.15,32,1970,1.870184326171875,2.118472846704643,6.005897338485051,12.337349397590362
c1_L32_rep001.npz,0.15,32,2432,1.9867975144159227,2.1954700913803347,6.354765011449847,13.653333333333334
c1_L32_rep001.npz,0.15,32,3002,1.6700368406911377,2.1143226678733145,5.575982342287223,10.893617021276595
c1_L32_rep001.npz,0.15,32,3706,2.0184074070142666,2.5133819853916837,6.7117605557456335,14.422535211267606
c1_L32_rep001.npz,0.15,32,4576,2.261692592075893,2.7997760327181793,6.702135675236956,13.653333333333334
c1_L32_rep001.npz,0.15,32,5649,2.4567835711050723,3.0083945233780227,7.247217765458535,15.283582089552239
c1_L32_rep001.npz,0.15,32,6974,2.9199381510416664,3.822261560904048,7.821882373104183,16.78688524590164
c1_L32_rep001.npz,0.15,32,8610,3.958827039930555,4.233704171700632,8.567999024816068,18.962962962962962
c1_L32_rep001.npz,0.15,32,10629,4.316725388071895,4.668752243646016,9.226575747469903,20.48
c1_L32_rep001.npz,0.15,32,13122,4.232660590277778,nan,9.460017525238658,21.78723404255319
c1_L32_rep001.npz,0.15,32,16200,3.7395113431490383,4.268933163172286,9.25938292613079,20.897959183673468
c1_L32_rep001.npz,0.15,32,20000,4.159817325367647,4.33570992089732,8.979641512254569,19.32075471698113
c1_L32_rep002.npz,0.15,32,1,0.6149357175364077,0.6768652601426297,3.036985269028233,4.807511737089202
c1_L32_rep002.npz,0.15,32,2,0.638623046875,0.7225808421749956,3.106612929476564,4.995121951219512
c1_L32_rep002.npz,0.15,32,3,0.6356841465212264,0.7191682776185739,3.1044556319358074,4.970873786407767
c1_L32_rep002.npz,0.15,32,4,0.6400861008197307,0.722107211955609,3.1179052045814473,4.995121951219512
c1_L32_rep002.npz,0.15,32,5,0.65419921875,0.7443442301489561,3.160173239520645,5.12
c1_L32_rep002.npz,0.15,32,7,0.6755810094618333,0.837804291485403,3.225969428634962,5.278350515463917
c1_L32_rep002.npz,0.15,32,8,0.689853766025641,0.801598779934246,3.265132354708617,5.389473684210526
c1_L32_rep002.npz,0.15,32,10,0.7311542217548077,0.8449445032338352,3.419008709909992,5.720670391061453
c1_L32_rep002.npz,0.15,32,13,0.7311542217548077,0.8973066248810456,3.423856267153643,5.720670391061453
c1_L32_rep002.npz,0.15,32,15,0.743504213483146,0.9400067059145121,3.458156345043078,5.818181818181818
c1_L32_rep002.npz,0.15,32,19,0.7723185221354165,1.0041242673230144,3.552056943644316,6.023529411764706
c1_L32_rep002.npz,0.15,32,24,0.8334086120070594,0.997786056265505,3.80051284730974,6.522292993630574
c1_L32_rep002.npz,0.15,32,29,0.8388548259493671,0.9932492849828999,3.8244081700103494,6.564102564102564
c1_L32_rep002.npz,0.15,32,36,0.8374859535530823,1.005215706832928,3.7864852547193446,6.522292993630574
c1_L32_rep002.npz,0.15,32,44,0.7988732083023082,0.9810691065842838,3.6719072275914755,6.2439024390243905
c1_L32_rep002.npz,0.15,32,55,0.8282329852764423,1.0165738910425062,3.744466429230153,6.481012658227848
c1_L32_rep002.npz,0.15,32,68,0.8509010108741555,1.0589135348919956,3.840507371331637,6.64935064935065
c1_L32_rep002.npz,0.15,32,84,0.9347610800673606,1.1267929884137455,4.105687996958539,7.314285714285714
c1_L32_rep002.npz,0.15,32,103,0.9933293706771023,1.2282664929730958,4.265538686949741,7.757575757575758
c1_L32_rep002.npz,0.15,32,127,0.9875697544642856,1.2373959546286677,4.236196374396571,7.641791044776119
c1_L32_rep002.npz,0.15,32,157,1.0763590494791666,1.3328786863899817,4.447168832082951,8.192
c1_L32_rep002.npz,0.15,32,194,1.147342967740633,1.3456190317131185,4.5683261310362395,8.533333333333333
c1_L32_rep002.npz,0.15,32,239,1.21337890625,1.3841800277859968,4.736057969021582,8.904347826086957
c1_L32_rep002.npz,0.15,32,296,1.1907781427556818,1.4366364378578624,4.639097672379963,8.677966101694915
c1_L32_rep002.npz,0.15,32,365,1.3374255557618846,1.5074143828769753,4.939721853824761,9.481481481481481
c1_L32_rep002.npz,0.15,32,451,1.2989690801933813,1.5141028051958818,4.863400170382182,9.309090909090909
c1_L32_rep002.npz,0.15,32,556,1.4721883585164837,1.6344950242810463,5.320600503758766,10.666666666666666
c1_L32_rep002.npz,0.15,32,687,1.4843222128378377,1.6741587678357828,5.437098316933903,10.778947368421052
c1_L32_rep002.npz,0.15,32,848,1.5733309659090908,1.757384614497427,5.488413812547674,11.010752688172044
c1_L32_rep002.npz,0.15,32,1047,1.5380470012796337,1.7461236375972367,5.366148301271484,10.448979591836734
c1_L32_rep002.npz,0.15,32,1292,1.8545640514742945,2.0615170390226716,6.2787504189491745,13.2987012987013
c1_L32_rep002.npz,0.15,32,1595,1.7768824084051724,1.989075763262027,5.963152886659516,12.047058823529412
c1_L32_rep002.npz,0.15,32,1970,1.9020638020833331,2.1115613315561386,6.194907292950658,12.962025316455696
c1_L32_rep002.npz,0.15,32,2432,1.7951307653743314,2.03487472928451,5.958261798533637,12.047058823529412
c1_L32_rep002.npz,0.15,32,3002,1.7548795244107742,2.0046637773418237,5.8856634250814945,11.906976744186046
c1_L32_rep002.npz,0.15,32,3706,1.8508970424107143,2.066710148927812,5.954302903264061,11.906976744186046
c1_L32_rep002.npz,0.15,32,4576,1.9210035536024304,2.2316043296781443,6.319453445179721,13.128205128205128
c1_L32_rep002.npz,0.15,32,5649,1.8952987495510056,2.1023369427582117,6.2249419726501065,12.641975308641975
c1_L32_rep002.npz,0.15,32,6974,1.9023256138392857,2.0922955238597467,6.038908356258904,12.337349397590362
c1_L32_rep002.npz,0.15,32,8610,2.139996722027972,2.2981707092658237,6.533865275541631,13.653333333333334
c1_L32_rep002.npz,0.15,32,10629,2.3967227027529763,2.587376641582595,7.27535335341829,16.0
c1_L32_rep002.npz,0.15,32,13122,2.504371056189904,2.7151875672166126,6.9599726392884955,14.840579710144928
c1_L32_rep002.npz,0.15,32,16200,2.4281275699013154,2.650976091963093,7.222418053516025,15.515151515151516
c1_L32_rep002.npz,0.15,32,20000,2.4245871803977277,2.6456635908541895,7.146455163654125,15.283582089552239
c1_L32_rep003.npz,0.15,32,1,0.5951692503721776,0.6538386584343279,2.9425806118641074,4.654545454545454
c1_L32_rep003.npz,0.15,32,2,0.6261569734326342,0.6973839680284993,3.071001376156414,4.899521531100478
c1_L32_rep003.npz,0.15,32,3,0.6263864610534634,0.7016325095236855,3.0716589310400764,4.899521531100478
c1_L32_rep003.npz,0.15,32,4,0.6449225010016026,0.7338516832453004,3.1225931602993557,5.044334975369458
c1_L32_rep003.npz,0.15,32,5,0.6482939667754122,0.7301568850747587,3.1449997099136064,5.069306930693069
c1_L32_rep003.npz,0.15,32,7,0.678381953679078,0.7736988732017142,3.231963041618555,5.305699481865285
c1_L32_rep003.npz,0.15,32,8,0.6709912037463182,0.7748951152757342,3.228703434866239,5.251282051282051
c1_L32_rep003.npz,0.15,32,10,0.6718393072269329,0.7792488330787796,3.204878169549475,5.251282051282051
c1_L32_rep003.npz,0.15,32,13,0.7147818064537561,0.8463118975172729,3.3272203288169204,5.535135135135135
c1_L32_rep003.npz,0.15,32,15,0.7392781575520833,0.8461443189148701,3.415246711912352,5.720670391061453
c1_L32_rep003.npz,0.15,32,19,0.7337196751644738,0.8933356357825262,3.4053257440227163,5.720670391061453
c1_L32_rep003.npz,0.15,32,24,0.7755307798032407,0.9085498705956848,3.5394814866810016,6.059171597633136
c1_L32_rep003.npz,0.15,32,29,0.7798032407407407,0.8985960476380062,3.579887272856421,6.095238095238095
c1_L32_rep003.npz,0.15,32,36,0.7837250325053802,0.909359440645024,3.603038019848886,6.131736526946108
c1_L32_rep003.npz,0.15,32,44,0.8034544353243671,0.9894989830849399,3.643295399851275,6.282208588957055
c1_L32_rep003.npz,0.15,32,55,0.8613849727130978,1.0017099865704946,3.845965340741816,6.7368421052631575
c1_L32_rep003.npz,0.15,32,68,0.8724207220172476,1.0268382020936637,3.8507544047100577,6.826666666666667
c1_L32_rep003.npz,0.15,32,84,0.8899033490349264,1.0468000973043017,3.9041616721338817,6.918918918918919
c1_L32_rep003.npz,0.15,32,103,0.8509010108741555,1.020076624951019,3.835502789846118,6.64935064935065
c1_L32_rep003.npz,0.15,32,127,0.9436871254280823,1.1462991272754772,4.138633404997694,7.366906474820144
c1_L32_rep003.npz,0.15,32,157,0.9221390615693865,1.135109706935037,4.077050908487169,7.211267605633803
c1_L32_rep003.npz,0.15,32,194,0.9499104817708335,1.1572996829634088,4.1611746388488395,7.420289855072464
c1_L32_rep003.npz,0.15,32,239,1.1003148049301243,1.2751156493059441,4.488654582618268,8.325203252032521
c1_L32_rep003.npz,0.15,32,296,1.2348074776785714,1.396436273794937,4.755526902424902,9.061946902654867
c1_L32_rep003.npz,0.15,32,365,1.1802346271969153,1.3684549874514853,4.665582442350059,8.677966101694915
c1_L32_rep003.npz,0.15,32,451,1.2562106993140243,1.537025633684443,4.863947753206385,9.225225225225225
c1_L32_rep003.npz,0.15,32,556,1.1878949333639706,1.6654989546514138,4.6337094326818695,8.677966101694915
c1_L32_rep003.npz,0.15,32,687,1.3697415865384617,1.5094002292648132,5.096756808442768,10.03921568627451
c1_L32_rep003.npz,0.15,32,848,1.4037708442752102,1.7652469264302508,5.148442371486148,9.941747572815533
c1_L32_rep003.npz,0.15,32,1047,1.456706043375965,1.8980316495965548,5.213707245026855,10.03921568627451
c1_L32_rep003.npz,0.15,32,1292,1.6239459739861855,1.8499519587256272,5.7117698355626825,11.50561797752809
c1_L32_rep003.npz,0.15,32,1595,1.5028573180034874,1.7272185389143901,5.411754043738126,10.556701030927835
c1_L32_rep003.npz,0.15,32,1970,1.8942109279023343,2.0925260606177227,6.27692270307351,13.128205128205128
c1_L32_rep003.npz,0.15,32,2432,2.0162935025542783,2.162016284496753,6.667237006951132,14.222222222222221
c1_L32_rep003.npz,0.15,32,3002,1.941478587962963,2.151060254575206,6.267401144020577,12.8
c1_L32_rep003.npz,0.15,32,3706,2.235854640151515,2.5273181098458197,6.8346401819168365,14.422535211267606
c1_L32_rep003.npz,0.15,32,4576,2.397904007523148,2.5723105725318143,7.500787251121521,16.78688524590164
c1_L32_rep003.npz,0.15,32,5649,2.3531289160401005,2.7651295186444704,7.125534568913505,15.283582089552239
c1_L32_rep003.npz,0.15,32,6974,2.3373361572890023,2.7479230725401442,6.700085739990285,13.837837837837839
c1_L32_rep003.npz,0.15,32,8610,2.219246419270833,2.5648650547819267,6.623937680194655,13.653333333333334
c1_L32_rep003.npz,0.15,32,10629,2.905947730654762,3.5052956428367867,7.987805989199822,17.35593220338983
c1_L32_rep003.npz,0.15,32,13122,3.5448447779605257,3.7602933496264703,9.32257378043163,21.78723404255319
c1_L32_rep003.npz,0.15,32,16200,3.6347859700520835,3.817221644700935,9.025053091762132,20.07843137254902
c1_L32_rep003.npz,0.15,32,20000,3.827226911272321,4.049051749313449,9.73879888222674,22.755555555555556
c1_L64_rep000.npz,0.15,64,1,0.6149380083536916,0.7028698987362358,3.0188892623693406,4.824499411071849
c1_L64_rep000.npz,0.15,64,2,0.6450596382789996,0.7404267763766004,3.1254901173431886,5.05679012345679
c1_L64_rep000.npz,0.15,64,3,0.6670953784458,0.7780986634554222,3.1953786381648595,5.231162196679438
c1_L64_rep000.npz,0.15,64,4,0.6830909499175226,0.7882932865645503,3.2457792111604267,5.347258485639687
c1_L64_rep000.npz,0.15,64,5,0.6899086263941447,0.7928256239470692,3.2715594418010503,5.396574440052701
c1_L64_rep000.npz,0.15,64,7,0.6877228965779383,0.7991428024727569,3.2664622292594134,5.389473684210526
c1_L64_rep000.npz,0.15,64,8,0.700181492457284,0.8206177285714598,3.3169700611864528,5.490616621983914
c1_L64_rep000.npz,0.15,64,10,0.7137047323313221,0.832185086948352,3.366707664905449,5.595628415300546
c1_L64_rep000.npz,0.15,64,13,0.7282963819068615,0.8577993172107805,3.4031816352070923,5.712691771269177
c1_L64_rep000.npz,0.15,64,15,0.7452809582834161,0.8694517995660945,3.466692289560385,5.834757834757835
c1_L64_rep000.npz,0.15,64,19,0.763001650111369,0.8933734514974265,3.523835565954028,5.97956204379562
c1_L64_rep000.npz,0.15,64,24,0.7899575369538949,0.9080619923883042,3.6254654492287997,6.196671709531014
c1_L64_rep000.npz,0.15,64,29,0.7837519366559387,0.91542297616512,3.601363501284842,6.15015015015015
c1_L64_rep000.npz,0.15,64,36,0.8119949649740943,0.9433272919516256,3.7043090828216076,6.370139968895801
c1_L64_rep000.npz,0.15,64,44,0.8260928351726917,0.9655174335429715,3.7574467636672995,6.481012658227848
c1_L64_rep000.npz,0.15,64,55,0.8628592486042459,1.0097273110532652,3.868578849376876,6.770247933884297
c1_L64_rep000.npz,0.15,64,68,0.9024570514298031,1.0497070425734103,3.989088698154193,7.07426597582038
c1_L64_rep000.npz,0.15,64,84,0.9046344390872807,1.0561742500180968,4.004219668715203,7.098786828422877
c1_L64_rep000.npz,0.15,64,103,0.9173994173444953,1.089030216282189,4.036393204619335,7.198594024604569
c1_L64_rep000.npz,0.15,64,127,0.9490683094498387,1.1338290068578536,4.1450972539545035,7.447272727272727
c1_L64_rep000.npz,0.15,64,157,0.9926587058123265,1.1628418142141206,4.288375250224445,7.772296015180266
c1_L64_rep000.npz,0.15,64,194,1.0082561229691045,1.1927072991671384,4.32174939134901,7.861804222648752
c1_L64_rep000.npz,0.15,64,239,1.0848635453642665,1.294731154322074,4.4538306360752085,8.258064516129032
c1_L64_rep000.npz,0.15,64,296,1.0892114587317412,1.297649301461198,4.498921047749097,8.291497975708502
c1_L64_rep000.npz,0.15,64,365,1.134230637526536,1.3580341294043654,4.588586099321256,8.49792531120332
c1_L64_rep000.npz,0.15,64,451,1.2554262412545691,1.408386259485688,4.850897140881416,9.266968325791856
c1_L64_rep000.npz,0.15,64,556,1.3551929450757574,1.507454817869617,5.063512326283948,9.893719806763285
c1_L64_rep000.npz,0.15,64,687,1.3774823809003496,1.543412093796521,5.071036606790316,9.893719806763285
c1_L64_rep000.npz,0.15,64,848,1.432010980075566,1.6260601932053262,5.209654112127347,10.265664160401002
c1_L64_rep000.npz,0.15,64,1047,1.5290310009807144,1.7365018342447411,5.421865448321524,10.835978835978835
c1_L64_rep000.npz,0.15,64,1292,1.5485360640888066,1.7639250535560587,5.42783665265065,10.750656167979002
c1_L64_rep000.npz,0.15,64,1595,1.615731383814956,1.822332944427119,5.6438602724574976,11.314917127071823
c1_L64_rep000.npz,0.15,64,1970,1.7840094192189804,2.03359573074966,5.897180211188166,12.08259587020649
c1_L64_rep000.npz,0.15,64,2432,1.7787761487458882,2.001062801141782,5.906036799656358,12.047058823529412
c1_L64_rep000.npz,0.15,64,3002,1.8846045693861164,2.081142667609189,6.144234106954402,12.681114551083592
c1_L64_rep000.npz,0.15,64,3706,1.9447696127131646,2.230296768075183,6.2773748642978715,12.921135646687697
c1_L64_rep000.npz,0.15,64,4576,2.05514877680044,2.2682666524295163,6.434983373149177,13.429508196721311
c1_L64_rep000.npz,0.15,64,5649,2.0122547638721953,2.306929256851313,6.2999516295048865,12.921135646687697
c1_L64_rep000.npz,0.15,64,6974,2.375675637477501,2.642578025949323,7.12286020476699,15.226765799256505
c1_L64_rep000.npz,0.15,64,8610,2.657861764090402,2.9052871910571456,7.623230669846838,16.650406504065042
c1_L64_rep000.npz,0.15,64,10629,2.6036692158157275,2.94274491577909,7.363937660823197,15.693486590038313
c1_L64_rep000.npz,0.15,64,13122,2.654348433645148,2.994197155241967,7.604113559985719,16.582995951417004
c1_L64_rep000.npz,0.15,64,16200,2.7614243280319943,3.1466727971972706,7.727651704778305,16.78688524590164
c1_L64_rep000.npz,0.15,64,20000,2.9373035971115877,3.3412707197743376,7.91925093933091,17.066666666666666
c1_L64_rep001.npz,0.15,64,1,0.5958571280510451,0.668911107630998,2.9516820899804452,4.675799086757991
c1_L64_rep001.npz,0.15,64,2,0.6328358744333763,0.7154941813324538,3.0936456950493083,4.964848484848485
c1_L64_rep001.npz,0.15,64,3,0.6566613281571037,0.7415088534414694,3.1709328660711784,5.1457286432160805
c1_L64_rep001.npz,0.15,64,4,0.6607257502846171,0.7482649323931773,3.187447511120796,5.184810126582279
c1_L64_rep001.npz,0.15,64,5,0.6761139390382125,0.7635796322705336,3.2435564781717927,5.305699481865285
c1_L64_rep001.npz,0.15,64,7,0.6858881238317405,0.7967560763572097,3.2698316574715354,5.382391590013141
c1_L64_rep001.npz,0.15,64,8,0.690466719980315,0.7879692178779399,3.2969849936058355,5.417989417989418
c1_L64_rep001.npz,0.15,64,10,0.6987428331140637,0.809550396344416,3.31510554542003,5.483266398929049
c1_L64_rep001.npz,0.15,64,13,0.7310879867180143,0.8360374007215718,3.4260917344709143,5.7366946778711485
c1_L64_rep001.npz,0.15,64,15,0.7425126117783305,0.8615987680390688,3.4663535068321822,5.826458036984353
c1_L64_rep001.npz,0.15,64,19,0.7607744941360504,0.8773512722495183,3.5331825665418526,5.962154294032024
c1_L64_rep001.npz,0.15,64,24,0.7703243207193586,0.9023336677000832,3.5557167303108432,6.03240058910162
c1_L64_rep001.npz,0.15,64,29,0.8068751658959714,0.9361871439343026,3.670527634813958,6.311248073959939
c1_L64_rep001.npz,0.15,64,36,0.8084835149993406,0.9535886863433791,3.6863488345709596,6.340557275541796
c1_L64_rep001.npz,0.15,64,44,0.8354733299246084,0.982684548699901,3.7750571734953744,6.543130990415335
c1_L64_rep001.npz,0.15,64,55,0.8747195617552423,1.022945295651358,3.9032317648656503,6.860971524288107
c1_L64_rep001.npz,0.15,64,68,0.903217943302422,1.062537064966034,3.994208468402346,7.086505190311419
c1_L64_rep001.npz,0.15,64,84,0.9111496722514303,1.085321888118799,4.009340520753045,7.148342059336824
c1_L64_rep001.npz,0.15,64,103,0.9407157740378527,1.0960392193089823,4.100600849402002,7.38018018018018
c1_L64_rep001.npz,0.15,64,127,0.9239647653009233,1.100090952803214,4.052192566785347,7.249557522123894
c1_L64_rep001.npz,0.15,64,157,0.9831462983406613,1.1581449984842713,4.240037924854103,7.7137476459510355
c1_L64_rep001.npz,0.15,64,194,0.9493319395357969,1.1576424578701108,4.1506421850689055,7.447272727272727
c1_L64_rep001.npz,0.15,64,239,1.0489397218241492,1.2328242514356444,4.386784130873758,8.09486166007905
c1_L64_rep001.npz,0.15,64,296,1.1354520497679268,1.2896205778001766,4.554821301671637,8.569037656903765
c1_L64_rep001.npz,0.15,64,365,1.1184934644140525,1.3144211806799404,4.509276910841413,8.427983539094651
c1_L64_rep001.npz,0.15,64,451,1.2199998771619496,1.376727121725492,4.742194055551651,9.061946902654867
c1_L64_rep001.npz,0.15,64,556,1.2276441451477114,1.419948848218897,4.7619932916586265,9.022026431718063
c1_L64_rep001.npz,0.15,64,687,1.3229613684712442,1.5029213366138587,4.954038205483839,9.570093457943925
c1_L64_rep001.npz,0.15,64,848,1.3985112885161712,1.5749084821582242,5.155166066041766,10.11358024691358
c1_L64_rep001.npz,0.15,64,1047,1.4570883673375365,1.650028877196672,5.228773996692129,10.343434343434344
c1_L64_rep001.npz,0.15,64,1292,1.5324330597540485,1.7341087735533582,5.414534276073402,10.778947368421052
c1_L64_rep001.npz,0.15,64,1595,1.5238753709613384,1.7484030020323853,5.438729697517128,10.807387862796833
c1_L64_rep001.npz,0.15,64,1970,1.622376897852287,1.8710010818826075,5.6424531195945695,11.314917127071823
c1_L64_rep001.npz,0.15,64,2432,1.7479044638053391,1.9769223020619342,5.881124609934855,12.011730205278592
c1_L64_rep001.npz,0.15,64,3002,1.826332880019593,2.0526391843289624,6.08672556413839,12.525993883792049
c1_L64_rep001.npz,0.15,64,3706,1.8833128445483336,2.1923590482547968,6.319398039536303,13.170418006430868
c1_L64_rep001.npz,0.15,64,4576,2.0273780327338673,2.3351465812842447,6.328739973138186,13.08626198083067
c1_L64_rep001.npz,0.15,64,5649,2.310998437238887,2.533596163199525,7.15772254835327,15.693486590038313
c1_L64_rep001.npz,0.15,64,6974,2.3423311606562702,2.5873802256362666,7.142570735155159,15.574144486692015
c1_L64_rep001.npz,0.15,64,8610,2.4288809612664988,2.729606739221583,7.279072391040842,15.753846153846155
c1_L64_rep001.npz,0.15,64,10629,2.3937643167379496,2.704821708459865,7.082715162705147,15.003663003663004
c1_L64_rep001.npz,0.15,64,13122,2.5755515342002155,2.9039460175921707,7.369621633859758,15.693486590038313
c1_L64_rep001.npz,0.15,64,16200,2.6637967389614428,3.0222967856860006,7.4312648650269075,15.633587786259541
c1_L64_rep001.npz,0.15,64,20000,2.8245404867937953,3.132699955655785,7.854009157754385,17.13807531380753
c1_L64_rep002.npz,0.15,64,1,0.6062326339883712,0.6855764084930067,2.9972876454117783,4.75725900116144
c1_L64_rep002.npz,0.15,64,2,0.6326871066408041,0.7082730869039042,3.095331623624761,4.964848484848485
c1_L64_rep002.npz,0.15,64,3,0.6541878939477763,0.7329143735375663,3.172780457969973,5.132832080200501
c1_L64_rep002.npz,0.15,64,4,0.6667993366410991,0.7570694400980755,3.2112389902827743,5.231162196679438
c1_L64_rep002.npz,0.15,64,5,0.6743848859306664,0.7665946700074766,3.2385404466136407,5.291989664082688
c1_L64_rep002.npz,0.15,64,7,0.6850623346211977,0.7926465592865262,3.2742415313706683,5.375328083989501
c1_L64_rep002.npz,0.15,64,8,0.7025351270534659,0.8100750276228654,3.340240592615756,5.51278600269179
c1_L64_rep002.npz,0.15,64,10,0.7249667657084323,0.836241580501068,3.4108664230303902,5.688888888888889
c1_L64_rep002.npz,0.15,64,13,0.7322359402268921,0.8443505548367599,3.445457628805754,5.744740532959327
c1_L64_rep002.npz,0.15,64,15,0.7352073789551029,0.8523246395514503,3.44454435886715,5.769014084507043
c1_L64_rep002.npz,0.15,64,19,0.7607456299465308,0.8971501551955874,3.520927293701352,5.953488372093023
c1_L64_rep002.npz,0.15,64,24,0.7937215265187493,0.9228763144819088,3.643803832740901,6.224924012158055
c1_L64_rep002.npz,0.15,64,29,0.7933802963838535,0.9263364762377744,3.652800002827912,6.215477996965099
c1_L64_rep002.npz,0.15,64,36,0.8325758001114595,0.9800572305175503,3.779206612142973,6.532695374800638
c1_L64_rep002.npz,0.15,64,44,0.8300789225062892,0.9944686092690755,3.7704326672637385,6.511923688394277
c1_L64_rep002.npz,0.15,64,55,0.887943829579712,1.0727681913080838,3.9434440005067795,6.965986394557823
c1_L64_rep002.npz,0.15,64,68,0.9094372801667223,1.1150942132539416,4.021427778989835,7.13588850174216
c1_L64_rep002.npz,0.15,64,84,0.9307677625109265,1.1059567023048964,4.098978649753325,7.301247771836007
c1_L64_rep002.npz,0.15,64,103,0.9577537193650764,1.1573162481145474,4.1859200146348,7.51559633027523
c1_L64_rep002.npz,0.15,64,127,0.9955560205290728,1.1909488669934982,4.285079327037507,7.801904761904762
c1_L64_rep002.npz,0.15,64,157,0.9961213070934036,1.2009521294172034,4.298690535333083,7.816793893129771
c1_L64_rep002.npz,0.15,64,194,1.1226968530665107,1.2824594844807309,4.547249838104134,8.515592515592516
c1_L64_rep002.npz,0.15,64,239,1.1350904440773155,1.3064169895109632,4.600280178839415,8.58700209643606
c1_L64_rep002.npz,0.15,64,296,1.144035056411036,1.3375194963020982,4.586976408344518,8.58700209643606
c1_L64_rep002.npz,0.15,64,365,1.152639838420473,1.39186226981611,4.625020555545538,8.605042016806722
c1_L64_rep002.npz,0.15,64,451,1.3445993076555733,1.520850662553459,5.079517199741278,9.86987951807229
c1_L64_rep002.npz,0.15,64,556,1.353901141152722,1.5388083176987086,5.047360131306807,9.77565632458234
c1_L64_rep002.npz,0.15,64,687,1.4685368907170666,1.6531331334422523,5.253543856588073,10.317380352644836
c1_L64_rep002.npz,0.15,64,848,1.485146021018007,1.7064787530974317,5.287065547035702,10.395939086294415
c1_L64_rep002.npz,0.15,64,1047,1.6028923699413977,1.791167737393595,5.495064663622891,11.040431266846362
c1_L64_rep002.npz,0.15,64,1292,1.6320236020550607,1.8310234682114954,5.704886147854307,11.570621468926554
c1_L64_rep002.npz,0.15,64,1595,1.6003856658935547,1.8053923716107334,5.562637850591977,11.160762942779291
c1_L64_rep002.npz,0.15,64,1970,1.657269050719246,1.8647558007893559,5.662743682169368,11.473389355742297
c1_L64_rep002.npz,0.15,64,2432,1.698084046355391,1.9125013594687643,5.738979561921536,11.570621468926554
c1_L64_rep002.npz,0.15,64,3002,1.7732497473157476,1.9836746343977205,5.933219280586451,12.118343195266272
c1_L64_rep002.npz,0.15,64,3706,1.7416190824869269,2.02465932290649,5.845635739019374,11.736389684813753
c1_L64_rep002.npz,0.15,64,4576,1.922146415090103,2.1733877667575205,6.329447276697971,13.212903225806452
c1_L64_rep002.npz,0.15,64,5649,1.9986076425841717,2.2318445948839454,6.352414888728642,13.255663430420713
c1_L64_rep002.npz,0.15,64,6974,2.036467997233073,2.2896754326605304,6.457182177608696,13.518151815181518
c1_L64_rep002.npz,0.15,64,8610,2.199417010347777,2.4984031957372723,6.735657253669445,14.124137931034483
c1_L64_rep002.npz,0.15,64,10629,2.4448778105945124,2.8163415619801833,7.198475480740516,15.340823970037453
c1_L64_rep002.npz,0.15,64,13122,2.6462904229221573,2.954041580870446,7.702404035739297,17.066666666666666
c1_L64_rep002.npz,0.15,64,16200,2.564341184618267,2.9722866796732754,7.243831507614705,15.170370370370371
c1_L64_rep002.npz,0.15,64,20000,2.7576554381037766,3.1436247295070414,7.470788314598413,15.814671814671815
c1_L64_rep003.npz,0.15,64,1,0.59259209577668,0.6523961955957653,2.943157792862149,4.649262202043133
c1_L64_rep003.npz,0.15,64,2,0.6326397488662743,0.7039086057504248,3.079827671015644,4.958837772397095
c1_L64_rep003.npz,0.15,64,3,0.6469584205881957,0.7209576781855295,3.1471279342366296,5.075588599752169
c1_L64_rep003.npz,0.15,64,4,0.6566375643179024,0.7396046579686888,3.171111918493113,5.152201257861635
c1_L64_rep003.npz,0.15,64,5,0.659958965955183,0.751577010126498,3.1784255208338856,5.178255372945639
c1_L64_rep003.npz,0.15,64,7,0.689512380166561,0.7753637784693199,3.2881567769147897,5.4108322324966975
c1_L64_rep003.npz,0.15,64,8,0.6987428331140637,0.7919953183208897,3.3083221041177198,5.483266398929049
c1_L64_rep003.npz,0.15,64,10,0.6934490927512729,0.7853499119512664,3.307174383653888,5.439575033200531
c1_L64_rep003.npz,0.15,64,13,0.7113759122996973,0.8258551741343293,3.3591981779493376,5.580381471389646
c1_L64_rep003.npz,0.15,64,15,0.7250339005490647,0.8329216750499594,3.3997678921597,5.688888888888889
c1_L64_rep003.npz,0.15,64,19,0.7407040508472977,0.8516660416092057,3.4657193396480452,5.809929078014185
c1_L64_rep003.npz,0.15,64,24,0.7565209153535553,0.8715775574336191,3.5160435889360673,5.936231884057971
c1_L64_rep003.npz,0.15,64,29,0.7802527927746314,0.9195551792086585,3.5861874491790093,6.1225710014947685
c1_L64_rep003.npz,0.15,64,36,0.7699596482216288,0.9010198234408217,3.5719043136952306,6.041297935103245
c1_L64_rep003.npz,0.15,64,44,0.8245833548133148,0.9830416128055022,3.7511886667667147,6.470774091627172
c1_L64_rep003.npz,0.15,64,55,0.8605760981341332,1.0359864862478665,3.8586219382505673,6.7479406919275124
c1_L64_rep003.npz,0.15,64,68,0.8672824381855431,1.034167975325065,3.8881928605500202,6.803986710963455
c1_L64_rep003.npz,0.15,64,84,0.9096139900239393,1.0785175433785505,4.018750504834195,7.13588850174216
c1_L64_rep003.npz,0.15,64,103,0.9305547938359229,1.1091116508048158,4.074839076291952,7.301247771836007
c1_L64_rep003.npz,0.15,64,127,0.9727514680973315,1.1493896944622104,4.203751204054736,7.62756052141527
c1_L64_rep003.npz,0.15,64,157,1.0221173803118684,1.18981649728549,4.326382291860369,7.937984496124031
c1_L64_rep003.npz,0.15,64,194,1.0489370061063217,1.206096975074404,4.403060535242554,8.110891089108911
c1_L64_rep003.npz,0.15,64,239,1.025941535942834,1.2193397101227526,4.344852881383239,7.968871595330739
c1_L64_rep003.npz,0.15,64,296,1.1168907898741884,1.3014604856809047,4.534994714146801,8.445360824742268
c1_L64_rep003.npz,0.15,64,365,1.16939624495719,1.3621471581902944,4.645037365577098,8.714893617021277
c1_L64_rep003.npz,0.15,64,451,1.2504013916510994,1.4355022394095918,4.84425811836653,9.225225225225225
c1_L64_rep003.npz,0.15,64,556,1.277341875134108,1.478742828866218,4.87300850168042,9.287981859410431
c1_L64_rep003.npz,0.15,64,687,1.3512873982527074,1.602534286027245,4.9673869048349895,9.525581395348837
c1_L64_rep003.npz,0.15,64,848,1.4051237037713578,1.608327739631089,5.1407085221679445,10.014669926650367
c1_L64_rep003.npz,0.15,64,1047,1.443256466846984,1.683552023969375,5.21160740071148,10.11358024691358
c1_L64_rep003.npz,0.15,64,1292,1.662856985090548,1.8922328674166409,5.683945260815535,11.441340782122905
c1_L64_rep003.npz,0.15,64,1595,1.7480638278735134,1.990535052268998,5.898522262889038,12.118343195266272
c1_L64_rep003.npz,0.15,64,1970,1.8036556895981488,2.0369624808858435,6.06427313821522,12.56441717791411
c1_L64_rep003.npz,0.15,64,2432,1.9105582707159567,2.1376338134697783,6.237273397254037,13.044585987261147
c1_L64_rep003.npz,0.15,64,3002,1.9078948113611873,2.1912666655943127,6.208178841686575,12.921135646687697
c1_L64_rep003.npz,0.15,64,3706,2.058757884319351,2.2904418110637543,6.530729112736185,13.698996655518394
c1_L64_rep003.npz,0.15,64,4576,2.1410390493032097,2.364330828386626,6.601287814435063,14.027397260273972
c1_L64_rep003.npz,0.15,64,5649,2.1060953137586687,2.3809192112815567,6.52309129542365,13.60797342192691
c1_L64_rep003.npz,0.15,64,6974,2.3154848672510164,2.534181658093602,7.081857099044944,15.456603773584906
c1_L64_rep003.npz,0.15,64,8610,2.3435923635223768,2.609619613947623,6.993175301190872,15.058823529411764
c1_L64_rep003.npz,0.15,64,10629,2.3830792267843695,2.6181058632493936,7.032652325530816,15.114391143911439
c1_L64_rep003.npz,0.15,64,13122,2.375946190243676,2.660878023319598,7.1512711877304875,15.456603773584906
c1_L64_rep003.npz,0.15,64,16200,2.422364616639519,2.698739684991682,7.2055750894646,15.456603773584906
c1_L64_rep003.npz,0.15,64,20000,2.575499322461339,2.9028576023157076,7.70418592173066,17.210084033613445
c1_L96_rep000.npz,0.15,96,1,0.6069069723673588,0.680329732026396,2.994888962036959,4.760330578512397
c1_L96_rep000.npz,0.15,96,2,0.6337415713183132,0.720630604741206,3.0845399628516574,4.970873786407767
c1_L96_rep000.npz,0.15,96,3,0.6552963027805346,0.7587922354559026,3.1565231556595856,5.137123745819398
c1_L96_rep000.npz,0.15,96,4,0.6661870936782355,0.7618875533373174,3.1967936143607436,5.221529745042493
c1_L96_rep000.npz,0.15,96,5,0.6767301944217361,0.7779322231446476,3.2346057070140475,5.305699481865285
c1_L96_rep000.npz,0.15,96,7,0.688680116093755,0.8125158855661662,3.2711880660759256,5.398945518453427
c1_L96_rep000.npz,0.15,96,8,0.6967979306669791,0.816368947211183,3.294737701753801,5.4661921708185055
c1_L96_rep000.npz,0.15,96,10,0.7043826309500955,0.8090257797704652,3.329831686307245,5.52186938286399
c1_L96_rep000.npz,0.15,96,13,0.7201409819246847,0.828596888788215,3.382994631191659,5.647058823529411
c1_L96_rep000.npz,0.15,96,15,0.7258745179346464,0.8336648009431726,3.4056988881231955,5.692402717726992
c1_L96_rep000.npz,0.15,96,19,0.739040371696966,0.8562154400583302,3.4520732722252534,5.79622641509434
c1_L96_rep000.npz,0.15,96,24,0.7594051355140052,0.8878715864577594,3.5188114894042415,5.957336780866193
c1_L96_rep000.npz,0.15,96,29,0.7706130864305263,0.8969634566601109,3.5704039170763378,6.043278688524589
c1_L96_rep000.npz,0.15,96,36,0.7868456193315982,0.9283398105915965,3.6135324063516965,6.172806430006698
c1_L96_rep000.npz,0.15,96,44,0.8190302969331462,0.9647761007950327,3.7151138884395087,6.422299651567943
c1_L96_rep000.npz,0.15,96,55,0.8427415684430886,0.9908582177549154,3.7976365531501934,6.611190817790531
c1_L96_rep000.npz,0.15,96,68,0.8698959131985242,1.0195973051126606,3.8828922873501632,6.821613619541081
c1_L96_rep000.npz,0.15,96,84,0.8830337585232904,1.045343065665275,3.9267674998062887,6.92411720510894
c1_L96_rep000.npz,0.15,96,103,0.9338692310645953,1.1058462585913849,4.083924568950068,7.325914149443562
c1_L96_rep000.npz,0.15,96,127,0.9600813910670547,1.139689906455481,4.170513979794651,7.529411764705882
c1_L96_rep000.npz,0.15,96,157,1.0099749593839946,1.192845044361425,4.302771729455739,7.88366124893071
c1_L96_rep000.npz,0.15,96,194,1.0228166947685389,1.216766794181065,4.342201338009564,7.958549222797928
c1_L96_rep000.npz,0.15,96,239,1.0675230987312254,1.2750464963573966,4.437563828034762,8.170212765957448
c1_L96_rep000.npz,0.15,96,296,1.155803848643743,1.3366255720894462,4.614798082099277,8.653521126760564
c1_L96_rep000.npz,0.15,96,365,1.2065736468607415,1.3794900029597579,4.722845207042748,8.956268221574344
c1_L96_rep000.npz,0.15,96,451,1.239698875343406,1.4313973114113379,4.7914019546099995,9.097729516288252
c1_L96_rep000.npz,0.15,96,556,1.206707853870984,1.4226882383420114,4.714035524141176,8.861538461538462
c1_L96_rep000.npz,0.15,96,687,1.3274035533345527,1.534062416449336,4.949270206399772,9.520661157024794
c1_L96_rep000.npz,0.15,96,848,1.4083456023044891,1.6024965817942318,5.146546465385582,10.072131147540983
c1_L96_rep000.npz,0.15,96,1047,1.469089656248543,1.6402952806114268,5.2882279272934625,10.496583143507973
c1_L96_rep000.npz,0.15,96,1292,1.5419874210450755,1.727588862095725,5.461355040110396,10.958382877526754
c1_L96_rep000.npz,0.15,96,1595,1.5762839747609667,1.7677306150754712,5.523968356819138,11.103614457831325
c1_L96_rep000.npz,0.15,96,1970,1.5810901474903238,1.7798481917315454,5.530220374302811,11.063625450180071
c1_L96_rep000.npz,0.15,96,2432,1.582004010007481,1.8165933196859116,5.528795406750082,10.932384341637011
c1_L96_rep000.npz,0.15,96,3002,1.679928788440503,1.9159765724353774,5.73122082793186,11.60705289672544
c1_L96_rep000.npz,0.15,96,3706,1.7306942958805946,1.9815864990949001,5.862600865266038,11.876288659793813
c1_L96_rep000.npz,0.15,96,4576,1.8490438361117676,2.161929620082594,6.126810638102429,12.555858310626702
c1_L96_rep000.npz,0.15,96,5649,2.1545899228935985,2.423729436878193,6.67927777719289,14.15668202764977
c1_L96_rep000.npz,0.15,96,6974,2.3132113266957486,2.5737018130637317,7.065137502359297,15.308970099667775
c1_L96_rep000.npz,0.15,96,8610,2.3244677248532035,2.61664011389126,7.089139401127882,15.182866556836903
c1_L96_rep000.npz,0.15,96,10629,2.480550539826227,2.766342498693124,7.220245596915968,15.36
c1_L96_rep000.npz,0.15,96,13122,2.6957142340443108,3.0014790232905524,7.612886665096242,16.45714285714286
c1_L96_rep000.npz,0.15,96,16200,2.7270428484711102,3.0730229738425288,7.700768985079175,16.756363636363634
c1_L96_rep000.npz,0.15,96,20000,2.9496074464931583,3.275852557244419,8.18262502051353,18.213438735177867
c1_L96_rep001.npz,0.15,96,1,0.5997084542440569,0.66726041929201,2.96303505389616,4.704441041347627
c1_L96_rep001.npz,0.15,96,2,0.6232164234525301,0.694156017197724,3.0502706193172955,4.889124668435013
c1_L96_rep001.npz,0.15,96,3,0.6437042933444219,0.7200148850567849,3.1247513615038542,5.04986301369863
c1_L96_rep001.npz,0.15,96,4,0.6523063896594518,0.7301790303723037,3.157112899119195,5.1171571349250415
c1_L96_rep001.npz,0.15,96,5,0.6645114261809548,0.752960854087189,3.1941493102454324,5.212669683257918
c1_L96_rep001.npz,0.15,96,7,0.6806266280354156,0.7710110763210244,3.253238017752308,5.339513325608343
c1_L96_rep001.npz,0.15,96,8,0.688373733442008,0.7822109032197566,3.279632269763923,5.398945518453427
c1_L96_rep001.npz,0.15,96,10,0.7040042667460571,0.8075303672732799,3.330768687938615,5.52186938286399
c1_L96_rep001.npz,0.15,96,13,0.7154488149363667,0.8270544565267581,3.3696011899847065,5.61266747868453
c1_L96_rep001.npz,0.15,96,15,0.7328854044736299,0.8465239347452719,3.426507278118652,5.749220212102308
c1_L96_rep001.npz,0.15,96,19,0.7397744622485088,0.8559326773998114,3.455947284345646,5.80352644836272
c1_L96_rep001.npz,0.15,96,24,0.7545274473422428,0.8688322979599106,3.5137172860474837,5.91907514450867
c1_L96_rep001.npz,0.15,96,29,0.7874235795074496,0.910578278513964,3.6158642740577247,6.176943699731904
c1_L96_rep001.npz,0.15,96,36,0.8030886016413843,0.9359953654182336,3.667954722357397,6.299384825700615
c1_L96_rep001.npz,0.15,96,44,0.828627452779723,0.9668348082543694,3.7561082762861666,6.499294781382229
c1_L96_rep001.npz,0.15,96,55,0.8556158818728459,1.0085558507064833,3.8282275854029715,6.712308812818645
c1_L96_rep001.npz,0.15,96,68,0.8740947886102342,1.032034629958329,3.902862651333973,6.857142857142857
c1_L96_rep001.npz,0.15,96,84,0.8923184846881974,1.0560940368187557,3.959031237632875,6.997722095671981
c1_L96_rep001.npz,0.15,96,103,0.9360928536128834,1.1040759077798759,4.090209199008716,7.343426294820716
c1_L96_rep001.npz,0.15,96,127,0.9605617754441744,1.136515041551044,4.168893663270125,7.53556827473426
c1_L96_rep001.npz,0.15,96,157,0.9913762850214236,1.1819970536525046,4.262644797608129,7.777215189873418
c1_L96_rep001.npz,0.15,96,194,0.9881081065065356,1.188496881522346,4.2634567192643,7.751051303616484
c1_L96_rep001.npz,0.15,96,239,1.042472092979902,1.257119234533811,4.382659767974776,8.048908296943232
c1_L96_rep001.npz,0.15,96,296,1.1003742782052388,1.303165802057776,4.507229751356103,8.347826086956522
c1_L96_rep001.npz,0.15,96,365,1.176184797283803,1.385724189202854,4.651750593759112,8.735545023696682
c1_L96_rep001.npz,0.15,96,451,1.2582219048357288,1.4381980885387242,4.838652246777626,9.243731193580743
c1_L96_rep001.npz,0.15,96,556,1.2906974162262994,1.475346198916209,4.9028710131080855,9.394495412844037
c1_L96_rep001.npz,0.15,96,687,1.3739810545459825,1.5603017731597373,5.072554213572436,9.87781350482315
c1_L96_rep001.npz,0.15,96,848,1.3698781922940386,1.578683376756064,5.0689602100427065,9.793836344314558
c1_L96_rep001.npz,0.15,96,1047,1.4461478942775878,1.6486544403899528,5.2416381449640435,10.262806236080179
c1_L96_rep001.npz,0.15,96,1292,1.5720341903819817,1.7713661538663263,5.520106321581036,11.090252707581229
c1_L96_rep001.npz,0.15,96,1595,1.6108108343164145,1.8205787916840022,5.6195917142589105,11.3079754601227
c1_L96_rep001.npz,0.15,96,1970,1.649646475350464,1.8622667984760692,5.612808763217304,11.252747252747254
c1_L96_rep001.npz,0.15,96,2432,1.7464601063476948,1.986443909950594,5.840981657088654,11.815384615384614
c1_L96_rep001.npz,0.15,96,3002,1.879373150347128,2.106463879874999,6.175521526927206,12.782246879334258
c1_L96_rep001.npz,0.15,96,3706,1.925736988802679,2.156695434223442,6.268455803545412,13.035360678925034
c1_L96_rep001.npz,0.15,96,4576,1.8819751368615134,2.1632108609415095,6.149596534959123,12.590163934426231
c1_L96_rep001.npz,0.15,96,5649,2.07819653701815,2.32881623500431,6.554717519268311,13.796407185628741
c1_L96_rep001.npz,0.15,96,6974,2.1039517089071014,2.3761514224288796,6.611252236991314,13.921450151057401
c1_L96_rep001.npz,0.15,96,8610,2.287615002598261,2.538888323766577,6.989991026293611,15.182866556836903
c1_L96_rep001.npz,0.15,96,10629,2.3474762784912926,2.629586565587832,6.96975716034367,14.792937399678971
c1_L96_rep001.npz,0.15,96,13122,2.437955585099801,2.7481755787112307,7.013957902691527,14.76923076923077
c1_L96_rep001.npz,0.15,96,16200,2.5412600828546044,2.8744944927641063,7.331600227805597,15.673469387755103
c1_L96_rep001.npz,0.15,96,20000,2.854124910498539,3.1433638035064635,7.8932116163697446,17.29080675422139
c1_L96_rep002.npz,0.15,96,1,0.6027629724638002,0.6692189942736025,2.9738597828201057,4.728578758337609
c1_L96_rep002.npz,0.15,96,2,0.6360414681941486,0.7093544123897414,3.0980509042542193,4.989713048186248
c1_L96_rep002.npz,0.15,96,3,0.655192609066285,0.7350038292296143,3.159568609532983,5.1399888455103175
c1_L96_rep002.npz,0.15,96,4,0.6637197635850817,0.75033778575704,3.187907131887827,5.20677966101695
c1_L96_rep002.npz,0.15,96,5,0.6740674650390632,0.7595018927080629,3.2282306269179473,5.287435456110155
c1_L96_rep002.npz,0.15,96,7,0.6855038246679465,0.7741200658582245,3.2663634242001756,5.376896149358226
c1_L96_rep002.npz,0.15,96,8,0.6928539293468547,0.7878871931467825,3.2888453246966303,5.433962264150943
c1_L96_rep002.npz,0.15,96,10,0.6964017466834651,0.7942540677490278,3.3088761671665785,5.462951985773562
c1_L96_rep002.npz,0.15,96,13,0.7190777096114676,0.8247217702844781,3.384510335477259,5.64014687882497
c1_L96_rep002.npz,0.15,96,15,0.7270456384221267,0.8354564317962264,3.4119186207866905,5.702970297029704
c1_L96_rep002.npz,0.15,96,19,0.7371848278558784,0.8499828620069922,3.4497004610879682,5.7816813048933495
c1_L96_rep002.npz,0.15,96,24,0.7633529298953106,0.878778076712732,3.5383503984116498,5.988304093567251
c1_L96_rep002.npz,0.15,96,29,0.7690802285656475,0.8882602880793116,3.557159546291303,6.031413612565445
c1_L96_rep002.npz,0.15,96,36,0.8080055056343907,0.9377302077849388,3.6785167572903377,6.338376891334251
c1_L96_rep002.npz,0.15,96,44,0.8276175498444256,0.9585644811164822,3.7452183349676353,6.490140845070423
c1_L96_rep002.npz,0.15,96,55,0.8278890545610227,0.9688904748417069,3.7481812546100324,6.494714587737844
c1_L96_rep002.npz,0.15,96,68,0.859503798045044,1.0076548136350323,3.853285736114732,6.741770299926848
c1_L96_rep002.npz,0.15,96,84,0.8809148033368992,1.034844745439051,3.9202120193359193,6.908545727136431
c1_L96_rep002.npz,0.15,96,103,0.8981534422464831,1.058375771918258,3.9707988881790106,7.045871559633027
c1_L96_rep002.npz,0.15,96,127,0.9378738551918646,1.1093169889974757,4.1034870568160535,7.3551476456504385
c1_L96_rep002.npz,0.15,96,157,0.9888804282091503,1.1606562862705527,4.256171381455401,7.757575757575758
c1_L96_rep002.npz,0.15,96,194,1.0315446797067982,1.2069899965762845,4.341068455300613,8.006950477845352
c1_L96_rep002.npz,0.15,96,239,1.0088060959647231,1.2154864647143722,4.2990563798689685,7.856777493606137
c1_L96_rep002.npz,0.15,96,296,1.076273283651536,1.2700708162644738,4.449554667665195,8.22857142857143
c1_L96_rep002.npz,0.15,96,365,1.1413804086432924,1.3377142047648531,4.584807422887408,8.573023255813954
c1_L96_rep002.npz,0.15,96,451,1.2137869936193124,1.3869838728434725,4.749020002737313,9.017612524461839
c1_L96_rep002.npz,0.15,96,556,1.2269841306255556,1.4146902124003673,4.7624002850628075,9.017612524461839
c1_L96_rep002.npz,0.15,96,687,1.2497538501995478,1.4571413271478488,4.81722999794291,9.1610337972167
c1_L96_rep002.npz,0.15,96,848,1.3458073155968373,1.5340803401496157,5.011828545294174,9.690851735015773
c1_L96_rep002.npz,0.15,96,1047,1.416874326811726,1.6391425421996773,5.167678590859562,10.094194961664842
c1_L96_rep002.npz,0.15,96,1292,1.4989268338156783,1.7085311288698906,5.3397752110949055,10.52054794520548
c1_L96_rep002.npz,0.15,96,1595,1.622167123014048,1.834008728788638,5.627004244371872,11.321867321867321
c1_L96_rep002.npz,0.15,96,1970,1.607059262012971,1.8679182066994655,5.5484749300910385,10.945368171021377
c1_L96_rep002.npz,0.15,96,2432,1.7407443619831382,2.0083135372994594,5.826917035056529,11.740127388535031
c1_L96_rep002.npz,0.15,96,3002,1.8807456301647743,2.1326177725039543,6.220449927672104,12.9438202247191
c1_L96_rep002.npz,0.15,96,3706,1.9177481210072025,2.1909285747172533,6.25224571691973,12.871508379888267
c1_L96_rep002.npz,0.15,96,4576,2.111546429256676,2.3678334910057863,6.523478468045608,13.67359050445104
c1_L96_rep002.npz,0.15,96,5649,2.2037614749567274,2.471871758737776,6.703177257593185,14.113323124042878
c1_L96_rep002.npz,0.15,96,6974,2.2554495627023603,2.5411056580647706,6.801013998056874,14.35514018691589
c1_L96_rep002.npz,0.15,96,8610,2.361685344491259,2.6446885409741805,6.964805880854251,14.76923076923077
c1_L96_rep002.npz,0.15,96,10629,2.4192401991389474,2.6800830299291394,7.174578868692266,15.4890756302521
c1_L96_rep002.npz,0.15,96,13122,2.4833732032402787,2.757740159941247,7.2426292039804245,15.567567567567568
c1_L96_rep002.npz,0.15,96,16200,2.496559207471069,2.782097066387669,7.25547059526267,15.463087248322147
c1_L96_rep002.npz,0.15,96,20000,2.5722558352816964,2.8968405272169973,7.43151079365881,15.972270363951472
c1_L96_rep003.npz,0.15,96,1,0.6043029610729482,0.667893973349887,2.9879907672985366,4.7407407407407405
c1_L96_rep003.npz,0.15,96,2,0.6337600120502873,0.7051976328862573,3.090821575282642,4.970873786407767
c1_L96_rep003.npz,0.15,96,3,0.6501323327401443,0.7225906847182152,3.150694429925461,5.100166021029331
c1_L96_rep003.npz,0.15,96,4,0.666727357981981,0.7496153404210155,3.2063124638404843,5.230419977298524
c1_L96_rep003.npz,0.15,96,5,0.6767373948951638,0.7679843152357904,3.2357922244565653,5.308755760368664
c1_L96_rep003.npz,0.15,96,7,0.6853918215595438,0.7814320959461292,3.2659253176981444,5.376896149358226
c1_L96_rep003.npz,0.15,96,8,0.6963723824674639,0.7998833465582209,3.3021004162227507,5.462951985773562
c1_L96_rep003.npz,0.15,96,10,0.7088384818791114,0.8124334213052827,3.3462444581115607,5.558504221954162
c1_L96_rep003.npz,0.15,96,13,0.7239918571693513,0.8333843987820535,3.4040336603029147,5.678373382624769
c1_L96_rep003.npz,0.15,96,15,0.7292119399654953,0.8457911010576381,3.4193267513029397,5.720670391061453
c1_L96_rep003.npz,0.15,96,19,0.75547546955995,0.8737848364822278,3.5113281990889478,5.926688102893891
c1_L96_rep003.npz,0.15,96,24,0.7660349135244741,0.8925053420349071,3.5484202776673093,6.007822685788787
c1_L96_rep003.npz,0.15,96,29,0.7864327538958877,0.9129120335861816,3.6163779430340686,6.168674698795181
c1_L96_rep003.npz,0.15,96,36,0.8030255627388476,0.9425120584694183,3.671076232676159,6.299384825700615
c1_L96_rep003.npz,0.15,96,44,0.8198581103391226,0.9502188041199671,3.7330596487474135,6.431263084438241
c1_L96_rep003.npz,0.15,96,55,0.8558156342923571,1.014002423449405,3.8444303602801733,6.712308812818645
c1_L96_rep003.npz,0.15,96,68,0.8847067445987182,1.050580439031362,3.939755501109868,6.939759036144579
c1_L96_rep003.npz,0.15,96,84,0.9333022982876218,1.0973595937825436,4.082827659156618,7.3200953137410645
c1_L96_rep003.npz,0.15,96,103,0.9678898675533776,1.1314964935141258,4.188015768494196,7.591433278418451
c1_L96_rep003.npz,0.15,96,127,0.9636664722261066,1.1526338197066757,4.186676483220346,7.554098360655739
c1_L96_rep003.npz,0.15,96,157,0.9839854725742637,1.1688717213552515,4.252763468653005,7.718592964824121
c1_L96_rep003.npz,0.15,96,194,1.0249782598960995,1.2185532274649034,4.338640761143842,7.944827586206896
c1_L96_rep003.npz,0.15,96,239,1.0981665541922636,1.2813763305668315,4.486079187409615,8.347826086956522
c1_L96_rep003.npz,0.15,96,296,1.208500364178236,1.3667270400164955,4.7149906291930845,8.982456140350877
c1_L96_rep003.npz,0.15,96,365,1.2051564425490475,1.3853667589329244,4.713859730763042,8.912959381044487
c1_L96_rep003.npz,0.15,96,451,1.2926411331057275,1.4683070477271416,4.905245082436534,9.462012320328542
c1_L96_rep003.npz,0.15,96,556,1.3059345827983728,1.47835743139033,4.925145502655924,9.520661157024794
c1_L96_rep003.npz,0.15,96,687,1.3540564604860306,1.5318955310796558,5.0332847904250455,9.793836344314558
c1_L96_rep003.npz,0.15,96,848,1.3803548279550015,1.5755426600470022,5.081445058214636,9.899033297529538
c1_L96_rep003.npz,0.15,96,1047,1.4078053438290616,1.6271224761283598,5.158135543997955,10.017391304347825
c1_L96_rep003.npz,0.15,96,1292,1.5211341248062091,1.7048396848782157,5.438192503488587,10.855123674911662
c1_L96_rep003.npz,0.15,96,1595,1.6060983893136553,1.8153846922043657,5.592849765209197,11.252747252747254
c1_L96_rep003.npz,0.15,96,1970,1.6550144983693795,1.8795678700208847,5.739506591597936,11.68060836501901
c1_L96_rep003.npz,0.15,96,2432,1.7209757364190494,1.949243004090346,5.807224998759831,11.755102040816325
c1_L96_rep003.npz,0.15,96,3002,1.8261476863147863,2.053178441938446,6.059115969541088,12.487804878048781
c1_L96_rep003.npz,0.15,96,3706,1.9419540882459283,2.168174529026005,6.266250707512165,13.053824362606232
c1_L96_rep003.npz,0.15,96,4576,1.9778743782515456,2.2519030301478153,6.370941290575003,13.184549356223176
c1_L96_rep003.npz,0.15,96,5649,2.0961087938847336,2.3762568222985174,6.556530731505439,13.73472429210134
c1_L96_rep003.npz,0.15,96,6974,2.3463900756144223,2.5744754731193886,7.073256603259733,15.385642737896493
c1_L96_rep003.npz,0.15,96,8610,2.279572246426753,2.5759152918866612,6.898298645273203,14.559241706161139
c1_L96_rep003.npz,0.15,96,10629,2.5678169991174467,2.861265985551579,7.53542817815428,16.665461121157325
c1_L96_rep003.npz,0.15,96,13122,2.62406403353973,2.970909044292194,7.517353424914431,16.31150442477876
c1_L96_rep003.npz,0.15,96,16200,2.8058117265242504,3.1155592722451866,7.695405431405018,16.72595281306715
c1_L96_rep003.npz,0.15,96,20000,2.925835213821375,3.2788633518149948,8.022249325806083,17.587786259541986
