archive,composition,sweep,operator,tie_seed,pixel_spacing,native_fraction,observed_fraction,half,half_x,half_y,half_resolved,chord,chord_x,chord_y,complete_chords,complete_x,complete_y,censored_foreground_runs,censored_x,censored_y,censored_fraction,status
c0_L128_rep000.npz,0.5,1119,native,-1,1.0,0.5,0.5,1.7763250227139555,1.7850528661051068,1.7675971793228045,True,6.410813111962537,6.357020547945205,6.464013547840813,2349,1168,1181,268,134,134,0.10240733664501338,resolved
c0_L128_rep000.npz,0.5,1119,majority,-1,1.0,0.5,0.50079345703125,1.9045842309133505,1.9103161284379517,1.8988523333887493,True,7.409876543209877,7.329365079365079,7.489675516224189,2025,1008,1017,266,135,131,0.11610650371017023,resolved
c0_L128_rep000.npz,0.5,1119,matched,110,4.0,0.5,0.5,2.203065832172033,2.290993071593533,2.115138592750533,True,8.601431980906922,8.88,8.34703196347032,419,200,219,64,33,31,0.13250517598343686,resolved
c0_L128_rep000.npz,0.5,1119,matched,211,4.0,0.5,0.5,2.181825205214872,2.2752293577981653,2.088421052631579,True,8.528301886792454,8.851485148514852,8.234234234234235,424,202,222,63,32,31,0.1293634496919918,resolved
c0_L128_rep000.npz,0.5,1119,matched,312,4.0,0.5,0.5,2.2109333505413065,2.2700228832951943,2.1518438177874186,True,8.633093525179856,8.792079207920793,8.483720930232558,417,202,215,64,33,31,0.13305613305613306,resolved
c0_L128_rep000.npz,0.5,1119,matched,413,4.0,0.5,0.5,2.203433620290112,2.2596810933940774,2.1471861471861473,True,8.591885441527447,8.803921568627452,8.390697674418604,419,204,215,63,31,32,0.13070539419087138,resolved
c0_L128_rep000.npz,0.5,1119,matched,514,4.0,0.5,0.5,2.197109942718261,2.2700228832951943,2.1241970021413277,True,8.542857142857143,8.807881773399014,8.294930875576037,420,203,217,64,31,33,0.1322314049586777,resolved
c0_L128_rep000.npz,0.5,1268,native,-1,1.0,0.5,0.5,1.8198642439069843,1.8365508365508365,1.8031776512631321,True,6.481209503239741,6.433159722222222,6.528804815133276,2315,1152,1163,273,135,138,0.10548686244204018,resolved
c0_L128_rep000.npz,0.5,1268,majority,-1,1.0,0.5,0.498046875,1.952640457868744,1.9738220775518842,1.9314588381856037,True,7.556852791878173,7.583677685950414,7.530938123752495,1970,968,1002,277,136,141,0.12327547841566533,resolved
c0_L128_rep000.npz,0.5,1268,matched,110,4.0,0.5,0.5,2.2648519883446356,2.2700228832951943,2.2596810933940774,True,8.847290640394089,8.807881773399014,8.886699507389162,406,203,203,64,31,33,0.13617021276595745,resolved
c0_L128_rep000.npz,0.5,1268,matched,211,4.0,0.5,0.5,2.2806526116622363,2.2596810933940774,2.301624129930395,True,8.930693069306932,8.784313725490197,9.08,404,204,200,62,31,31,0.13304721030042918,resolved
c0_L128_rep000.npz,0.5,1268,matched,312,4.0,0.5,0.5,2.2805079774443637,2.290993071593533,2.2700228832951943,True,8.950495049504951,8.895522388059701,9.004926108374384,404,201,203,62,31,31,0.13304721030042918,resolved
c0_L128_rep000.npz,0.5,1268,matched,413,4.0,0.5,0.5,2.2571366446121823,2.2494331065759634,2.2648401826484017,True,8.862745098039216,8.745098039215685,8.980392156862745,408,204,204,63,33,30,0.1337579617834395,resolved
c0_L128_rep000.npz,0.5,1268,matched,514,4.0,0.5,0.5,2.2700347702232833,2.2752293577981653,2.2648401826484017,True,8.89655172413793,8.851485148514852,8.941176470588236,406,202,204,62,32,30,0.13247863247863248,resolved
c0_L128_rep000.npz,0.5,1438,native,-1,1.0,0.5,0.5,1.8417514712287129,1.866029339047305,1.8174736034101209,True,6.570746527777778,6.616814159292035,6.526405451448041,2304,1130,1174,263,136,127,0.1024542267238021,resolved
c0_L128_rep000.npz,0.5,1438,majority,-1,1.0,0.5,0.49957275390625,1.9784758154889812,1.9984851390876617,1.9584664918903005,True,7.689127105666156,7.7060041407867494,7.672708962739174,1959,966,993,258,134,124,0.11637347767253045,resolved
c0_L128_rep000.npz,0.5,1438,matched,110,4.0,0.5,0.5,2.262495969042244,2.2857142857142856,2.239277652370203,True,8.855036855036856,8.891089108910892,8.819512195121952,407,202,205,63,30,33,0.13404255319148936,resolved
c0_L128_rep000.npz,0.5,1438,matched,211,4.0,0.5,0.5,2.307089041651567,2.3231850117096013,2.290993071593533,True,9.002506265664161,9.025125628140703,8.98,399,199,200,62,29,33,0.13449023861171366,resolved
c0_L128_rep000.npz,0.5,1438,matched,312,4.0,0.5,0.5,2.293791835076239,2.312354312354312,2.2752293577981653,True,8.96,8.944723618090451,8.975124378109452,400,199,201,65,31,34,0.13978494623655913,resolved
c0_L128_rep000.npz,0.5,1438,matched,413,4.0,0.5,0.5,2.2783491018785136,2.312354312354312,2.244343891402715,True,8.873449131513647,9.00502512562814,8.745098039215685,403,199,204,65,31,34,0.1388888888888889,resolved
c0_L128_rep000.npz,0.5,1438,matched,514,4.0,0.5,0.5,2.277844563956554,2.2752293577981653,2.2804597701149425,True,8.823821339950372,8.807881773399014,8.84,403,203,200,65,30,35,0.1388888888888889,resolved
c0_L128_rep000.npz,0.5,1630,native,-1,1.0,0.5,0.5,1.920461024776693,1.9305251641137855,1.9103968854396003,True,6.843849296413981,6.873161764705882,6.815246636771301,2203,1088,1115,267,133,134,0.10809716599190283,resolved
c0_L128_rep000.npz,0.5,1630,majority,-1,1.0,0.5,0.50140380859375,2.0468977988703028,2.051896893946582,2.0418987037940233,True,7.961742826780021,7.949678800856531,7.973628691983122,1882,934,948,270,134,136,0.12546468401486988,resolved
c0_L128_rep000.npz,0.5,1630,matched,110,4.0,0.5,0.5,2.291005291005291,2.2962962962962963,2.2857142857142856,True,8.987531172069826,8.955223880597014,9.02,401,201,200,64,30,34,0.13763440860215054,resolved
c0_L128_rep000.npz,0.5,1630,matched,211,4.0,0.5,0.5,2.304325304325304,2.312354312354312,2.2962962962962963,True,9.06265664160401,9.02,9.105527638190955,399,200,199,63,29,34,0.13636363636363635,resolved
c0_L128_rep000.npz,0.5,1630,matched,312,4.0,0.5,0.5,2.2832321562893982,2.301624129930395,2.2648401826484017,True,8.962779156327544,8.955223880597014,8.970297029702971,403,201,202,63,29,34,0.1351931330472103,resolved
c0_L128_rep000.npz,0.5,1630,matched,413,4.0,0.5,0.5,2.312467396974439,2.328638497652582,2.2962962962962963,True,9.057934508816121,9.090909090909092,9.025125628140703,397,198,199,64,30,34,0.13882863340563992,resolved
c0_L128_rep000.npz,0.5,1630,matched,514,4.0,0.5,0.5,2.293718257150495,2.2804597701149425,2.3069767441860467,True,8.987531172069826,8.866995073891626,9.11111111111111,401,203,198,63,29,34,0.13577586206896552,resolved
c0_L128_rep000.npz,0.5,1848,native,-1,1.0,0.5,0.5,1.9698092750836853,1.9722646866127975,1.9673538635545733,True,7.00936329588015,6.961466165413534,7.056902985074627,2136,1064,1072,262,134,128,0.10925771476230192,resolved
c0_L128_rep000.npz,0.5,1848,majority,-1,1.0,0.5,0.500244140625,2.1078936491582065,2.105654589530161,2.110132708786252,True,8.140983606557377,8.104395604395604,8.177173913043479,1830,910,920,261,134,127,0.12482065997130559,resolved
c0_L128_rep000.npz,0.5,1848,matched,110,4.0,0.5,0.5,2.347958589163268,2.3562945368171024,2.339622641509434,True,9.056410256410256,9.066666666666666,9.046153846153846,390,195,195,65,31,34,0.14285714285714285,resolved
c0_L128_rep000.npz,0.5,1848,matched,211,4.0,0.5,0.5,2.353661694342809,2.373205741626794,2.334117647058824,True,9.097435897435897,9.11340206185567,9.081632653061224,390,194,196,63,30,33,0.1390728476821192,resolved
c0_L128_rep000.npz,0.5,1848,matched,312,4.0,0.5,0.5,2.3565072647764143,2.334117647058824,2.3788968824940047,True,9.069408740359897,8.969696969696969,9.172774869109947,389,198,191,64,29,35,0.141280353200883,resolved
c0_L128_rep000.npz,0.5,1848,matched,413,4.0,0.5,0.5,2.367541766109785,2.367541766109785,2.367541766109785,True,9.129533678756477,9.11340206185567,9.145833333333334,386,194,192,66,31,35,0.14601769911504425,resolved
c0_L128_rep000.npz,0.5,1848,matched,514,4.0,0.5,0.5,2.3817561335546946,2.3846153846153846,2.3788968824940047,True,9.177083333333334,9.160621761658032,9.193717277486911,384,193,191,65,30,35,0.1447661469933185,resolved
c0_L128_rep000.npz,0.5,2094,native,-1,1.0,0.5,0.5,2.0230754412323386,2.043608707786771,2.0025421746779064,True,7.114558472553699,7.141335914811229,7.088512241054614,2095,1033,1062,256,131,125,0.10888983411314335,resolved
c0_L128_rep000.npz,0.5,2094,majority,-1,1.0,0.5,0.49981689453125,2.154375616251901,2.168665087175023,2.1400861453287785,True,8.258803801006149,8.2562358276644,8.26130099228225,1789,882,907,258,135,123,0.126038104543234,resolved
c0_L128_rep000.npz,0.5,2094,matched,110,4.0,0.5,0.5,2.370942318675043,2.407766990291262,2.334117647058824,True,9.209302325581396,9.326315789473684,9.096446700507615,387,190,197,63,32,31,0.14,resolved
c0_L128_rep000.npz,0.5,2094,matched,211,4.0,0.5,0.5,2.3594999717178573,2.3903614457831326,2.328638497652582,True,9.154639175257731,9.277486910994764,9.035532994923859,388,191,197,65,33,32,0.1434878587196468,resolved
c0_L128_rep000.npz,0.5,2094,matched,312,4.0,0.5,0.5,2.3647501392219485,2.3562945368171024,2.373205741626794,True,9.136950904392766,9.175257731958762,9.098445595854923,387,194,193,65,33,32,0.14380530973451328,resolved
c0_L128_rep000.npz,0.5,2094,matched,413,4.0,0.5,0.5,2.359099649360932,2.361904761904762,2.3562945368171024,True,9.19280205655527,9.216494845360824,9.169230769230769,389,194,195,63,32,31,0.13938053097345132,resolved
c0_L128_rep000.npz,0.5,2094,matched,514,4.0,0.5,0.5,2.364803891483969,2.3788968824940047,2.3507109004739335,True,9.175257731958762,9.243523316062177,9.107692307692307,388,193,195,63,31,32,0.13968957871396895,resolved
c0_L128_rep000.npz,0.5,2374,native,-1,1.0,0.5,0.5,2.0284629463442467,2.0025970788057594,2.0543288138827345,True,7.050424128180961,6.923292797006548,7.17948717948718,2122,1069,1053,267,129,138,0.11176224361657597,resolved
c0_L128_rep000.npz,0.5,2374,majority,-1,1.0,0.5,0.49981689453125,2.2043163896875937,2.180746628723802,2.2278861506513854,True,8.40488358886996,8.208520179372197,8.60644418872267,1761,892,869,264,129,135,0.13037037037037036,resolved
c0_L128_rep000.npz,0.5,2374,matched,110,4.0,0.5,0.5,2.433141160132978,2.367541766109785,2.4987405541561714,True,9.496021220159152,9.251282051282052,9.758241758241759,377,195,182,62,29,33,0.14123006833712984,resolved
c0_L128_rep000.npz,0.5,2374,matched,211,4.0,0.5,0.5,2.4101665929529705,2.334117647058824,2.4862155388471177,True,9.421052631578947,9.171717171717171,9.692307692307692,380,198,182,64,29,35,0.14414414414414414,resolved
c0_L128_rep000.npz,0.5,2374,matched,312,4.0,0.5,0.5,2.430672520933804,2.3562945368171024,2.505050505050505,True,9.436170212765957,9.16326530612245,9.733333333333333,376,196,180,65,29,36,0.1473922902494331,resolved
c0_L128_rep000.npz,0.5,2374,matched,413,4.0,0.5,0.5,2.407823661633695,2.323185011709602,2.4924623115577886,True,9.378947368421052,9.05050505050505,9.736263736263735,380,198,182,65,31,34,0.14606741573033707,resolved
c0_L128_rep000.npz,0.5,2374,matched,514,4.0,0.5,0.5,2.4056437389770724,2.361904761904762,2.449382716049383,True,9.396325459317586,9.251282051282052,9.548387096774194,381,195,186,63,30,33,0.14189189189189189,resolved
c0_L128_rep000.npz,0.5,2691,native,-1,1.0,0.5,0.5,2.130362565001251,2.131892354944527,2.1288327750579747,True,7.312622309197652,7.3431661750245825,7.282375851996105,2044,1017,1027,263,122,141,0.11400086692674469,resolved
c0_L128_rep000.npz,0.5,2691,majority,-1,1.0,0.5,0.50042724609375,2.2868811747132085,2.277634986269873,2.2961273631565446,True,8.723040659988214,8.663157894736843,8.783847980997624,1697,855,842,260,120,140,0.13285641287685232,resolved
c0_L128_rep000.npz,0.5,2691,matched,110,4.0,0.5,0.5,2.461599088698008,2.449382716049383,2.4738154613466334,True,9.6,9.60427807486631,9.595628415300547,370,187,183,66,31,35,0.15137614678899083,resolved
c0_L128_rep000.npz,0.5,2691,matched,211,4.0,0.5,0.5,2.4988832487309645,2.48,2.517766497461929,True,9.780219780219781,9.717391304347826,9.844444444444445,364,184,180,66,32,34,0.15348837209302327,resolved
c0_L128_rep000.npz,0.5,2691,matched,312,4.0,0.5,0.5,2.471045153925376,2.443349753694581,2.4987405541561714,True,9.636856368563686,9.553191489361701,9.723756906077348,369,188,181,65,30,35,0.1497695852534562,resolved
c0_L128_rep000.npz,0.5,2691,matched,413,4.0,0.5,0.5,2.489370277078086,2.48,2.4987405541561714,True,9.692307692307692,9.683060109289617,9.701657458563536,364,183,181,69,34,35,0.15935334872979215,resolved
c0_L128_rep000.npz,0.5,2691,matched,514,4.0,0.5,0.5,2.4711984711984716,2.4373464373464375,2.505050505050505,True,9.70189701897019,9.617021276595745,9.790055248618785,369,188,181,65,31,34,0.1497695852534562,resolved
c0_L128_rep000.npz,0.5,3051,native,-1,1.0,0.5,0.5,2.149090768939999,2.184983882858788,2.1131976550212093,True,7.379841112214499,7.437751004016064,7.323182711198428,2014,996,1018,260,126,134,0.11433597185576078,resolved
c0_L128_rep000.npz,0.5,3051,majority,-1,1.0,0.5,0.50164794921875,2.300785743958761,2.3379148632605444,2.263656624656978,True,8.758274231678486,8.844765342960288,8.674796747967479,1692,831,861,254,124,130,0.13052415210688592,resolved
c0_L128_rep000.npz,0.5,3051,matched,110,4.0,0.5,0.5,2.5022138531222966,2.5306122448979593,2.4738154613466334,True,9.774104683195592,9.955555555555556,9.595628415300547,363,180,183,67,32,35,0.1558139534883721,resolved
c0_L128_rep000.npz,0.5,3051,matched,211,4.0,0.5,0.5,2.524434544430271,2.55012853470437,2.4987405541561714,True,9.77158774373259,9.820224719101123,9.723756906077348,359,178,181,68,33,35,0.1592505854800937,resolved
c0_L128_rep000.npz,0.5,3051,matched,312,4.0,0.5,0.5,2.5766233766233766,2.5766233766233766,2.5766233766233766,True,10.005698005698006,9.931818181818182,10.08,351,176,175,68,33,35,0.162291169451074,resolved
c0_L128_rep000.npz,0.5,3051,matched,413,4.0,0.5,0.5,2.515064267352185,2.55012853470437,2.48,True,9.7,9.820224719101123,9.582417582417582,360,178,182,69,33,36,0.16083916083916083,resolved
c0_L128_rep000.npz,0.5,3051,matched,514,4.0,0.5,0.5,2.533881385789783,2.543589743589744,2.524173027989822,True,9.932960893854748,10.033519553072626,9.832402234636872,358,179,179,67,32,35,0.15764705882352942,resolved
c0_L128_rep000.npz,0.5,3458,native,-1,1.0,0.5,0.5,2.195957122927974,2.2488495806272644,2.1430646652286836,True,7.529680365296803,7.6220145379023885,7.441468253968254,1971,963,1008,261,137,124,0.11693548387096774,resolved
c0_L128_rep000.npz,0.5,3458,majority,-1,1.0,0.5,0.500244140625,2.3455751951574646,2.3947502714672972,2.2964001188476324,True,8.886940749697702,9.0525,8.731850117096018,1654,800,854,261,137,124,0.13629242819843343,resolved
c0_L128_rep000.npz,0.5,3458,matched,110,4.0,0.5,0.5,2.631966388210538,2.673854447439353,2.5900783289817233,True,10.13953488372093,10.319526627218934,9.965714285714286,344,169,175,66,33,33,0.16097560975609757,resolved
c0_L128_rep000.npz,0.5,3458,matched,211,4.0,0.5,0.5,2.6127156412229082,2.688346883468834,2.5370843989769822,True,9.994236311239193,10.248520710059172,9.752808988764045,347,169,178,66,31,35,0.15980629539951574,resolved
c0_L128_rep000.npz,0.5,3458,matched,312,4.0,0.5,0.5,2.628852228852229,2.681081081081081,2.5766233766233766,True,10.040816326530612,10.142857142857142,9.942857142857143,343,168,175,69,34,35,0.16747572815533981,resolved
c0_L128_rep000.npz,0.5,3458,matched,413,4.0,0.5,0.5,2.604822980488914,2.659517426273458,2.55012853470437,True,9.959654178674352,10.117647058823529,9.807909604519773,347,170,177,68,33,35,0.163855421686747,resolved
c0_L128_rep000.npz,0.5,3458,matched,514,4.0,0.5,0.5,2.635579705031402,2.681081081081081,2.5900783289817233,True,10.099125364431487,10.224852071005918,9.977011494252874,343,169,174,67,32,35,0.16341463414634147,resolved
c0_L128_rep000.npz,0.5,3920,native,-1,1.0,0.5,0.5,2.2807828294360535,2.2991164998086795,2.2624491590634275,True,7.674648620510151,7.635602094240838,7.713250517598344,1921,955,966,262,140,122,0.12001832340815392,resolved
c0_L128_rep000.npz,0.5,3920,majority,-1,1.0,0.5,0.49822998046875,2.437627280284126,2.4607129794535787,2.4145415811146735,True,9.183080808080808,9.10941475826972,9.25563909774436,1584,786,798,264,141,123,0.14285714285714285,resolved
c0_L128_rep000.npz,0.5,3920,matched,110,4.0,0.5,0.5,2.710402747191221,2.717808219178082,2.7029972752043596,True,10.366366366366366,10.337349397590362,10.395209580838323,333,166,167,66,33,33,0.16541353383458646,resolved
c0_L128_rep000.npz,0.5,3920,matched,211,4.0,0.5,0.5,2.699444650129582,2.717808219178082,2.6810810810810812,True,10.234234234234235,10.303030303030303,10.166666666666666,333,165,168,69,35,34,0.17164179104477612,resolved
c0_L128_rep000.npz,0.5,3920,matched,312,4.0,0.5,0.5,2.6848319709355133,2.7029972752043596,2.6666666666666665,True,10.197014925373134,10.265060240963855,10.1301775147929,335,166,169,69,35,34,0.1707920792079208,resolved
c0_L128_rep000.npz,0.5,3920,matched,413,4.0,0.5,0.5,2.706730196545563,2.6956521739130435,2.717808219178082,True,10.25301204819277,10.275449101796408,10.23030303030303,332,167,165,69,34,35,0.17206982543640897,resolved
c0_L128_rep000.npz,0.5,3920,matched,514,4.0,0.5,0.5,2.721951219512195,2.7555555555555555,2.6883468834688347,True,10.27878787878788,10.429447852760736,10.131736526946108,330,163,167,69,34,35,0.17293233082706766,resolved
c0_L128_rep000.npz,0.5,4443,native,-1,1.0,0.5,0.5,2.320523497637146,2.345616865532948,2.2954301297413435,True,7.876741693461951,7.944983818770226,7.80937167199148,1866,927,939,264,133,131,0.12394366197183099,resolved
c0_L128_rep000.npz,0.5,4443,majority,-1,1.0,0.5,0.498779296875,2.465505046035702,2.5098284048730504,2.421181687198354,True,9.299615877080665,9.465449804432856,9.139622641509433,1562,767,795,264,130,134,0.14457831325301204,resolved
c0_L128_rep000.npz,0.5,4443,matched,110,4.0,0.5,0.5,2.7194616355224417,2.786516853932584,2.6524064171122994,True,10.521212121212121,10.782608695652174,10.272189349112425,330,161,169,70,34,36,0.175,resolved
c0_L128_rep000.npz,0.5,4443,matched,211,4.0,0.5,0.5,2.735294117647059,2.818181818181818,2.6524064171122994,True,10.524390243902438,10.9,10.166666666666666,328,160,168,70,32,38,0.17587939698492464,resolved
c0_L128_rep000.npz,0.5,4443,matched,312,4.0,0.5,0.5,2.728239845261122,2.818181818181818,2.6382978723404253,True,10.504559270516717,10.817610062893081,10.211764705882352,329,159,170,70,34,36,0.17543859649122806,resolved
c0_L128_rep000.npz,0.5,4443,matched,413,4.0,0.5,0.5,2.712832965965555,2.794366197183099,2.6312997347480107,True,10.46987951807229,10.782608695652174,10.175438596491228,332,161,171,68,33,35,0.17,resolved
c0_L128_rep000.npz,0.5,4443,matched,514,4.0,0.5,0.5,2.7313023586977927,2.810198300283286,2.6524064171122994,True,10.565349544072948,10.85,10.29585798816568,329,160,169,69,33,36,0.17336683417085427,resolved
c0_L128_rep000.npz,0.5,5037,native,-1,1.0,0.5,0.5,2.439877561419217,2.511582221494639,2.3681729013437955,True,8.219954648526077,8.30565167243368,8.137123745819398,1764,867,897,276,133,143,0.13529411764705881,resolved
c0_L128_rep000.npz,0.5,5037,majority,-1,1.0,0.5,0.49932861328125,2.5706119634710416,2.646251246253027,2.494972680689056,True,9.595174262734584,9.784232365145229,9.41742522756827,1492,723,769,276,131,145,0.15610859728506787,resolved
c0_L128_rep000.npz,0.5,5037,matched,110,4.0,0.5,0.5,2.7938902268982124,2.892128279883382,2.6956521739130435,True,10.732919254658386,11.04516129032258,10.44311377245509,322,155,167,67,33,34,0.17223650385604114,resolved
c0_L128_rep000.npz,0.5,5037,matched,211,4.0,0.5,0.5,2.810322167013944,2.9176470588235293,2.7029972752043596,True,10.77115987460815,11.11111111111111,10.457831325301205,319,153,166,69,34,35,0.17783505154639176,resolved
c0_L128_rep000.npz,0.5,5037,matched,312,4.0,0.5,0.5,2.802996971146182,2.9176470588235293,2.6883468834688347,True,10.7,11.032679738562091,10.395209580838323,320,153,167,69,34,35,0.17737789203084833,resolved
c0_L128_rep000.npz,0.5,5037,matched,413,4.0,0.5,0.5,2.7860339068506965,2.883720930232558,2.6883468834688347,True,10.65015479876161,10.948717948717949,10.37125748502994,323,156,167,67,32,35,0.1717948717948718,resolved
c0_L128_rep000.npz,0.5,5037,matched,514,4.0,0.5,0.5,2.7987188962798717,2.909090909090909,2.6883468834688347,True,10.679127725856699,10.987012987012987,10.395209580838323,321,154,167,68,33,35,0.17480719794344474,resolved
c0_L128_rep000.npz,0.5,5709,native,-1,1.0,0.5,0.5,2.476517999965913,2.5621033544877605,2.390932645444065,True,8.240834743372815,8.392652123995408,8.094235033259423,1773,871,902,269,133,136,0.13173359451518118,resolved
c0_L128_rep000.npz,0.5,5709,majority,-1,1.0,0.5,0.49920654296875,2.6193718311446084,2.7051860282102784,2.5335576340789383,True,9.735274204468517,10.03076923076923,9.458005249343833,1477,715,762,268,133,135,0.15358166189111747,resolved
c0_L128_rep000.npz,0.5,5709,matched,110,4.0,0.5,0.5,2.7496314496314493,2.818181818181818,2.6810810810810812,True,10.5565749235474,10.767295597484276,10.357142857142858,327,159,168,68,34,34,0.17215189873417722,resolved
c0_L128_rep000.npz,0.5,5709,matched,211,4.0,0.5,0.5,2.795085995085995,2.909090909090909,2.6810810810810812,True,10.666666666666666,11.012987012987013,10.347305389221557,321,154,167,69,33,36,0.17692307692307693,resolved
c0_L128_rep000.npz,0.5,5709,matched,312,4.0,0.5,0.5,2.7735682544145326,2.8587896253602305,2.6883468834688347,True,10.592592592592593,10.802547770700636,10.395209580838323,324,157,167,68,33,35,0.17346938775510204,resolved
c0_L128_rep000.npz,0.5,5709,matched,413,4.0,0.5,0.5,2.754536771728749,2.842406876790831,2.6666666666666665,True,10.576687116564417,10.886075949367088,10.285714285714286,326,158,168,69,33,36,0.17468354430379746,resolved
c0_L128_rep000.npz,0.5,5709,matched,514,4.0,0.5,0.5,2.8289892752681185,2.9176470588235293,2.7403314917127073,True,10.889589905362776,11.18954248366013,10.609756097560975,317,153,164,68,34,34,0.17662337662337663,resolved
c0_L128_rep000.npz,0.5,6472,native,-1,1.0,0.5,0.5,2.532696943896128,2.622834981675787,2.4425589061164694,True,8.286852589641434,8.496495327102803,8.087680355160932,1757,856,901,259,131,128,0.1284722222222222,resolved
c0_L128_rep000.npz,0.5,6472,majority,-1,1.0,0.5,0.49969482421875,2.6919654218411546,2.8005269750952246,2.583403868587085,True,10.02770083102493,10.380952380952381,9.701731025299601,1444,693,751,261,134,127,0.1530791788856305,resolved
c0_L128_rep000.npz,0.5,6472,matched,110,4.0,0.5,0.5,2.929728413104372,3.080745341614907,2.7787114845938374,True,11.294117647058824,12.055555555555555,10.617283950617283,306,144,162,67,34,33,0.17962466487935658,resolved
c0_L128_rep000.npz,0.5,6472,matched,211,4.0,0.5,0.5,2.962878680130849,3.1392405063291138,2.786516853932584,True,11.407894736842104,12.41958041958042,10.509316770186336,304,143,161,64,30,34,0.17391304347826086,resolved
c0_L128_rep000.npz,0.5,6472,matched,312,4.0,0.5,0.5,2.9432967032967037,3.0523076923076924,2.8342857142857145,True,11.357377049180329,12.054421768707483,10.708860759493671,305,147,158,65,31,34,0.17567567567567569,resolved
c0_L128_rep000.npz,0.5,6472,matched,413,4.0,0.5,0.5,2.931994141033689,3.0617283950617287,2.80225988700565,True,11.30718954248366,12.0,10.675,306,146,160,66,32,34,0.1774193548387097,resolved
c0_L128_rep000.npz,0.5,6472,matched,514,4.0,0.5,0.5,2.9267869384496565,3.0903426791277258,2.7632311977715873,True,11.281045751633988,12.083333333333334,10.567901234567902,306,144,162,68,33,35,0.18181818181818182,resolved
c0_L128_rep000.npz,0.5,7336,native,-1,1.0,0.5,0.5,2.644868972633598,2.73139659940592,2.5583413458612756,True,8.802791262135923,9.07125,8.549528301886792,1648,800,848,277,139,138,0.14389610389610388,resolved
c0_L128_rep000.npz,0.5,7336,majority,-1,1.0,0.5,0.49981689453125,2.787096002067364,2.89765049209818,2.6765415120365486,True,10.411078717201166,10.714932126696832,10.126939351198871,1372,663,709,278,138,140,0.1684848484848485,resolved
c0_L128_rep000.npz,0.5,7336,matched,110,4.0,0.5,0.5,3.0015746878089864,3.0151975683890577,2.9879518072289155,True,11.570469798657719,11.570469798657719,11.570469798657719,298,149,149,65,31,34,0.1790633608815427,resolved
c0_L128_rep000.npz,0.5,7336,matched,211,4.0,0.5,0.5,3.0203536870203536,3.0617283950617287,2.978978978978979,True,11.635135135135135,11.727891156462585,11.543624161073826,296,147,149,65,30,35,0.18005540166204986,resolved
c0_L128_rep000.npz,0.5,7336,matched,312,4.0,0.5,0.5,2.9970882736840183,3.0151975683890577,2.978978978978979,True,11.505016722408026,11.516778523489933,11.493333333333334,299,149,150,64,31,33,0.1763085399449036,resolved
c0_L128_rep000.npz,0.5,7336,matched,413,4.0,0.5,0.5,3.0244183560599724,3.0336391437308867,3.0151975683890577,True,11.635135135135135,11.621621621621621,11.64864864864865,296,148,148,64,31,33,0.17777777777777778,resolved
c0_L128_rep000.npz,0.5,7336,matched,514,4.0,0.5,0.5,3.024840101145322,3.0617283950617287,2.9879518072289155,True,11.661016949152541,11.753424657534246,11.570469798657719,295,146,149,66,32,34,0.18282548476454294,resolved
c0_L128_rep000.npz,0.5,8316,native,-1,1.0,0.5,0.5,2.690447327053276,2.774429738101943,2.606464916004609,True,8.704927884615385,8.757907542579076,8.653206650831354,1664,822,842,268,126,142,0.13871635610766045,resolved
c0_L128_rep000.npz,0.5,8316,majority,-1,1.0,0.5,0.50018310546875,2.8394586130190334,2.9338475437199882,2.745069682318079,True,10.533873343151694,10.711711711711711,10.36271676300578,1358,666,692,273,128,145,0.16738197424892703,resolved
c0_L128_rep000.npz,0.5,8316,matched,110,4.0,0.5,0.5,3.0310494103597554,3.1097178683385582,2.952380952380952,True,11.661016949152541,11.972222222222221,11.364238410596027,295,144,151,65,31,34,0.18055555555555555,resolved
c0_L128_rep000.npz,0.5,8316,matched,211,4.0,0.5,0.5,3.061553678764361,3.1794871794871793,2.943620178041543,True,11.741496598639456,12.112676056338028,11.394736842105264,294,142,152,61,28,33,0.17183098591549295,resolved
c0_L128_rep000.npz,0.5,8316,matched,312,4.0,0.5,0.5,2.997662868828513,3.042944785276074,2.952380952380952,True,11.586666666666666,11.756756756756756,11.421052631578947,300,148,152,62,30,32,0.1712707182320442,resolved
c0_L128_rep000.npz,0.5,8316,matched,413,4.0,0.5,0.5,3.0350299401197605,3.1,2.9700598802395213,True,11.67457627118644,11.917241379310346,11.44,295,145,150,64,30,34,0.17827298050139276,resolved
c0_L128_rep000.npz,0.5,8316,matched,514,4.0,0.5,0.5,3.034956934402033,3.169329073482428,2.9005847953216377,True,11.538983050847458,12.0,11.116883116883116,295,141,154,65,31,34,0.18055555555555555,resolved
c0_L128_rep000.npz,0.5,9427,native,-1,1.0,0.5,0.5,2.7508888643148843,2.8709466144563205,2.630831114173448,True,8.798543689320388,9.009937888198758,8.59667852906287,1648,805,843,262,123,139,0.13717277486910995,resolved
c0_L128_rep000.npz,0.5,9427,majority,-1,1.0,0.5,0.49969482421875,2.915686471757332,3.0606922811114226,2.7706806624032416,True,10.792921686746988,11.24921630094044,10.371014492753623,1328,638,690,255,123,132,0.1610865445356917,resolved
c0_L128_rep000.npz,0.5,9427,matched,110,4.0,0.5,0.5,3.0710457816567143,3.189710610932476,2.952380952380952,True,11.945017182130584,12.514285714285714,11.417218543046358,291,140,151,65,31,34,0.18258426966292135,resolved
c0_L128_rep000.npz,0.5,9427,matched,211,4.0,0.5,0.5,3.0850299401197607,3.2,2.9700598802395213,True,11.76551724137931,12.257142857142858,11.306666666666667,290,140,150,64,30,34,0.1807909604519774,resolved
c0_L128_rep000.npz,0.5,9427,matched,312,4.0,0.5,0.5,3.085775008452881,3.210355987055016,2.961194029850746,True,11.90311418685121,12.546762589928058,11.306666666666667,289,139,150,66,31,35,0.18591549295774648,resolved
c0_L128_rep000.npz,0.5,9427,matched,413,4.0,0.5,0.5,3.0894894894894893,3.2,2.978978978978979,True,12.013840830449826,12.571428571428571,11.48993288590604,289,140,149,65,30,35,0.18361581920903955,resolved
c0_L128_rep000.npz,0.5,9427,matched,514,4.0,0.5,0.5,3.112175962293794,3.263157894736842,2.961194029850746,True,11.93006993006993,12.558823529411764,11.36,286,136,150,67,32,35,0.18980169971671387,resolved
c0_L128_rep000.npz,0.5,10686,native,-1,1.0,0.5,0.5,2.896521888151967,3.045934077807018,2.7471096984969163,True,9.195357833655706,9.486092715231788,8.919597989949748,1551,755,796,281,136,145,0.15338427947598254,resolved
c0_L128_rep000.npz,0.5,10686,majority,-1,1.0,0.5,0.50091552734375,3.0400487105958414,3.2005338029256323,2.87956361826605,True,11.16416732438832,11.589869281045752,10.766412213740457,1267,612,655,279,131,148,0.18046571798188873,resolved
c0_L128_rep000.npz,0.5,10686,matched,110,4.0,0.5,0.5,3.229494334517166,3.397260273972603,3.0617283950617287,True,12.218181818181819,12.732824427480915,11.75,275,131,144,66,30,36,0.1935483870967742,resolved
c0_L128_rep000.npz,0.5,10686,matched,211,4.0,0.5,0.5,3.2212869258173336,3.4089347079037804,3.0336391437308867,True,12.129963898916968,12.793893129770993,11.534246575342467,277,131,146,64,29,35,0.187683284457478,resolved
c0_L128_rep000.npz,0.5,10686,matched,312,4.0,0.5,0.5,3.199269951883192,3.3741496598639453,3.0243902439024386,True,12.158273381294965,12.636363636363637,11.726027397260275,278,132,146,66,30,36,0.19186046511627908,resolved
c0_L128_rep000.npz,0.5,10686,matched,413,4.0,0.5,0.5,3.2236969620359837,3.385665529010239,3.0617283950617287,True,12.115942028985508,12.696969696969697,11.583333333333334,276,132,144,65,29,36,0.1906158357771261,resolved
c0_L128_rep000.npz,0.5,10686,matched,514,4.0,0.5,0.5,3.187870797626895,3.3513513513513513,3.0243902439024386,True,12.086021505376344,12.601503759398497,11.616438356164384,279,133,146,66,30,36,0.19130434782608696,resolved
c0_L128_rep000.npz,0.5,12113,native,-1,1.0,0.5,0.5,2.95739324965672,3.0868097022608407,2.8279767970525986,True,9.433510638297872,9.471063257065948,9.396846254927727,1504,743,761,279,132,147,0.15647784632641615,resolved
c0_L128_rep000.npz,0.5,12113,majority,-1,1.0,0.5,0.499755859375,3.0850634236938923,3.238144045593098,2.9319828017946867,True,11.219473264166002,11.466227347611202,10.987616099071207,1253,607,646,276,129,147,0.18051013734466972,resolved
c0_L128_rep000.npz,0.5,12113,matched,110,4.0,0.5,0.5,3.3123986043514013,3.5053003533568905,3.119496855345912,True,12.736842105263158,13.290322580645162,12.253521126760564,266,124,142,69,35,34,0.20597014925373133,resolved
c0_L128_rep000.npz,0.5,12113,matched,211,4.0,0.5,0.5,3.3652168930147273,3.5812274368231045,3.1492063492063496,True,12.80916030534351,13.40983606557377,12.285714285714286,262,122,140,68,33,35,0.20606060606060606,resolved
c0_L128_rep000.npz,0.5,12113,matched,312,4.0,0.5,0.5,3.2891246684350133,3.4685314685314683,3.1097178683385582,True,12.654275092936803,13.165354330708661,12.19718309859155,269,127,142,67,32,35,0.19940476190476192,resolved
c0_L128_rep000.npz,0.5,12113,matched,413,4.0,0.5,0.5,3.3248729828330985,3.530249110320285,3.119496855345912,True,12.676691729323307,13.290322580645162,12.140845070422536,266,124,142,67,33,34,0.2012012012012012,resolved
c0_L128_rep000.npz,0.5,12113,matched,514,4.0,0.5,0.5,3.288253891848724,3.5053003533568905,3.0712074303405577,True,12.582089552238806,13.258064516129032,12.0,268,124,144,70,35,35,0.20710059171597633,resolved
c0_L128_rep000.npz,0.5,13731,native,-1,1.0,0.5,0.5,3.08114325767275,3.248015380798809,2.9142711345466914,True,9.61217510259918,10.044668587896254,9.221354166666666,1462,694,768,284,133,151,0.16265750286368844,resolved
c0_L128_rep000.npz,0.5,13731,majority,-1,1.0,0.5,0.49920654296875,3.221172687834886,3.370277077370925,3.072068298298847,True,11.743871513102283,12.17605633802817,11.34471544715447,1183,568,615,287,133,154,0.19523809523809524,resolved
c0_L128_rep000.npz,0.5,13731,matched,110,4.0,0.5,0.5,3.371428571428572,3.542857142857143,3.2,True,12.67432950191571,13.138211382113822,12.26086956521739,261,123,138,68,34,34,0.2066869300911854,resolved
c0_L128_rep000.npz,0.5,13731,matched,211,4.0,0.5,0.5,3.399807841023598,3.5683453237410068,3.231270358306189,True,12.772200772200772,13.333333333333334,12.264705882352942,259,123,136,67,32,35,0.20552147239263804,resolved
c0_L128_rep000.npz,0.5,13731,matched,312,4.0,0.5,0.5,3.3717046238785375,3.594202898550725,3.1492063492063496,True,12.505747126436782,12.991735537190083,12.085714285714285,261,121,140,69,34,35,0.20909090909090908,resolved
c0_L128_rep000.npz,0.5,13731,matched,413,4.0,0.5,0.5,3.4168432266082736,3.5812274368231045,3.252459016393442,True,12.715953307392995,13.114754098360656,12.355555555555556,257,122,135,68,33,35,0.20923076923076922,resolved
c0_L128_rep000.npz,0.5,13731,matched,514,4.0,0.5,0.5,3.3984916691026017,3.6072727272727274,3.189710610932476,True,12.69767441860465,13.366666666666667,12.115942028985508,258,120,138,70,35,35,0.21341463414634146,resolved
c0_L128_rep000.npz,0.5,15565,native,-1,1.0,0.5,0.5,3.11025036954278,3.260085224917511,2.9604155141680497,True,9.960444136016655,10.152875175315568,9.771978021978022,1441,713,728,257,113,144,0.1513545347467609,resolved
c0_L128_rep000.npz,0.5,15565,majority,-1,1.0,0.5,0.50042724609375,3.2477247360564867,3.4023573597782764,3.0930921123346975,True,11.871536523929471,12.329842931937172,11.446601941747574,1191,573,618,258,116,142,0.17805383022774326,resolved
c0_L128_rep000.npz,0.5,15565,matched,110,4.0,0.5,0.5,3.438454249973014,3.5812274368231045,3.2956810631229234,True,13.1875,13.580645161290322,12.818181818181818,256,124,132,66,29,37,0.20496894409937888,resolved
c0_L128_rep000.npz,0.5,15565,matched,211,4.0,0.5,0.5,3.4247619047619047,3.542857142857143,3.3066666666666666,True,13.147286821705427,13.396825396825397,12.909090909090908,258,126,132,64,28,36,0.19875776397515527,resolved
c0_L128_rep000.npz,0.5,15565,matched,312,4.0,0.5,0.5,3.3904441955953715,3.5177304964539005,3.263157894736842,True,13.015384615384615,13.333333333333334,12.716417910447761,260,126,134,66,30,36,0.20245398773006135,resolved
c0_L128_rep000.npz,0.5,15565,matched,413,4.0,0.5,0.5,3.414741474147415,3.5555555555555554,3.273927392739274,True,13.116279069767442,13.504,12.75187969924812,258,125,133,66,29,37,0.2037037037037037,resolved
c0_L128_rep000.npz,0.5,15565,matched,514,4.0,0.5,0.5,3.3923436041083104,3.542857142857143,3.241830065359477,True,12.996168582375478,13.428571428571429,12.592592592592593,261,126,135,64,28,36,0.19692307692307692,resolved
c0_L128_rep000.npz,0.5,17644,native,-1,1.0,0.5,0.5,3.2012458047935275,3.377384371383257,3.025107238203798,True,9.914245216158752,9.92485549132948,9.90403337969402,1411,692,719,272,127,145,0.16161616161616163,resolved
c0_L128_rep000.npz,0.5,17644,majority,-1,1.0,0.5,0.50042724609375,3.360002683017597,3.5466647243405562,3.1733406416946375,True,12.00868809730669,12.213381555153708,11.819397993311037,1151,553,598,273,126,147,0.19171348314606743,resolved
c0_L128_rep000.npz,0.5,17644,matched,110,4.0,0.5,0.5,3.5290911843366803,3.729323308270676,3.3288590604026846,True,13.328,13.781512605042018,12.916030534351146,250,119,131,64,28,36,0.20382165605095542,resolved
c0_L128_rep000.npz,0.5,17644,matched,211,4.0,0.5,0.5,3.4862502769639825,3.687732342007435,3.2847682119205297,True,13.122529644268775,13.566666666666666,12.721804511278195,253,120,133,65,29,36,0.20440251572327045,resolved
c0_L128_rep000.npz,0.5,17644,matched,312,4.0,0.5,0.5,3.487958941966048,3.647058823529412,3.3288590604026846,True,13.154150197628459,13.40983606557377,12.916030534351146,253,122,131,64,28,36,0.20189274447949526,resolved
c0_L128_rep000.npz,0.5,17644,matched,413,4.0,0.5,0.5,3.5165407788759033,3.7153558052434454,3.317725752508361,True,13.243027888446216,13.680672268907562,12.848484848484848,251,119,132,64,29,35,0.20317460317460317,resolved
c0_L128_rep000.npz,0.5,17644,matched,514,4.0,0.5,0.5,3.5211719847481437,3.757575757575758,3.2847682119205297,True,13.258964143426295,13.864406779661017,12.721804511278195,251,118,133,64,28,36,0.20317460317460317,resolved
c0_L128_rep000.npz,0.5,20000,native,-1,1.0,0.5,0.5,3.3269506664985706,3.4259871281962075,3.2279142048009337,True,10.157319737800437,9.98542274052478,10.32896652110626,1373,686,687,262,118,144,0.1602446483180428,resolved
c0_L128_rep000.npz,0.5,20000,majority,-1,1.0,0.5,0.5001220703125,3.4866408442344206,3.6093026974870472,3.3639789909817943,True,12.430517711171662,12.25598526703499,12.600358422939069,1101,543,558,266,120,146,0.19458668617410388,resolved
c0_L128_rep000.npz,0.5,20000,matched,110,4.0,0.5,0.5,3.6181769864469837,3.743396226415094,3.4929577464788735,True,13.646090534979423,13.478991596638656,13.806451612903226,243,119,124,63,27,36,0.20588235294117646,resolved
c0_L128_rep000.npz,0.5,20000,matched,211,4.0,0.5,0.5,3.658184086009843,3.8599221789883273,3.456445993031359,True,13.759336099585063,13.982608695652173,13.555555555555555,241,115,126,62,27,35,0.20462046204620463,resolved
c0_L128_rep000.npz,0.5,20000,matched,312,4.0,0.5,0.5,3.650703616670718,3.8449612403100777,3.456445993031359,True,13.892116182572614,14.10344827586207,13.696,241,116,125,63,26,37,0.20723684210526316,resolved
c0_L128_rep000.npz,0.5,20000,matched,413,4.0,0.5,0.5,3.6665575559192582,3.8153846153846156,3.5177304964539005,True,13.933333333333334,14.017094017094017,13.853658536585366,240,117,123,62,26,36,0.2052980132450331,resolved
c0_L128_rep000.npz,0.5,20000,matched,514,4.0,0.5,0.5,3.5703282501938487,3.743396226415094,3.397260273972603,True,13.473684210526315,13.61344537815126,13.34375,247,119,128,63,27,36,0.2032258064516129,resolved
c0_L128_rep001.npz,0.5,1119,native,-1,1.0,0.5,0.5,1.6969065013426743,1.71883514986376,1.6749778528215886,True,6.0572,6.168284789644013,5.948575949367089,2500,1236,1264,239,118,121,0.08725812340270171,resolved
c0_L128_rep001.npz,0.5,1119,majority,-1,1.0,0.5,0.49853515625,1.8392392708466803,1.8569909578176156,1.821487583875745,True,7.061618062088429,7.207421503330162,6.919069767441861,2126,1051,1075,233,114,119,0.09877066553624417,resolved
c0_L128_rep001.npz,0.5,1119,matched,110,4.0,0.5,0.5,2.2267143648914196,2.2242152466367715,2.2292134831460673,True,8.42409638554217,8.688995215311005,8.155339805825243,415,209,206,61,28,33,0.12815126050420167,resolved
c0_L128_rep001.npz,0.5,1119,matched,211,4.0,0.5,0.5,2.187497568755592,2.199556541019956,2.175438596491228,True,8.31132075471698,8.584905660377359,8.037735849056604,424,212,212,59,27,32,0.12215320910973085,resolved
c0_L128_rep001.npz,0.5,1119,matched,312,4.0,0.5,0.5,2.180230311461473,2.175438596491228,2.1850220264317177,True,8.24470588235294,8.448598130841122,8.037914691943127,425,214,211,60,28,32,0.12371134020618557,resolved
c0_L128_rep001.npz,0.5,1119,matched,413,4.0,0.5,0.5,2.2068992823558524,2.2044444444444444,2.2093541202672604,True,8.4,8.587677725118484,8.210526315789474,420,211,209,59,28,31,0.12317327766179541,resolved
c0_L128_rep001.npz,0.5,1119,matched,514,4.0,0.5,0.5,2.19478695024352,2.18021978021978,2.2093541202672604,True,8.312796208530806,8.504672897196262,8.115384615384615,422,214,208,60,27,33,0.12448132780082988,resolved
c0_L128_rep001.npz,0.5,1268,native,-1,1.0,0.5,0.5,1.7807295766909013,1.7887466550951039,1.7727124982866989,True,6.341708542713568,6.387312186978297,6.295798319327731,2388,1198,1190,228,110,118,0.0871559633027523,resolved
c0_L128_rep001.npz,0.5,1268,majority,-1,1.0,0.5,0.5001220703125,1.9159384296776607,1.91497823370627,1.9168986256490512,True,7.4148148148148145,7.4763779527559056,7.352824578790882,2025,1016,1009,234,112,122,0.10358565737051793,resolved
c0_L128_rep001.npz,0.5,1268,matched,110,4.0,0.5,0.5,2.2258265751715536,2.2857142857142856,2.165938864628821,True,8.679425837320574,9.044334975369457,8.334883720930232,418,203,215,56,28,28,0.11814345991561181,resolved
c0_L128_rep001.npz,0.5,1268,matched,211,4.0,0.5,0.5,2.1950770556327965,2.2242152466367715,2.165938864628821,True,8.567375886524824,8.78468899521531,8.355140186915888,423,209,214,58,28,30,0.12058212058212059,resolved
c0_L128_rep001.npz,0.5,1268,matched,312,4.0,0.5,0.5,2.203433620290112,2.2596810933940774,2.147186147186147,True,8.589073634204276,8.93658536585366,8.25925925925926,421,205,216,59,29,30,0.12291666666666666,resolved
c0_L128_rep001.npz,0.5,1268,matched,413,4.0,0.5,0.5,2.2294102809867327,2.3069767441860467,2.1518438177874186,True,8.634615384615385,9.06,8.24074074074074,416,200,216,59,30,29,0.12421052631578948,resolved
c0_L128_rep001.npz,0.5,1268,matched,514,4.0,0.5,0.5,2.202217513428276,2.2242152466367715,2.18021978021978,True,8.568720379146919,8.746411483253588,8.394366197183098,422,209,213,57,28,29,0.11899791231732777,resolved
c0_L128_rep001.npz,0.5,1438,native,-1,1.0,0.5,0.5,1.8325151808067606,1.8416688115307895,1.8233615500827318,True,6.550630160799653,6.626865671641791,6.475903614457831,2301,1139,1162,230,125,105,0.09087317265902806,resolved
c0_L128_rep001.npz,0.5,1438,majority,-1,1.0,0.5,0.5008544921875,1.9592412820315699,1.9708370370199524,1.9476455270431874,True,7.57748611812216,7.664964249233912,7.492015968063872,1981,979,1002,231,125,106,0.10443037974683544,resolved
c0_L128_rep001.npz,0.5,1438,matched,110,4.0,0.5,0.5,2.261100726895119,2.317757009345794,2.2044444444444444,True,8.827250608272506,9.2,8.4739336492891,411,200,211,56,28,28,0.11991434689507495,resolved
c0_L128_rep001.npz,0.5,1438,matched,211,4.0,0.5,0.5,2.240008155567449,2.2804597701149425,2.199556541019956,True,8.8,9.03921568627451,8.568720379146919,415,204,211,56,27,29,0.11889596602972399,resolved
c0_L128_rep001.npz,0.5,1438,matched,312,4.0,0.5,0.5,2.2275224548634562,2.2700228832951943,2.185022026431718,True,8.75,9.019607843137255,8.49056603773585,416,204,212,59,29,30,0.12421052631578948,resolved
c0_L128_rep001.npz,0.5,1438,matched,413,4.0,0.5,0.5,2.257916000641454,2.3451536643026007,2.1706783369803064,True,8.854368932038835,9.218274111675127,8.52093023255814,412,197,215,56,29,27,0.11965811965811966,resolved
c0_L128_rep001.npz,0.5,1438,matched,514,4.0,0.5,0.5,2.237779880163986,2.2857142857142856,2.1898454746136866,True,8.75,9.044334975369457,8.469483568075118,416,203,213,55,28,27,0.11677282377919321,resolved
c0_L128_rep001.npz,0.5,1630,native,-1,1.0,0.5,0.5,1.8649495751393566,1.868827437976441,1.8610717123022722,True,6.5648590021691975,6.599476439790576,6.530629853321829,2305,1146,1159,226,123,103,0.08929276965626234,resolved
c0_L128_rep001.npz,0.5,1630,majority,-1,1.0,0.5,0.5018310546875,2.0008588645962013,2.015835195074357,1.9858825341180455,True,7.704218106995885,7.822361546499478,7.589665653495441,1944,957,987,225,124,101,0.1037344398340249,resolved
c0_L128_rep001.npz,0.5,1630,matched,110,4.0,0.5,0.5,2.3579042457091237,2.419512195121951,2.2962962962962963,True,9.193877551020408,9.51578947368421,8.891089108910892,392,190,202,58,30,28,0.1288888888888889,resolved
c0_L128_rep001.npz,0.5,1630,matched,211,4.0,0.5,0.5,2.3125553593261783,2.334117647058824,2.290993071593533,True,8.99,9.191919191919192,8.792079207920793,400,198,202,58,29,29,0.12663755458515283,resolved
c0_L128_rep001.npz,0.5,1630,matched,312,4.0,0.5,0.5,2.3493800309423976,2.407766990291262,2.290993071593533,True,9.180661577608143,9.486910994764397,8.891089108910892,393,191,202,59,30,29,0.13053097345132744,resolved
c0_L128_rep001.npz,0.5,1630,matched,413,4.0,0.5,0.5,2.371131900894418,2.413625304136253,2.328638497652582,True,9.302564102564103,9.507853403141361,9.105527638190955,390,191,199,57,29,28,0.12751677852348994,resolved
c0_L128_rep001.npz,0.5,1630,matched,514,4.0,0.5,0.5,2.345796064400716,2.3846153846153846,2.3069767441860467,True,9.16751269035533,9.409326424870466,8.935323383084578,394,193,201,58,30,28,0.12831858407079647,resolved
c0_L128_rep001.npz,0.5,1848,native,-1,1.0,0.5,0.5,1.9380883717011548,1.9579491620396312,1.9182275813626786,True,6.8849151765245304,7.056902985074627,6.718665464382326,2181,1072,1109,232,129,103,0.09614587650227932,resolved
c0_L128_rep001.npz,0.5,1848,majority,-1,1.0,0.5,0.50091552734375,2.057397051409803,2.091413021817136,2.02338108100247,True,7.923769190047644,8.155844155844155,7.701554404145078,1889,924,965,230,126,104,0.10854176498348278,resolved
c0_L128_rep001.npz,0.5,1848,matched,110,4.0,0.5,0.5,2.3766879886282872,2.4676616915422884,2.2857142857142856,True,9.229974160206718,9.72972972972973,8.772277227722773,387,185,202,62,32,30,0.13808463251670378,resolved
c0_L128_rep001.npz,0.5,1848,matched,211,4.0,0.5,0.5,2.3409247757073843,2.396135265700483,2.2857142857142856,True,9.119592875318066,9.424083769633508,8.831683168316832,393,191,202,62,32,30,0.13626373626373625,resolved
c0_L128_rep001.npz,0.5,1848,matched,312,4.0,0.5,0.5,2.3333886143266223,2.401937046004843,2.2648401826484017,True,9.09367088607595,9.465968586387435,8.745098039215685,395,191,204,61,31,30,0.1337719298245614,resolved
c0_L128_rep001.npz,0.5,1848,matched,413,4.0,0.5,0.5,2.384642910736342,2.4676616915422884,2.301624129930395,True,9.264248704663212,9.741935483870968,8.82,386,186,200,61,30,31,0.13646532438478748,resolved
c0_L128_rep001.npz,0.5,1848,matched,514,4.0,0.5,0.5,2.3323055841041453,2.3788968824940047,2.2857142857142856,True,9.063291139240507,9.347150259067357,8.792079207920793,395,193,202,61,31,30,0.1337719298245614,resolved
c0_L128_rep001.npz,0.5,2094,native,-1,1.0,0.5,0.5,2.0038788209670315,2.027421650604807,1.9803359913292562,True,7.0585457979225685,7.184971098265896,6.937037037037037,2118,1038,1080,215,120,95,0.09215602228889841,resolved
c0_L128_rep001.npz,0.5,2094,majority,-1,1.0,0.5,0.49908447265625,2.1481286446014156,2.1735197530386343,2.122737536164197,True,8.194919933738266,8.334836527621196,8.06060606060606,1811,887,924,213,122,91,0.10523715415019763,resolved
c0_L128_rep001.npz,0.5,2094,matched,110,4.0,0.5,0.5,2.4086751532296087,2.4554455445544554,2.361904761904762,True,9.343832020997375,9.732620320855615,8.969072164948454,381,187,194,62,30,32,0.1399548532731377,resolved
c0_L128_rep001.npz,0.5,2094,matched,211,4.0,0.5,0.5,2.4165974315759486,2.407766990291262,2.4254278728606358,True,9.350923482849604,9.44502617801047,9.25531914893617,379,191,188,63,30,33,0.1425339366515837,resolved
c0_L128_rep001.npz,0.5,2094,matched,312,4.0,0.5,0.5,2.4165974315759486,2.4254278728606353,2.407766990291262,True,9.319261213720317,9.502645502645503,9.136842105263158,379,189,190,63,31,32,0.1425339366515837,resolved
c0_L128_rep001.npz,0.5,2094,matched,413,4.0,0.5,0.5,2.4649043744521135,2.492462311557789,2.4373464373464375,True,9.56989247311828,9.782608695652174,9.361702127659575,372,184,188,61,30,31,0.14087759815242495,resolved
c0_L128_rep001.npz,0.5,2094,matched,514,4.0,0.5,0.5,2.4227589908749327,2.4493827160493824,2.396135265700483,True,9.37203166226913,9.638297872340425,9.109947643979057,379,188,191,61,29,32,0.13863636363636364,resolved
c0_L128_rep001.npz,0.5,2374,native,-1,1.0,0.5,0.5,2.047368367148373,2.0947367342967462,2.0,True,7.140066698427823,7.263768115942029,7.019736842105263,2099,1035,1064,221,118,103,0.09525862068965517,resolved
c0_L128_rep001.npz,0.5,2374,majority,-1,1.0,0.5,0.50067138671875,2.1915831013246043,2.22438671531886,2.1587794873303485,True,8.413288288288289,8.577981651376147,8.254424778761061,1776,872,904,218,117,101,0.10932798395185557,resolved
c0_L128_rep001.npz,0.5,2374,matched,110,4.0,0.5,0.5,2.5219254097302874,2.624338624338624,2.419512195121951,True,9.815217391304348,10.295454545454545,9.375,368,176,192,52,26,26,0.12380952380952381,resolved
c0_L128_rep001.npz,0.5,2374,matched,211,4.0,0.5,0.5,2.48698099929627,2.5306122448979593,2.443349753694581,True,9.666666666666666,9.879781420765028,9.46031746031746,372,183,189,54,26,28,0.1267605633802817,resolved
c0_L128_rep001.npz,0.5,2374,matched,312,4.0,0.5,0.5,2.5265286283658988,2.6036745406824147,2.449382716049383,True,9.852861035422343,10.214689265536723,9.51578947368421,367,177,190,52,27,25,0.12410501193317422,resolved
c0_L128_rep001.npz,0.5,2374,matched,413,4.0,0.5,0.5,2.5438402941949043,2.6382978723404253,2.449382716049383,True,9.829201101928374,10.275862068965518,9.417989417989418,363,174,189,55,28,27,0.13157894736842105,resolved
c0_L128_rep001.npz,0.5,2374,matched,514,4.0,0.5,0.5,2.482622269772447,2.5633074935400515,2.401937046004843,True,9.689839572192513,10.121546961325967,9.284974093264248,374,181,193,52,25,27,0.12206572769953052,resolved
c0_L128_rep001.npz,0.5,2691,native,-1,1.0,0.5,0.5,2.0892353758604103,2.08964409954509,2.088826652175731,True,7.299124513618677,7.376712328767123,7.222437137330754,2056,1022,1034,225,114,111,0.09864094695309075,resolved
c0_L128_rep001.npz,0.5,2691,majority,-1,1.0,0.5,0.50146484375,2.246985401507753,2.238982658563309,2.2549881444521973,True,8.588978185993112,8.65556831228473,8.522388059701493,1742,871,871,225,115,110,0.11438739196746314,resolved
c0_L128_rep001.npz,0.5,2691,matched,110,4.0,0.5,0.5,2.5998696442660627,2.6883468834688347,2.511392405063291,True,9.926345609065155,10.34319526627219,9.543478260869565,353,169,184,58,31,27,0.1411192214111922,resolved
c0_L128_rep001.npz,0.5,2691,matched,211,4.0,0.5,0.5,2.561056105610561,2.6666666666666665,2.4554455445544554,True,9.838440111420613,10.362573099415204,9.361702127659575,359,171,188,58,30,28,0.13908872901678657,resolved
c0_L128_rep001.npz,0.5,2691,matched,312,4.0,0.5,0.5,2.5560566668435296,2.6382978723404253,2.4738154613466334,True,9.8,10.242774566473988,9.390374331550802,360,173,187,57,30,27,0.1366906474820144,resolved
c0_L128_rep001.npz,0.5,2691,matched,413,4.0,0.5,0.5,2.6258271885044433,2.6883468834688347,2.5633074935400515,True,10.028818443804035,10.333333333333334,9.743016759776536,347,168,179,62,33,29,0.15158924205378974,resolved
c0_L128_rep001.npz,0.5,2691,matched,514,4.0,0.5,0.5,2.56620320855615,2.6524064171122994,2.48,True,9.843575418994414,10.325581395348838,9.397849462365592,358,172,186,58,30,28,0.13942307692307693,resolved
c0_L128_rep001.npz,0.5,3051,native,-1,1.0,0.5,0.5,2.2266238300756136,2.232990357162097,2.2202573029891304,True,7.674859190988223,7.68724279835391,7.662589194699287,1953,972,981,227,124,103,0.10412844036697248,resolved
c0_L128_rep001.npz,0.5,3051,majority,-1,1.0,0.5,0.50067138671875,2.3523001366649123,2.344412867104815,2.36018740622501,True,8.942736588306209,8.996372430471585,8.889423076923077,1659,827,832,231,123,108,0.12222222222222222,resolved
c0_L128_rep001.npz,0.5,3051,matched,110,4.0,0.5,0.5,2.6083976006855183,2.6666666666666665,2.55012853470437,True,10.137142857142857,10.541176470588235,9.755555555555556,350,170,180,61,32,29,0.14841849148418493,resolved
c0_L128_rep001.npz,0.5,3051,matched,211,4.0,0.5,0.5,2.579978354978355,2.5833333333333335,2.5766233766233766,True,10.140845070422536,10.305084745762711,9.97752808988764,355,177,178,59,30,29,0.14251207729468598,resolved
c0_L128_rep001.npz,0.5,3051,matched,312,4.0,0.5,0.5,2.586811363605456,2.6036745406824147,2.569948186528497,True,10.08498583569405,10.308571428571428,9.865168539325843,353,175,178,61,31,30,0.1473429951690821,resolved
c0_L128_rep001.npz,0.5,3051,matched,413,4.0,0.5,0.5,2.628188032508457,2.659517426273458,2.5968586387434556,True,10.32183908045977,10.573099415204679,10.07909604519774,348,171,177,59,31,28,0.14496314496314497,resolved
c0_L128_rep001.npz,0.5,3051,matched,514,4.0,0.5,0.5,2.5900959860383947,2.5833333333333335,2.5968586387434556,True,10.141643059490084,10.282485875706215,10.0,353,177,176,60,30,30,0.14527845036319612,resolved
c0_L128_rep001.npz,0.5,3458,native,-1,1.0,0.5,0.5,2.283604618589144,2.2932445353672364,2.273964701811051,True,7.798336798336798,7.8844953173777315,7.712357217030114,1924,961,963,220,112,108,0.10261194029850747,resolved
c0_L128_rep001.npz,0.5,3458,majority,-1,1.0,0.5,0.49969482421875,2.4243575533607116,2.4222709521026506,2.426444154618773,True,9.192093885114268,9.342007434944238,9.043103448275861,1619,807,812,216,109,107,0.11771117166212534,resolved
c0_L128_rep001.npz,0.5,3458,matched,110,4.0,0.5,0.5,2.6633223779046302,2.6382978723404253,2.6883468834688347,True,10.43731778425656,10.459770114942529,10.414201183431953,343,174,169,59,28,31,0.14676616915422885,resolved
c0_L128_rep001.npz,0.5,3458,matched,211,4.0,0.5,0.5,2.6139702819052912,2.610526315789474,2.6174142480211082,True,10.285714285714286,10.318181818181818,10.25287356321839,350,176,174,59,28,31,0.14425427872860636,resolved
c0_L128_rep001.npz,0.5,3458,matched,312,4.0,0.5,0.5,2.6438782028532897,2.5699481865284977,2.717808219178082,True,10.300578034682081,10.189944134078212,10.419161676646707,346,179,167,59,28,31,0.145679012345679,resolved
c0_L128_rep001.npz,0.5,3458,matched,413,4.0,0.5,0.5,2.6420404573438874,2.6174142480211082,2.6666666666666665,True,10.335260115606937,10.340909090909092,10.329411764705883,346,176,170,59,27,32,0.145679012345679,resolved
c0_L128_rep001.npz,0.5,3458,matched,514,4.0,0.5,0.5,2.6528805657449714,2.6174142480211082,2.6883468834688347,True,10.423188405797102,10.409090909090908,10.437869822485206,345,176,169,58,27,31,0.14392059553349876,resolved
c0_L128_rep001.npz,0.5,3920,native,-1,1.0,0.5,0.5,2.258366257909994,2.2612483071109697,2.255484208709018,True,7.654377880184332,7.732032854209446,7.577119509703779,1953,974,979,234,119,115,0.10699588477366255,resolved
c0_L128_rep001.npz,0.5,3920,majority,-1,1.0,0.5,0.5009765625,2.414863518944737,2.4215336726777563,2.4081933652117176,True,9.220570012391574,9.354477611940299,9.087654320987655,1614,804,810,235,119,116,0.12709572742022715,resolved
c0_L128_rep001.npz,0.5,3920,matched,110,4.0,0.5,0.5,2.6455026455026456,2.624338624338624,2.6666666666666665,True,10.277456647398845,10.422857142857143,10.128654970760234,346,175,171,58,28,30,0.14356435643564355,resolved
c0_L128_rep001.npz,0.5,3920,matched,211,4.0,0.5,0.5,2.6428652514473834,2.5900783289817233,2.6956521739130435,True,10.3121387283237,10.282485875706215,10.34319526627219,346,177,169,59,29,30,0.145679012345679,resolved
c0_L128_rep001.npz,0.5,3920,matched,312,4.0,0.5,0.5,2.6313182483395248,2.624338624338624,2.6382978723404253,True,10.241379310344827,10.4,10.080924855491329,348,175,173,58,28,30,0.14285714285714285,resolved
c0_L128_rep001.npz,0.5,3920,matched,413,4.0,0.5,0.5,2.682041051947008,2.6312997347480107,2.732782369146005,True,10.52199413489736,10.459770114942529,10.58682634730539,341,174,167,58,29,29,0.14536340852130325,resolved
c0_L128_rep001.npz,0.5,3920,matched,514,4.0,0.5,0.5,2.6666666666666665,2.6666666666666665,2.6666666666666665,True,10.46064139941691,10.604651162790697,10.31578947368421,343,172,171,58,28,30,0.14463840399002495,resolved
c0_L128_rep001.npz,0.5,4443,native,-1,1.0,0.5,0.5,2.3600681821636664,2.3390388033517233,2.3810975609756095,True,8.04855923159018,8.035902851108764,8.06148867313916,1874,947,927,199,104,95,0.09599614085865894,resolved
c0_L128_rep001.npz,0.5,4443,majority,-1,1.0,0.5,0.5010986328125,2.485756419693822,2.4701954794588357,2.5013173599288088,True,9.460617517328293,9.568553459119498,9.352272727272727,1587,795,792,201,102,99,0.11241610738255034,resolved
c0_L128_rep001.npz,0.5,4443,matched,110,4.0,0.5,0.5,2.706689894432781,2.7029972752043596,2.710382513661202,True,10.571428571428571,10.76923076923077,10.37125748502994,336,169,167,61,29,32,0.15365239294710328,resolved
c0_L128_rep001.npz,0.5,4443,matched,211,4.0,0.5,0.5,2.6993646985650184,2.6883468834688347,2.710382513661202,True,10.504451038575668,10.658823529411764,10.347305389221557,337,170,167,61,29,32,0.15326633165829145,resolved
c0_L128_rep001.npz,0.5,4443,matched,312,4.0,0.5,0.5,2.7070929695760304,2.673854447439353,2.7403314917127073,True,10.607142857142858,10.64327485380117,10.56969696969697,336,171,165,61,29,32,0.15365239294710328,resolved
c0_L128_rep001.npz,0.5,4443,matched,413,4.0,0.5,0.5,2.691999528690939,2.6956521739130435,2.6883468834688347,True,10.591715976331361,10.650887573964496,10.532544378698224,338,169,169,61,30,31,0.15288220551378445,resolved
c0_L128_rep001.npz,0.5,4443,matched,514,4.0,0.5,0.5,2.691999528690939,2.6883468834688347,2.6956521739130435,True,10.572271386430678,10.713450292397662,10.428571428571429,339,171,168,59,27,32,0.14824120603015076,resolved
c0_L128_rep001.npz,0.5,5037,native,-1,1.0,0.5,0.5,2.393746681017319,2.3918891585760518,2.395604203458586,True,8.085372485046221,8.15,8.020674646354733,1839,920,919,238,117,121,0.11458834857968224,resolved
c0_L128_rep001.npz,0.5,5037,majority,-1,1.0,0.5,0.50067138671875,2.564464176290011,2.5636099239719163,2.5653184286081054,True,9.739101717305152,9.859602649006623,9.61923583662714,1514,755,759,237,117,120,0.1353512278697887,resolved
c0_L128_rep001.npz,0.5,5037,matched,110,4.0,0.5,0.5,2.798357577107935,2.786516853932584,2.810198300283286,True,10.756923076923076,10.853658536585366,10.658385093167702,325,164,161,59,28,31,0.15364583333333334,resolved
c0_L128_rep001.npz,0.5,5037,matched,211,4.0,0.5,0.5,2.7904856857997435,2.80225988700565,2.7787114845938374,True,10.760736196319018,10.993865030674847,10.52760736196319,326,163,163,59,28,31,0.15324675324675324,resolved
c0_L128_rep001.npz,0.5,5037,matched,312,4.0,0.5,0.5,2.7945657694261046,2.770949720670391,2.818181818181818,True,10.736196319018404,10.787878787878787,10.683229813664596,326,165,161,58,28,30,0.15104166666666666,resolved
c0_L128_rep001.npz,0.5,5037,matched,413,4.0,0.5,0.5,2.7828769279194208,2.7555555555555555,2.810198300283286,True,10.703363914373089,10.74698795180723,10.658385093167702,327,166,161,59,28,31,0.15284974093264247,resolved
c0_L128_rep001.npz,0.5,5037,matched,514,4.0,0.5,0.5,2.814190059232552,2.810198300283286,2.818181818181818,True,10.864197530864198,11.01840490797546,10.70807453416149,324,163,161,57,27,30,0.14960629921259844,resolved
c0_L128_rep001.npz,0.5,5709,native,-1,1.0,0.5,0.5,2.4743346135132054,2.490259492070585,2.4584097349558256,True,8.402926280247609,8.46726862302483,8.338945005611672,1777,886,891,214,109,105,0.10748367654445003,resolved
c0_L128_rep001.npz,0.5,5709,majority,-1,1.0,0.5,0.49951171875,2.604918160694611,2.61201155545224,2.5978247659369824,True,9.852393617021276,9.928191489361701,9.77659574468085,1504,752,752,216,109,107,0.12558139534883722,resolved
c0_L128_rep001.npz,0.5,5709,matched,110,4.0,0.5,0.5,2.871688311688312,2.8342857142857145,2.909090909090909,True,11.075949367088608,11.105590062111801,11.04516129032258,316,161,155,59,28,31,0.15733333333333333,resolved
c0_L128_rep001.npz,0.5,5709,matched,211,4.0,0.5,0.5,2.8517285531370042,2.794366197183099,2.909090909090909,True,10.9937106918239,10.94478527607362,11.04516129032258,318,163,155,60,29,31,0.15873015873015872,resolved
c0_L128_rep001.npz,0.5,5709,matched,312,4.0,0.5,0.5,2.8712552777963944,2.8587896253602305,2.883720930232558,True,11.10126582278481,11.220125786163521,10.980891719745223,316,159,157,59,29,30,0.15733333333333333,resolved
c0_L128_rep001.npz,0.5,5709,matched,413,4.0,0.5,0.5,2.854682169001954,2.850574712643678,2.8587896253602305,True,11.031446540880504,11.175,10.886075949367088,318,160,158,59,28,31,0.15649867374005305,resolved
c0_L128_rep001.npz,0.5,5709,matched,514,4.0,0.5,0.5,2.8712552777963944,2.883720930232558,2.8587896253602305,True,11.113924050632912,11.316455696202532,10.91139240506329,316,158,158,59,28,31,0.15733333333333333,resolved
c0_L128_rep001.npz,0.5,6472,native,-1,1.0,0.5,0.5,2.5977833629712794,2.578181148069658,2.6173855778729007,True,8.627485380116958,8.553509781357883,8.703923900118905,1710,869,841,226,104,122,0.11673553719008264,resolved
c0_L128_rep001.npz,0.5,6472,majority,-1,1.0,0.5,0.501708984375,2.7319247693067155,2.715414487857417,2.7484350507560134,True,10.368495077355837,10.289473684210526,10.45,1422,722,700,228,104,124,0.13818181818181818,resolved
c0_L128_rep001.npz,0.5,6472,matched,110,4.0,0.5,0.5,2.948313018901254,2.9176470588235293,2.978978978978979,True,11.452768729641694,11.435897435897436,11.47019867549669,307,156,151,59,28,31,0.16120218579234974,resolved
c0_L128_rep001.npz,0.5,6472,matched,211,4.0,0.5,0.5,2.902172797262618,2.8342857142857145,2.9700598802395213,True,11.294871794871796,11.006211180124224,11.602649006622517,312,161,151,60,28,32,0.16129032258064516,resolved
c0_L128_rep001.npz,0.5,6472,matched,312,4.0,0.5,0.5,2.9349369326785886,2.926253687315634,2.943620178041543,True,11.25974025974026,11.329032258064515,11.18954248366013,308,155,153,60,29,31,0.16304347826086957,resolved
c0_L128_rep001.npz,0.5,6472,matched,413,4.0,0.5,0.5,2.988928013939812,2.93491124260355,3.042944785276074,True,11.483443708609272,11.406451612903226,11.564625850340136,302,155,147,60,28,32,0.16574585635359115,resolved
c0_L128_rep001.npz,0.5,6472,matched,514,4.0,0.5,0.5,2.957575757575758,2.909090909090909,3.0060606060606063,True,11.422950819672131,11.282051282051283,11.570469798657719,305,156,149,61,29,32,0.16666666666666666,resolved
c0_L128_rep001.npz,0.5,7336,native,-1,1.0,0.5,0.5,2.6681263956228793,2.664633122516371,2.671619668729388,True,8.9455205811138,8.883610451306414,9.009876543209877,1652,842,810,227,98,129,0.12080894092602448,resolved
c0_L128_rep001.npz,0.5,7336,majority,-1,1.0,0.5,0.49993896484375,2.792193868887206,2.794564557812935,2.7898231799614766,True,10.588362068965518,10.642045454545455,10.533430232558139,1392,704,688,226,98,128,0.13967861557478367,resolved
c0_L128_rep001.npz,0.5,7336,matched,110,4.0,0.5,0.5,3.0246432721357195,2.996978851963746,3.0523076923076924,True,11.41891891891892,11.33774834437086,11.50344827586207,296,151,145,64,29,35,0.17777777777777778,resolved
c0_L128_rep001.npz,0.5,7336,matched,211,4.0,0.5,0.5,3.010795475479901,2.9879518072289155,3.0336391437308867,True,11.407407407407407,11.28476821192053,11.534246575342467,297,151,146,65,30,35,0.17955801104972377,resolved
c0_L128_rep001.npz,0.5,7336,matched,312,4.0,0.5,0.5,3.0020694075634102,2.961194029850746,3.042944785276074,True,11.302013422818792,11.215686274509803,11.393103448275863,298,153,145,65,29,36,0.1790633608815427,resolved
c0_L128_rep001.npz,0.5,7336,matched,413,4.0,0.5,0.5,3.0067508610792193,2.961194029850746,3.0523076923076924,True,11.355704697986576,11.18954248366013,11.53103448275862,298,153,145,64,29,35,0.17679558011049723,resolved
c0_L128_rep001.npz,0.5,7336,matched,514,4.0,0.5,0.5,2.9979639351746177,2.943620178041543,3.0523076923076924,True,11.304347826086957,11.03896103896104,11.586206896551724,299,154,145,64,29,35,0.1763085399449036,resolved
c0_L128_rep001.npz,0.5,8316,native,-1,1.0,0.5,0.5,2.751697281658453,2.66753777979775,2.835856783519156,True,8.892531876138433,8.842105263157896,8.944512946979039,1647,836,811,231,108,123,0.12300319488817892,resolved
c0_L128_rep001.npz,0.5,8316,majority,-1,1.0,0.5,0.50048828125,2.901529988511461,2.8079287529616743,2.9951312240612475,True,10.798369162342476,10.548710601719197,11.06605222734255,1349,698,651,232,108,124,0.1467425679949399,resolved
c0_L128_rep001.npz,0.5,8316,matched,110,4.0,0.5,0.5,3.1762295081967213,3.1,3.252459016393442,True,12.197879858657243,12.081632653061224,12.323529411764707,283,147,136,59,26,33,0.17251461988304093,resolved
c0_L128_rep001.npz,0.5,8316,matched,211,4.0,0.5,0.5,3.153051340006458,3.042944785276074,3.263157894736842,True,12.125874125874127,11.866666666666667,12.411764705882353,286,150,136,58,26,32,0.1686046511627907,resolved
c0_L128_rep001.npz,0.5,8316,matched,312,4.0,0.5,0.5,3.1859019228393795,3.042944785276074,3.3288590604026846,True,12.184397163120567,11.84,12.575757575757576,282,150,132,60,26,34,0.17543859649122806,resolved
c0_L128_rep001.npz,0.5,8316,matched,413,4.0,0.5,0.5,3.137734604545182,3.0336391437308867,3.241830065359477,True,12.027972027972028,11.706666666666667,12.382352941176471,286,150,136,61,27,34,0.17579250720461095,resolved
c0_L128_rep001.npz,0.5,8316,matched,514,4.0,0.5,0.5,3.1864378815377004,3.1097178683385582,3.263157894736842,True,12.227758007117437,12.082191780821917,12.385185185185184,281,146,135,61,27,34,0.1783625730994152,resolved
c0_L128_rep001.npz,0.5,9427,native,-1,1.0,0.5,0.5,2.823146408208985,2.736381679582317,2.909911136835654,True,9.275774826059456,9.09371146732429,9.467532467532468,1581,811,770,257,122,135,0.1398258977149075,resolved
c0_L128_rep001.npz,0.5,9427,majority,-1,1.0,0.5,0.50030517578125,2.954738813752719,2.8704464497286732,3.0390311777767645,True,11.103766333589547,10.972972972972974,11.240944881889764,1301,666,635,261,125,136,0.16709346991037133,resolved
c0_L128_rep001.npz,0.5,9427,matched,110,4.0,0.5,0.5,3.1274140460800255,2.9700598802395213,3.2847682119205297,True,12.013937282229966,11.529411764705882,12.567164179104477,287,153,134,62,28,34,0.17765042979942694,resolved
c0_L128_rep001.npz,0.5,9427,matched,211,4.0,0.5,0.5,3.115296152863237,2.9349112426035506,3.2956810631229234,True,12.013840830449826,11.458064516129033,12.656716417910447,289,155,134,61,28,33,0.1742857142857143,resolved
c0_L128_rep001.npz,0.5,9427,matched,312,4.0,0.5,0.5,3.1087737853904085,2.943620178041543,3.273927392739274,True,11.805555555555555,11.272727272727273,12.417910447761194,288,154,134,64,29,35,0.18181818181818182,resolved
c0_L128_rep001.npz,0.5,9427,matched,413,4.0,0.5,0.5,3.120788954635109,2.9349112426035506,3.3066666666666666,True,12.0,11.458064516129033,12.631578947368421,288,155,133,62,28,34,0.17714285714285713,resolved
c0_L128_rep001.npz,0.5,9427,matched,514,4.0,0.5,0.5,3.1033890363891925,2.943620178041543,3.263157894736842,True,11.90311418685121,11.35064935064935,12.533333333333333,289,154,135,63,29,34,0.17897727272727273,resolved
c0_L128_rep001.npz,0.5,10686,native,-1,1.0,0.5,0.5,2.934564724094815,2.869129448189631,3.0,True,9.388343156516045,9.430232558139535,9.345285524568393,1527,774,753,261,116,145,0.14597315436241612,resolved
c0_L128_rep001.npz,0.5,10686,majority,-1,1.0,0.5,0.50079345703125,3.10492328609953,3.0323006102070362,3.177545961992024,True,11.44399677679291,11.40566037735849,11.484297520661157,1241,636,605,261,115,146,0.17376830892143807,resolved
c0_L128_rep001.npz,0.5,10686,matched,110,4.0,0.5,0.5,3.264429530201342,3.2,3.3288590604026846,True,12.436363636363636,12.27972027972028,12.606060606060606,275,143,132,58,24,34,0.17417417417417416,resolved
c0_L128_rep001.npz,0.5,10686,matched,211,4.0,0.5,0.5,3.2375841213050514,3.1794871794871793,3.2956810631229234,True,12.359712230215827,12.222222222222221,12.507462686567164,278,144,134,57,24,33,0.1701492537313433,resolved
c0_L128_rep001.npz,0.5,10686,matched,312,4.0,0.5,0.5,3.258511326860841,3.210355987055016,3.3066666666666666,True,12.378181818181819,12.169014084507042,12.601503759398497,275,142,133,59,25,34,0.17664670658682635,resolved
c0_L128_rep001.npz,0.5,10686,matched,413,4.0,0.5,0.5,3.258511326860841,3.210355987055016,3.3066666666666666,True,12.421818181818182,12.225352112676056,12.631578947368421,275,142,133,59,25,34,0.17664670658682635,resolved
c0_L128_rep001.npz,0.5,10686,matched,514,4.0,0.5,0.5,3.286065286065286,3.220779220779221,3.3513513513513513,True,12.527472527472527,12.394366197183098,12.67175572519084,273,142,131,58,24,34,0.17522658610271905,resolved
c0_L128_rep001.npz,0.5,12113,native,-1,1.0,0.5,0.5,3.0417259054994146,2.9008753741841287,3.182576436814701,True,9.554224883566201,9.395109395109396,9.724517906336088,1503,777,726,257,119,138,0.14602272727272728,resolved
c0_L128_rep001.npz,0.5,12113,majority,-1,1.0,0.5,0.49957275390625,3.2088385890301847,3.050028182109171,3.367648995951199,True,11.722772277227723,11.45984251968504,12.01213171577123,1212,635,577,256,117,139,0.17438692098092642,resolved
c0_L128_rep001.npz,0.5,12113,matched,110,4.0,0.5,0.5,3.3986952644670767,3.3288590604026846,3.4685314685314683,True,12.980842911877394,12.911764705882353,13.056,261,136,125,62,26,36,0.19195046439628483,resolved
c0_L128_rep001.npz,0.5,12113,matched,211,4.0,0.5,0.5,3.3586470817388117,3.2847682119205297,3.4325259515570936,True,12.860377358490567,12.666666666666666,13.070866141732283,265,138,127,61,26,35,0.18711656441717792,resolved
c0_L128_rep001.npz,0.5,12113,matched,312,4.0,0.5,0.5,3.3360463013203114,3.263157894736842,3.4089347079037804,True,12.779026217228465,12.60431654676259,12.96875,267,139,128,61,26,35,0.18597560975609756,resolved
c0_L128_rep001.npz,0.5,12113,matched,413,4.0,0.5,0.5,3.3747743577875493,3.3288590604026846,3.4206896551724135,True,12.866920152091256,12.882352941176471,12.850393700787402,263,136,127,62,26,36,0.19076923076923077,resolved
c0_L128_rep001.npz,0.5,12113,matched,514,4.0,0.5,0.5,3.4095789287190694,3.36271186440678,3.456445993031359,True,13.034749034749035,12.985074626865671,13.088,259,134,125,64,27,37,0.19814241486068113,resolved
c0_L128_rep001.npz,0.5,13731,native,-1,1.0,0.5,0.5,3.1691994398612646,3.0149471876082994,3.32345169211423,True,9.93899018232819,9.884931506849314,9.995689655172415,1426,730,696,268,130,138,0.15820543093270367,resolved
c0_L128_rep001.npz,0.5,13731,majority,-1,1.0,0.5,0.50128173828125,3.3078154849781822,3.151768069734446,3.4638629002219186,True,12.100688468158348,11.832236842105264,12.395306859205776,1162,608,554,268,129,139,0.1874125874125874,resolved
c0_L128_rep001.npz,0.5,13731,matched,110,4.0,0.5,0.5,3.474648508303532,3.328859060402684,3.620437956204379,True,13.3125,12.970588235294118,13.7,256,136,120,60,26,34,0.189873417721519,resolved
c0_L128_rep001.npz,0.5,13731,matched,211,4.0,0.5,0.5,3.4925254925254925,3.3513513513513513,3.6336996336996337,True,13.474509803921569,13.066666666666666,13.933333333333334,255,135,120,59,26,33,0.18789808917197454,resolved
c0_L128_rep001.npz,0.5,13731,matched,312,4.0,0.5,0.5,3.412965086721604,3.2956810631229234,3.530249110320285,True,13.134099616858238,12.846715328467154,13.451612903225806,261,137,124,60,27,33,0.18691588785046728,resolved
c0_L128_rep001.npz,0.5,13731,matched,413,4.0,0.5,0.5,3.4422073079791202,3.3288590604026846,3.5555555555555554,True,13.297297297297296,13.0,13.626016260162602,259,136,123,59,26,33,0.18553459119496854,resolved
c0_L128_rep001.npz,0.5,13731,matched,514,4.0,0.5,0.5,3.4982057490532066,3.36271186440678,3.6336996336996337,True,13.280632411067193,13.044776119402986,13.546218487394958,253,134,119,62,27,35,0.19682539682539682,resolved
c0_L128_rep001.npz,0.5,15565,native,-1,1.0,0.5,0.5,3.29548338147257,3.1774671986311778,3.413499564313962,True,10.50984682713348,10.437768240343347,10.584821428571429,1371,699,672,240,113,127,0.148975791433892,resolved
c0_L128_rep001.npz,0.5,15565,majority,-1,1.0,0.5,0.5006103515625,3.440897435576867,3.331472786640076,3.5503220845136583,True,12.532329495128431,12.282534246575343,12.8,1129,584,545,240,113,127,0.17531044558071585,resolved
c0_L128_rep001.npz,0.5,15565,matched,110,4.0,0.5,0.5,3.5823946599916563,3.5177304964539005,3.647058823529412,True,13.542168674698795,13.4375,13.652892561983471,249,128,121,56,26,30,0.18360655737704917,resolved
c0_L128_rep001.npz,0.5,15565,matched,211,4.0,0.5,0.5,3.616543150848673,3.5177304964539005,3.7153558052434454,True,13.642276422764228,13.3125,14.0,246,128,118,57,26,31,0.18811881188118812,resolved
c0_L128_rep001.npz,0.5,15565,matched,312,4.0,0.5,0.5,3.6360902255639096,3.542857142857143,3.729323308270676,True,13.763265306122449,13.543307086614174,14.0,245,127,118,56,26,30,0.18604651162790697,resolved
c0_L128_rep001.npz,0.5,15565,matched,413,4.0,0.5,0.5,3.5882783882783884,3.542857142857143,3.6336996336996337,True,13.516129032258064,13.385826771653543,13.652892561983471,248,127,121,57,26,31,0.18688524590163935,resolved
c0_L128_rep001.npz,0.5,15565,matched,514,4.0,0.5,0.5,3.6016868740115973,3.542857142857143,3.6605166051660514,True,13.522267206477732,13.354330708661417,13.7,247,127,120,57,26,31,0.1875,resolved
c0_L128_rep001.npz,0.5,17644,native,-1,1.0,0.5,0.5,3.4076760313838537,3.3157694321481266,3.4995826306195807,True,10.655405405405405,10.484011627906977,10.838509316770187,1332,688,644,247,112,135,0.1564281190626979,resolved
c0_L128_rep001.npz,0.5,17644,majority,-1,1.0,0.5,0.4996337890625,3.5505398946231335,3.4620273776980435,3.6390524115482235,True,12.832263978001833,12.663101604278076,13.011320754716982,1091,561,530,250,114,136,0.18642803877703207,resolved
c0_L128_rep001.npz,0.5,17644,matched,110,4.0,0.5,0.5,3.6617631034107005,3.594202898550725,3.729323308270676,True,13.841004184100418,13.824,13.859649122807017,239,125,114,64,26,38,0.21122112211221122,resolved
c0_L128_rep001.npz,0.5,17644,matched,211,4.0,0.5,0.5,3.689567922571725,3.6072727272727274,3.7718631178707223,True,13.9915611814346,13.67741935483871,14.336283185840708,237,124,113,64,27,37,0.21262458471760798,resolved
c0_L128_rep001.npz,0.5,17644,matched,312,4.0,0.5,0.5,3.6297862092954807,3.530249110320285,3.729323308270676,True,13.792531120331951,13.5748031496063,14.035087719298245,241,127,114,65,27,38,0.21241830065359477,resolved
c0_L128_rep001.npz,0.5,17644,matched,413,4.0,0.5,0.5,3.6819170913097365,3.620437956204379,3.743396226415094,True,13.957805907172995,13.75609756097561,14.175438596491228,237,123,114,65,28,37,0.2152317880794702,resolved
c0_L128_rep001.npz,0.5,17644,matched,514,4.0,0.5,0.5,3.6603424843707533,3.5053003533568905,3.8153846153846156,True,13.757322175732218,13.34375,14.234234234234235,239,128,111,65,27,38,0.2138157894736842,resolved
c0_L128_rep001.npz,0.5,20000,native,-1,1.0,0.5,0.5,3.5992866942943196,3.568234088187918,3.630339300400721,True,10.868157286044719,11.009063444108762,10.721259842519686,1297,662,635,259,109,150,0.16645244215938304,resolved
c0_L128_rep001.npz,0.5,20000,majority,-1,1.0,0.5,0.50030517578125,3.7454501346768287,3.719064894249814,3.771835375103844,True,13.476374156219865,13.441947565543071,13.512922465208748,1037,534,503,257,107,150,0.19860896445131376,resolved
c0_L128_rep001.npz,0.5,20000,matched,110,4.0,0.5,0.5,3.8850976424783106,3.786259541984733,3.983935742971888,True,14.535714285714286,14.067796610169491,15.056603773584905,224,118,106,63,26,37,0.21951219512195122,resolved
c0_L128_rep001.npz,0.5,20000,matched,211,4.0,0.5,0.5,3.8996601791782517,3.8153846153846156,3.983935742971888,True,14.61883408071749,14.188034188034187,15.09433962264151,223,117,106,63,26,37,0.2202797202797203,resolved
c0_L128_rep001.npz,0.5,20000,matched,312,4.0,0.5,0.5,3.8888702178905508,3.757575757575758,4.020164678205344,True,14.375,13.949579831932773,14.857142857142858,224,119,105,63,26,37,0.21951219512195122,resolved
c0_L128_rep001.npz,0.5,20000,matched,413,4.0,0.5,0.5,3.883787925222188,3.8153846153846156,3.9521912350597606,True,14.535714285714286,14.153846153846153,14.953271028037383,224,117,107,63,26,37,0.21951219512195122,resolved
c0_L128_rep001.npz,0.5,20000,matched,514,4.0,0.5,0.5,3.907025786543859,3.83011583011583,3.983935742971888,True,14.407239819004525,14.03448275862069,14.81904761904762,221,116,105,66,27,39,0.22996515679442509,resolved
c0_L128_rep002.npz,0.5,1119,native,-1,1.0,0.5,0.5,1.7797270086816088,1.8354743023185423,1.7239797150446754,True,6.320691108301728,6.482668977469671,6.16735028712059,2373,1154,1219,240,113,127,0.09184845005740529,resolved
c0_L128_rep002.npz,0.5,1119,majority,-1,1.0,0.5,0.50213623046875,1.9290097518807476,1.9884694895093875,1.869550014252108,True,7.410740924912979,7.605344295991778,7.228323699421965,2011,973,1038,242,116,126,0.10741233910341766,resolved
c0_L128_rep002.npz,0.5,1119,matched,110,4.0,0.5,0.5,2.2371393742381143,2.317757009345794,2.1565217391304348,True,8.579710144927537,8.747474747474747,8.425925925925926,414,198,216,60,32,28,0.12658227848101267,resolved
c0_L128_rep002.npz,0.5,1119,matched,211,4.0,0.5,0.5,2.2391465884915664,2.312354312354312,2.1659388646288207,True,8.560386473429952,8.703517587939698,8.427906976744186,414,199,215,59,31,28,0.12473572938689217,resolved
c0_L128_rep002.npz,0.5,1119,matched,312,4.0,0.5,0.5,2.2449292706127837,2.328638497652582,2.161220043572985,True,8.58252427184466,8.751269035532994,8.427906976744186,412,197,215,61,32,29,0.12896405919661733,resolved
c0_L128_rep002.npz,0.5,1119,matched,413,4.0,0.5,0.5,2.2480721903199345,2.339622641509434,2.1565217391304348,True,8.58252427184466,8.795918367346939,8.38888888888889,412,196,216,60,32,28,0.1271186440677966,resolved
c0_L128_rep002.npz,0.5,1119,matched,514,4.0,0.5,0.5,2.2348004135666066,2.317757009345794,2.1518438177874186,True,8.560386473429952,8.747474747474747,8.38888888888889,414,198,216,61,32,29,0.12842105263157894,resolved
c0_L128_rep002.npz,0.5,1268,native,-1,1.0,0.5,0.5,1.8316747787035452,1.8433918468011026,1.8199577106059879,True,6.505221932114883,6.540753724802805,6.470181503889369,2298,1141,1157,246,121,125,0.09669811320754718,resolved
c0_L128_rep002.npz,0.5,1268,majority,-1,1.0,0.5,0.5010986328125,1.9607101219544867,1.967056036576892,1.9543642073320813,True,7.536548223350254,7.563136456211812,7.510121457489879,1970,982,988,243,116,127,0.10980569362855852,resolved
c0_L128_rep002.npz,0.5,1268,matched,110,4.0,0.5,0.5,2.2296188172070166,2.2596810933940774,2.199556541019956,True,8.579710144927537,8.610837438423646,8.549763033175356,414,203,211,62,33,29,0.13025210084033614,resolved
c0_L128_rep002.npz,0.5,1268,matched,211,4.0,0.5,0.5,2.2521285587647144,2.234234234234234,2.2700228832951943,True,8.64390243902439,8.601941747572816,8.686274509803921,410,206,204,61,32,29,0.12951167728237792,resolved
c0_L128_rep002.npz,0.5,1268,matched,312,4.0,0.5,0.5,2.239380350591113,2.2545454545454544,2.2242152466367715,True,8.535279805352799,8.591133004926109,8.48076923076923,411,203,208,64,34,30,0.13473684210526315,resolved
c0_L128_rep002.npz,0.5,1268,matched,413,4.0,0.5,0.5,2.249444672974085,2.2545454545454544,2.244343891402715,True,8.528117359413203,8.514851485148515,8.541062801932368,409,202,207,64,36,28,0.13530655391120508,resolved
c0_L128_rep002.npz,0.5,1268,matched,514,4.0,0.5,0.5,2.27286470143613,2.2962962962962963,2.2494331065759634,True,8.6848635235732,8.747474747474747,8.62439024390244,403,198,205,67,36,31,0.1425531914893617,resolved
c0_L128_rep002.npz,0.5,1438,native,-1,1.0,0.5,0.5,1.8476535728094925,1.8430792218614407,1.8522279237575443,True,6.488090082286704,6.498269896193771,6.477883781439722,2309,1156,1153,264,122,142,0.10260396424407307,resolved
c0_L128_rep002.npz,0.5,1438,majority,-1,1.0,0.5,0.50152587890625,1.9932181436519907,1.9884691396985996,1.9979671476053817,True,7.637067630356221,7.613963039014374,7.660436137071651,1937,974,963,268,126,142,0.12154195011337869,resolved
c0_L128_rep002.npz,0.5,1438,matched,110,4.0,0.5,0.5,2.345271629778672,2.361904761904762,2.328638497652582,True,9.005128205128205,9.020833333333334,8.98989898989899,390,192,198,66,36,30,0.14473684210526316,resolved
c0_L128_rep002.npz,0.5,1438,matched,211,4.0,0.5,0.5,2.336947956091768,2.3507109004739335,2.323185011709602,True,8.982097186700766,8.994818652849741,8.969696969696969,391,193,198,67,36,31,0.1462882096069869,resolved
c0_L128_rep002.npz,0.5,1438,matched,312,4.0,0.5,0.5,2.3424142737663787,2.3507109004739335,2.334117647058824,True,9.005128205128205,9.015544041450777,8.99492385786802,390,193,197,67,36,31,0.14660831509846828,resolved
c0_L128_rep002.npz,0.5,1438,matched,413,4.0,0.5,0.5,2.345271629778672,2.361904761904762,2.328638497652582,True,8.933333333333334,9.020833333333334,8.848484848484848,390,192,198,66,36,30,0.14473684210526316,resolved
c0_L128_rep002.npz,0.5,1438,matched,514,4.0,0.5,0.5,2.342780026990553,2.373205741626794,2.312354312354312,True,8.994871794871795,9.06806282722513,8.924623115577889,390,191,199,67,36,31,0.14660831509846828,resolved
c0_L128_rep002.npz,0.5,1630,native,-1,1.0,0.5,0.5,1.9439265638621386,1.9237435809151107,1.9641095468091665,True,6.843807763401109,6.760036496350365,6.929775280898877,2164,1096,1068,267,126,141,0.10983134512546278,resolved
c0_L128_rep002.npz,0.5,1630,majority,-1,1.0,0.5,0.49896240234375,2.0747353417535974,2.0521906785991586,2.097280004908036,True,7.878363832077503,7.775880469583778,7.982627578718784,1858,937,921,267,127,140,0.12564705882352942,resolved
c0_L128_rep002.npz,0.5,1630,matched,110,4.0,0.5,0.5,2.3851115477979423,2.419512195121951,2.3507109004739335,True,9.013054830287206,9.063829787234043,8.964102564102564,383,188,195,66,34,32,0.14699331848552338,resolved
c0_L128_rep002.npz,0.5,1630,matched,211,4.0,0.5,0.5,2.399120344375819,2.413625304136253,2.3846153846153846,True,9.123359580052494,9.142857142857142,9.104166666666666,381,189,192,65,33,32,0.14573991031390135,resolved
c0_L128_rep002.npz,0.5,1630,matched,312,4.0,0.5,0.5,2.376078575362585,2.3846153846153846,2.367541766109785,True,9.04935064935065,9.083333333333334,9.015544041450777,385,192,193,65,32,33,0.14444444444444443,resolved
c0_L128_rep002.npz,0.5,1630,matched,413,4.0,0.5,0.5,2.402289145323201,2.431372549019608,2.373205741626794,True,9.08421052631579,9.11229946524064,9.05699481865285,380,187,193,66,34,32,0.14798206278026907,resolved
c0_L128_rep002.npz,0.5,1630,matched,514,4.0,0.5,0.5,2.3851115477979423,2.419512195121951,2.3507109004739335,True,9.03125,9.121693121693122,8.943589743589744,384,189,195,64,32,32,0.14285714285714285,resolved
c0_L128_rep002.npz,0.5,1848,native,-1,1.0,0.5,0.5,1.9732115766379632,1.9613496958812158,1.9850734573947109,True,6.905405405405405,6.8758109360518995,6.935332708528585,2146,1079,1067,260,126,134,0.10806317539484622,resolved
c0_L128_rep002.npz,0.5,1848,majority,-1,1.0,0.5,0.499755859375,2.131112868724607,2.1201699592517556,2.1420557781974576,True,8.0945796460177,8.03956043956044,8.150334075723832,1808,910,898,261,126,135,0.12614789753504108,resolved
c0_L128_rep002.npz,0.5,1848,matched,110,4.0,0.5,0.5,2.3875160740972436,2.396135265700483,2.3788968824940047,True,9.180156657963446,9.263157894736842,9.098445595854923,383,190,193,65,34,31,0.14508928571428573,resolved
c0_L128_rep002.npz,0.5,1848,matched,211,4.0,0.5,0.5,2.4165974315759486,2.407766990291262,2.4254278728606358,True,9.354497354497354,9.417989417989418,9.291005291005291,378,189,189,65,34,31,0.14672686230248308,resolved
c0_L128_rep002.npz,0.5,1848,matched,312,4.0,0.5,0.5,2.399036155852663,2.396135265700483,2.401937046004843,True,9.273684210526316,9.389473684210527,9.157894736842104,380,190,190,67,34,33,0.14988814317673377,resolved
c0_L128_rep002.npz,0.5,1848,matched,413,4.0,0.5,0.5,2.407894659321884,2.4254278728606358,2.3903614457831326,True,9.24538258575198,9.3475935828877,9.145833333333334,379,187,192,66,35,31,0.14831460674157304,resolved
c0_L128_rep002.npz,0.5,1848,matched,514,4.0,0.5,0.5,2.3903614457831326,2.3903614457831326,2.3903614457831326,True,9.221932114882506,9.298429319371728,9.145833333333334,383,191,192,64,33,31,0.14317673378076062,resolved
c0_L128_rep002.npz,0.5,2094,native,-1,1.0,0.5,0.5,2.029913112631169,2.0265181976506113,2.033308027611726,True,7.035238095238095,6.998095238095238,7.072380952380953,2100,1050,1050,260,131,129,0.11016949152542373,resolved
c0_L128_rep002.npz,0.5,2094,majority,-1,1.0,0.5,0.49932861328125,2.184838262884714,2.17131336088919,2.1983631648802375,True,8.278753541076487,8.270574971815106,8.287015945330296,1765,887,878,255,128,127,0.12623762376237624,resolved
c0_L128_rep002.npz,0.5,2094,matched,110,4.0,0.5,0.5,2.463055036997332,2.401937046004843,2.524173027989822,True,9.427027027027027,9.227513227513228,9.6353591160221,370,189,181,66,35,31,0.15137614678899083,resolved
c0_L128_rep002.npz,0.5,2094,matched,211,4.0,0.5,0.5,2.443483167199549,2.4254278728606358,2.4615384615384617,True,9.308310991957105,9.283422459893048,9.333333333333334,373,187,186,66,35,31,0.15034168564920272,resolved
c0_L128_rep002.npz,0.5,2094,matched,312,4.0,0.5,0.5,2.4713824770414496,2.431372549019608,2.511392405063291,True,9.423913043478262,9.204301075268818,9.648351648351648,368,186,182,67,36,31,0.15402298850574714,resolved
c0_L128_rep002.npz,0.5,2094,matched,413,4.0,0.5,0.5,2.4499204214916857,2.413625304136253,2.4862155388471177,True,9.32258064516129,9.085106382978724,9.565217391304348,372,188,184,66,35,31,0.1506849315068493,resolved
c0_L128_rep002.npz,0.5,2094,matched,514,4.0,0.5,0.5,2.4411754022738004,2.396135265700483,2.4862155388471177,True,9.315508021390375,9.157894736842104,9.478260869565217,374,190,184,65,34,31,0.1480637813211845,resolved
c0_L128_rep002.npz,0.5,2374,native,-1,1.0,0.5,0.5,2.0737801285209656,2.0821650628764776,2.065395194165454,True,7.126869271587072,7.126195028680688,7.127555988315482,2073,1046,1027,255,126,129,0.1095360824742268,resolved
c0_L128_rep002.npz,0.5,2374,majority,-1,1.0,0.5,0.50067138671875,2.224318775222641,2.247246842762288,2.2013907076829944,True,8.409845449341729,8.510957324106114,8.310227272727273,1747,867,880,252,125,127,0.12606303151575787,resolved
c0_L128_rep002.npz,0.5,2374,matched,110,4.0,0.5,0.5,2.499311430257722,2.5370843989769822,2.4615384615384617,True,9.604395604395604,9.617977528089888,9.591397849462366,364,178,186,66,35,31,0.15348837209302327,resolved
c0_L128_rep002.npz,0.5,2374,matched,211,4.0,0.5,0.5,2.4997556253768765,2.55012853470437,2.449382716049383,True,9.582417582417582,9.649717514124294,9.518716577540108,364,177,187,66,35,31,0.15348837209302327,resolved
c0_L128_rep002.npz,0.5,2374,matched,312,4.0,0.5,0.5,2.5152582461372344,2.5567010309278353,2.4738154613466334,True,9.622222222222222,9.704545454545455,9.543478260869565,360,176,184,69,36,33,0.16083916083916083,resolved
c0_L128_rep002.npz,0.5,2374,matched,413,4.0,0.5,0.5,2.4932335575131823,2.5370843989769822,2.449382716049383,True,9.538461538461538,9.595505617977528,9.483870967741936,364,178,186,68,35,33,0.1574074074074074,resolved
c0_L128_rep002.npz,0.5,2374,matched,514,4.0,0.5,0.5,2.50530612244898,2.5306122448979593,2.48,True,9.597796143250688,9.631284916201118,9.565217391304348,363,179,184,66,34,32,0.15384615384615385,resolved
c0_L128_rep002.npz,0.5,2691,native,-1,1.0,0.5,0.5,2.139594730333177,2.1968503937007875,2.082339066965566,True,7.393590385578367,7.578461538461538,7.217221135029354,1997,975,1022,263,125,138,0.1163716814159292,resolved
c0_L128_rep002.npz,0.5,2691,majority,-1,1.0,0.5,0.50042724609375,2.2717996535128644,2.3170652522841317,2.226534054741597,True,8.635079458505002,8.782816229116944,8.491289198606271,1699,838,861,262,125,137,0.13360530341662416,resolved
c0_L128_rep002.npz,0.5,2691,matched,110,4.0,0.5,0.5,2.5033286236173162,2.5633074935400515,2.443349753694581,True,9.67032967032967,9.76271186440678,9.582887700534759,364,177,187,65,33,32,0.15151515151515152,resolved
c0_L128_rep002.npz,0.5,2691,matched,211,4.0,0.5,0.5,2.4902170763357816,2.5370843989769822,2.443349753694581,True,9.60655737704918,9.653631284916202,9.561497326203208,366,179,187,65,33,32,0.15081206496519722,resolved
c0_L128_rep002.npz,0.5,2691,matched,312,4.0,0.5,0.5,2.5054499301618076,2.5370843989769822,2.4738154613466334,True,9.646408839779005,9.707865168539326,9.58695652173913,362,178,184,68,35,33,0.15813953488372093,resolved
c0_L128_rep002.npz,0.5,2691,matched,413,4.0,0.5,0.5,2.5023730452596356,2.5370843989769822,2.4676616915422884,True,9.652892561983471,9.653631284916202,9.652173913043478,363,179,184,67,33,34,0.1558139534883721,resolved
c0_L128_rep002.npz,0.5,2691,matched,514,4.0,0.5,0.5,2.5087026024681887,2.543589743589744,2.4738154613466334,True,9.679558011049723,9.775280898876405,9.58695652173913,362,178,184,67,34,33,0.1561771561771562,resolved
c0_L128_rep002.npz,0.5,3051,native,-1,1.0,0.5,0.5,2.194054123369201,2.2155090878628525,2.1725991588755496,True,7.516785350966429,7.601239669421488,7.434869739478958,1966,968,998,246,125,121,0.1112115732368897,resolved
c0_L128_rep002.npz,0.5,3051,majority,-1,1.0,0.5,0.500244140625,2.329647069330635,2.347379749150844,2.3119143895104264,True,8.834840265220013,8.823244552058112,8.846338535414166,1659,826,833,247,124,123,0.12959076600209862,resolved
c0_L128_rep002.npz,0.5,3051,matched,110,4.0,0.5,0.5,2.5573125681026925,2.5968586387434556,2.517766497461929,True,9.865168539325843,9.839080459770114,9.89010989010989,356,174,182,64,34,30,0.1523809523809524,resolved
c0_L128_rep002.npz,0.5,3051,matched,211,4.0,0.5,0.5,2.5477995964498135,2.5968586387434556,2.4987405541561714,True,9.757746478873239,9.826589595375722,9.692307692307692,355,173,182,69,36,33,0.16273584905660377,resolved
c0_L128_rep002.npz,0.5,3051,matched,312,4.0,0.5,0.5,2.5812354501651233,2.6382978723404253,2.524173027989822,True,9.92,9.976470588235294,9.866666666666667,350,170,180,69,36,33,0.16467780429594273,resolved
c0_L128_rep002.npz,0.5,3051,matched,413,4.0,0.5,0.5,2.580501995805426,2.6174142480211082,2.543589743589744,True,9.903133903133902,9.837209302325581,9.966480446927374,351,172,179,67,35,32,0.16028708133971292,resolved
c0_L128_rep002.npz,0.5,3051,matched,514,4.0,0.5,0.5,2.567349671889648,2.610526315789474,2.524173027989822,True,9.903682719546742,9.942196531791907,9.866666666666667,353,173,180,67,34,33,0.1595238095238095,resolved
c0_L128_rep002.npz,0.5,3458,native,-1,1.0,0.5,0.5,2.241738387246431,2.2601654906340425,2.2233112838588194,True,7.563430919363123,7.553147574819401,7.57361963190184,1947,969,978,252,124,128,0.1145975443383356,resolved
c0_L128_rep002.npz,0.5,3458,majority,-1,1.0,0.5,0.49969482421875,2.403183195394159,2.4357394894223336,2.370626901365984,True,9.044831880448319,9.082914572864322,9.007407407407408,1606,796,810,251,124,127,0.1351642434033387,resolved
c0_L128_rep002.npz,0.5,3458,matched,110,4.0,0.5,0.5,2.6580578512396693,2.732782369146005,2.5833333333333335,True,10.141176470588235,10.365853658536585,9.931818181818182,340,164,176,67,35,32,0.16461916461916462,resolved
c0_L128_rep002.npz,0.5,3458,matched,211,4.0,0.5,0.5,2.6499279569739076,2.7029972752043596,2.5968586387434556,True,10.193548387096774,10.385542168674698,10.01142857142857,341,166,175,67,35,32,0.1642156862745098,resolved
c0_L128_rep002.npz,0.5,3458,matched,312,4.0,0.5,0.5,2.658477434168042,2.7403314917127073,2.5766233766233766,True,10.2,10.429447852760736,9.98870056497175,340,163,177,67,36,31,0.16461916461916462,resolved
c0_L128_rep002.npz,0.5,3458,matched,413,4.0,0.5,0.5,2.6710734217583534,2.717808219178082,2.624338624338624,True,10.224852071005918,10.303030303030303,10.15028901734104,338,165,173,67,35,32,0.1654320987654321,resolved
c0_L128_rep002.npz,0.5,3458,matched,514,4.0,0.5,0.5,2.6652049103472155,2.7403314917127073,2.5900783289817233,True,10.218289085545722,10.439024390243903,10.01142857142857,339,164,175,67,34,33,0.16502463054187191,resolved
c0_L128_rep002.npz,0.5,3920,native,-1,1.0,0.5,0.5,2.3519389319154835,2.4034861200774693,2.3003917437534978,True,7.830910070005385,7.862106406080348,7.8002136752136755,1857,921,936,266,140,126,0.12529439472444653,resolved
c0_L128_rep002.npz,0.5,3920,majority,-1,1.0,0.5,0.49969482421875,2.491652833909886,2.5552882577430847,2.428017410076687,True,9.280927835051546,9.492753623188406,9.078184110970996,1552,759,793,264,140,124,0.14537444933920704,resolved
c0_L128_rep002.npz,0.5,3920,matched,110,4.0,0.5,0.5,2.6993646985650184,2.710382513661202,2.6883468834688347,True,10.155688622754491,10.424242424242424,9.893491124260356,334,165,169,67,36,31,0.16708229426433915,resolved
c0_L128_rep002.npz,0.5,3920,matched,211,4.0,0.5,0.5,2.699924458993083,2.7403314917127073,2.6595174262734584,True,10.006006006006006,10.37037037037037,9.660818713450292,333,162,171,69,38,31,0.17164179104477612,resolved
c0_L128_rep002.npz,0.5,3920,matched,312,4.0,0.5,0.5,2.688425861321856,2.7029972752043596,2.673854447439353,True,10.08955223880597,10.375757575757575,9.811764705882354,335,165,170,68,37,31,0.1687344913151365,resolved
c0_L128_rep002.npz,0.5,3920,matched,413,4.0,0.5,0.5,2.7070929695760304,2.7403314917127073,2.673854447439353,True,10.054054054054054,10.355828220858896,9.764705882352942,333,163,170,67,36,31,0.1675,resolved
c0_L128_rep002.npz,0.5,3920,matched,514,4.0,0.5,0.5,2.681159420289855,2.6956521739130435,2.6666666666666665,True,10.041543026706231,10.19277108433735,9.894736842105264,337,166,171,66,36,30,0.16377171215880892,resolved
c0_L128_rep002.npz,0.5,4443,native,-1,1.0,0.5,0.5,2.3516246693262506,2.4138045187453447,2.289444819907156,True,7.798930481283422,7.881650380021716,7.718651211801896,1870,921,949,264,139,125,0.12371134020618557,resolved
c0_L128_rep002.npz,0.5,4443,majority,-1,1.0,0.5,0.50042724609375,2.4986485849349784,2.5626666661044326,2.4346305037655243,True,9.288387096774194,9.597609561752988,8.996235884567128,1550,753,797,262,137,125,0.1445916114790287,resolved
c0_L128_rep002.npz,0.5,4443,matched,110,4.0,0.5,0.5,2.6990203689327568,2.794366197183099,2.6036745406824147,True,10.215568862275449,10.625,9.839080459770114,334,160,174,68,35,33,0.1691542288557214,resolved
c0_L128_rep002.npz,0.5,4443,matched,211,4.0,0.5,0.5,2.6934276451517833,2.7555555555555555,2.6312997347480107,True,10.155688622754491,10.395061728395062,9.930232558139535,334,162,172,69,36,33,0.17121588089330025,resolved
c0_L128_rep002.npz,0.5,4443,matched,312,4.0,0.5,0.5,2.7072945521698983,2.74792243767313,2.6666666666666665,True,10.235649546827794,10.395061728395062,10.08284023668639,331,162,169,71,37,34,0.17661691542288557,resolved
c0_L128_rep002.npz,0.5,4443,matched,413,4.0,0.5,0.5,2.6941819843457493,2.770949720670391,2.6174142480211082,True,10.179640718562874,10.509316770186336,9.872832369942197,334,161,173,69,36,33,0.17121588089330025,resolved
c0_L128_rep002.npz,0.5,4443,matched,514,4.0,0.5,0.5,2.7113743120225227,2.7632311977715873,2.6595174262734584,True,10.223564954682779,10.459627329192546,10.0,331,161,170,70,37,33,0.1745635910224439,resolved
c0_L128_rep002.npz,0.5,5037,native,-1,1.0,0.5,0.5,2.4719638796316445,2.5266962399139987,2.41723151934929,True,8.079955580233204,8.133557800224468,8.027472527472527,1801,891,910,242,131,111,0.11845325501713166,resolved
c0_L128_rep002.npz,0.5,5037,majority,-1,1.0,0.5,0.5006103515625,2.6238697342910475,2.683124650516173,2.5646148180659223,True,9.65325285043595,9.828532235939644,9.485564304461942,1491,729,762,245,132,113,0.14112903225806453,resolved
c0_L128_rep002.npz,0.5,5037,matched,110,4.0,0.5,0.5,2.7911040759794226,2.8342857142857145,2.74792243767313,True,10.275,10.496815286624203,10.061349693251534,320,157,163,71,36,35,0.1815856777493606,resolved
c0_L128_rep002.npz,0.5,5037,matched,211,4.0,0.5,0.5,2.811642378256855,2.8753623188405797,2.74792243767313,True,10.354430379746836,10.69281045751634,10.036809815950921,316,153,163,74,39,35,0.18974358974358974,resolved
c0_L128_rep002.npz,0.5,5037,matched,312,4.0,0.5,0.5,2.7999171961336966,2.8670520231213876,2.732782369146005,True,10.344827586206897,10.717948717948717,9.987730061349692,319,156,163,71,34,37,0.18205128205128204,resolved
c0_L128_rep002.npz,0.5,5037,matched,413,4.0,0.5,0.5,2.8238419177194687,2.892128279883382,2.7555555555555555,True,10.455696202531646,10.831168831168831,10.098765432098766,316,154,162,71,35,36,0.1834625322997416,resolved
c0_L128_rep002.npz,0.5,5037,matched,514,4.0,0.5,0.5,2.7954531021781923,2.850574712643678,2.7403314917127073,True,10.31974921630094,10.64102564102564,10.012269938650308,319,156,163,72,36,36,0.18414322250639387,resolved
c0_L128_rep002.npz,0.5,5709,native,-1,1.0,0.5,0.5,2.5371971234806363,2.6376594148537134,2.4367348321075597,True,8.247119815668203,8.454653937947494,8.053452115812918,1736,838,898,269,144,125,0.1341645885286783,resolved
c0_L128_rep002.npz,0.5,5709,majority,-1,1.0,0.5,0.500732421875,2.6835988117100276,2.8032088519119247,2.5639887715081304,True,9.906535488404778,10.344165435745937,9.509383378016086,1423,677,746,273,144,129,0.16096698113207547,resolved
c0_L128_rep002.npz,0.5,5709,matched,110,4.0,0.5,0.5,2.9108281349349556,3.042944785276074,2.7787114845938374,True,10.857142857142858,11.506849315068493,10.271604938271604,308,146,162,67,34,33,0.17866666666666667,resolved
c0_L128_rep002.npz,0.5,5709,matched,211,4.0,0.5,0.5,2.9022944322006388,3.0336391437308867,2.770949720670391,True,10.851612903225806,11.510204081632653,10.257668711656441,310,147,163,65,33,32,0.17333333333333334,resolved
c0_L128_rep002.npz,0.5,5709,matched,312,4.0,0.5,0.5,2.881560003031094,3.0151975683890577,2.74792243767313,True,10.782051282051283,11.486486486486486,10.146341463414634,312,148,164,66,33,33,0.1746031746031746,resolved
c0_L128_rep002.npz,0.5,5709,matched,413,4.0,0.5,0.5,2.893810720837013,3.0243902439024386,2.7632311977715873,True,10.816720257234726,11.428571428571429,10.268292682926829,311,147,164,65,34,31,0.17287234042553193,resolved
c0_L128_rep002.npz,0.5,5709,matched,514,4.0,0.5,0.5,2.880808080808081,3.0060606060606063,2.7555555555555555,True,10.743589743589743,11.324324324324325,10.21951219512195,312,148,164,66,34,32,0.1746031746031746,resolved
c0_L128_rep002.npz,0.5,6472,native,-1,1.0,0.5,0.5,2.5862879441521,2.6669972880674973,2.505578600236703,True,8.552725118483412,8.793438639125151,8.323699421965317,1688,823,865,252,133,119,0.12989690721649486,resolved
c0_L128_rep002.npz,0.5,6472,majority,-1,1.0,0.5,0.499755859375,2.7288593395142695,2.830075636086874,2.627643042941665,True,10.113555713271824,10.536296296296296,9.724795640326976,1409,675,734,246,131,115,0.1486404833836858,resolved
c0_L128_rep002.npz,0.5,6472,matched,110,4.0,0.5,0.5,2.914002670456993,3.0336391437308867,2.794366197183099,True,10.931596091205211,11.420689655172414,10.493827160493828,307,145,162,68,37,31,0.18133333333333335,resolved
c0_L128_rep002.npz,0.5,6472,matched,211,4.0,0.5,0.5,2.9271706489097795,2.978978978978979,2.8753623188405797,True,11.032679738562091,11.248322147651006,10.828025477707007,306,149,157,66,35,31,0.1774193548387097,resolved
c0_L128_rep002.npz,0.5,6472,matched,312,4.0,0.5,0.5,2.916689693285438,3.0151975683890577,2.818181818181818,True,10.954248366013072,11.36986301369863,10.575,306,146,160,69,37,32,0.184,resolved
c0_L128_rep002.npz,0.5,6472,matched,413,4.0,0.5,0.5,2.935244755244755,3.0523076923076924,2.818181818181818,True,11.0,11.527777777777779,10.525,304,144,160,69,37,32,0.18498659517426275,resolved
c0_L128_rep002.npz,0.5,6472,matched,514,4.0,0.5,0.5,2.892386045327222,3.0060606060606063,2.7787114845938374,True,10.87378640776699,11.482993197278912,10.320987654320987,309,147,162,69,36,33,0.18253968253968253,resolved
c0_L128_rep002.npz,0.5,7336,native,-1,1.0,0.5,0.5,2.634364456057338,2.683478413017803,2.5852504990968725,True,8.682119205298013,8.86046511627907,8.509478672985782,1661,817,844,248,133,115,0.12991094814038764,resolved
c0_L128_rep002.npz,0.5,7336,majority,-1,1.0,0.5,0.5003662109375,2.7756872978247342,2.8393483739844707,2.712026221664998,True,10.253591954022989,10.612759643916913,9.916434540389972,1392,674,718,249,134,115,0.15173674588665448,resolved
c0_L128_rep002.npz,0.5,7336,matched,110,4.0,0.5,0.5,2.95825926189291,3.0243902439024386,2.892128279883382,True,11.117056856187292,11.61111111111111,10.658064516129032,299,144,155,73,40,33,0.19623655913978494,resolved
c0_L128_rep002.npz,0.5,7336,matched,211,4.0,0.5,0.5,2.9578911818553477,3.0151975683890577,2.9005847953216377,True,11.17056856187291,11.751724137931035,10.623376623376624,299,145,154,73,39,34,0.19623655913978494,resolved
c0_L128_rep002.npz,0.5,7336,matched,312,4.0,0.5,0.5,2.9628837118071343,3.0336391437308867,2.892128279883382,True,11.130434782608695,11.555555555555555,10.735483870967743,299,144,155,72,39,33,0.1940700808625337,resolved
c0_L128_rep002.npz,0.5,7336,matched,413,4.0,0.5,0.5,2.9774641802865576,3.0712074303405577,2.883720930232558,True,11.18918918918919,11.774647887323944,10.64935064935065,296,142,154,75,39,36,0.20215633423180593,resolved
c0_L128_rep002.npz,0.5,7336,matched,514,4.0,0.5,0.5,2.9621442387399837,3.0151975683890577,2.909090909090909,True,11.12751677852349,11.555555555555555,10.727272727272727,298,144,154,74,41,33,0.1989247311827957,resolved
c0_L128_rep002.npz,0.5,8316,native,-1,1.0,0.5,0.5,2.6918660562998173,2.741610132329043,2.642121980270592,True,8.774252593044539,8.94059405940594,8.61251504211793,1639,808,831,249,135,114,0.131885593220339,resolved
c0_L128_rep002.npz,0.5,8316,majority,-1,1.0,0.5,0.4998779296875,2.8340572919731213,2.8831655435461707,2.784949040400072,True,10.447058823529412,10.752994011976048,10.151734104046243,1360,668,692,249,133,116,0.15475450590428838,resolved
c0_L128_rep002.npz,0.5,8316,matched,110,4.0,0.5,0.5,2.9355536294311806,2.978978978978979,2.892128279883382,True,11.413680781758957,11.706666666666667,11.13375796178344,307,150,157,62,33,29,0.16802168021680217,resolved
c0_L128_rep002.npz,0.5,8316,matched,211,4.0,0.5,0.5,2.967111969526262,3.0336391437308867,2.9005847953216377,True,11.5,11.863945578231293,11.159235668789808,304,147,157,61,33,28,0.16712328767123288,resolved
c0_L128_rep002.npz,0.5,8316,matched,312,4.0,0.5,0.5,2.963332857754316,3.042944785276074,2.883720930232558,True,11.460526315789474,11.89041095890411,11.063291139240507,304,146,158,62,34,28,0.16939890710382513,resolved
c0_L128_rep002.npz,0.5,8316,matched,413,4.0,0.5,0.5,2.9536629241362196,3.0151975683890577,2.892128279883382,True,11.43421052631579,11.782312925170068,11.10828025477707,304,147,157,64,35,29,0.17391304347826086,resolved
c0_L128_rep002.npz,0.5,8316,matched,514,4.0,0.5,0.5,2.9452799436148185,3.0151975683890577,2.8753623188405797,True,11.40983606557377,11.80952380952381,11.037974683544304,305,147,158,64,35,29,0.17344173441734417,resolved
c0_L128_rep002.npz,0.5,9427,native,-1,1.0,0.5,0.5,2.790734020176628,2.808214188143156,2.7732538522101002,True,9.189655172413794,9.347490347490348,9.034220532319392,1566,777,789,243,131,112,0.13432835820895522,resolved
c0_L128_rep002.npz,0.5,9427,majority,-1,1.0,0.5,0.5006103515625,2.910869250574489,2.934995373735836,2.8867431274131423,True,10.860942249240122,11.065749235474007,10.658610271903322,1316,654,662,244,131,113,0.1564102564102564,resolved
c0_L128_rep002.npz,0.5,9427,matched,110,4.0,0.5,0.5,3.1393662620678606,3.119496855345912,3.159235668789809,True,11.943262411347519,12.170212765957446,11.71631205673759,282,141,141,68,36,32,0.19428571428571428,resolved
c0_L128_rep002.npz,0.5,9427,matched,211,4.0,0.5,0.5,3.1393662620678606,3.119496855345912,3.159235668789809,True,12.0,12.28368794326241,11.71631205673759,282,141,141,68,36,32,0.19428571428571428,resolved
c0_L128_rep002.npz,0.5,9427,matched,312,4.0,0.5,0.5,3.124479187333836,3.1097178683385582,3.1392405063291138,True,11.87279151943463,12.056737588652481,11.690140845070422,283,141,142,69,37,32,0.19602272727272727,resolved
c0_L128_rep002.npz,0.5,9427,matched,413,4.0,0.5,0.5,3.154412359459678,3.1293375394321763,3.1794871794871793,True,11.971428571428572,12.114285714285714,11.82857142857143,280,140,140,69,37,32,0.1977077363896848,resolved
c0_L128_rep002.npz,0.5,9427,matched,514,4.0,0.5,0.5,3.124479187333836,3.1097178683385582,3.1392405063291138,True,11.929328621908127,12.22695035460993,11.633802816901408,283,141,142,69,37,32,0.19602272727272727,resolved
c0_L128_rep002.npz,0.5,10686,native,-1,1.0,0.5,0.5,2.8637811507432063,2.956416464891041,2.7711458365953714,True,9.264285714285714,9.410358565737052,9.124523506988565,1540,753,787,266,152,114,0.14728682170542637,resolved
c0_L128_rep002.npz,0.5,10686,majority,-1,1.0,0.5,0.49957275390625,2.988358523845686,3.082601479876384,2.8941155678149877,True,11.003125,11.321951219512195,10.708270676691729,1280,615,665,266,152,114,0.17205692108667528,resolved
c0_L128_rep002.npz,0.5,10686,matched,110,4.0,0.5,0.5,3.120205411811179,3.252459016393442,2.9879518072289155,True,11.985915492957746,12.622222222222222,11.409395973154362,284,135,149,69,35,34,0.1954674220963173,resolved
c0_L128_rep002.npz,0.5,10686,matched,211,4.0,0.5,0.5,3.134609250398724,3.263157894736842,3.0060606060606063,True,12.099290780141844,12.776119402985074,11.486486486486486,282,134,148,70,36,34,0.19886363636363635,resolved
c0_L128_rep002.npz,0.5,10686,matched,312,4.0,0.5,0.5,3.1491588183208563,3.273927392739274,3.0243902439024386,True,12.15658362989324,12.805970149253731,11.564625850340136,281,134,147,69,35,34,0.19714285714285715,resolved
c0_L128_rep002.npz,0.5,10686,matched,413,4.0,0.5,0.5,3.123945335710042,3.241830065359477,3.0060606060606063,True,12.042402826855124,12.622222222222222,11.513513513513514,283,135,148,70,36,34,0.19830028328611898,resolved
c0_L128_rep002.npz,0.5,10686,matched,514,4.0,0.5,0.5,3.130939599984095,3.273927392739274,2.9879518072289155,True,12.056537102473499,12.746268656716419,11.436241610738255,283,134,149,69,35,34,0.19602272727272727,resolved
c0_L128_rep002.npz,0.5,12113,native,-1,1.0,0.5,0.5,2.933182517244224,2.9973841373535497,2.8689808971348976,True,9.493679308050565,9.717808219178082,9.282018111254851,1503,730,773,270,155,115,0.15228426395939088,resolved
c0_L128_rep002.npz,0.5,12113,majority,-1,1.0,0.5,0.49847412109375,3.0793784014456884,3.17675936842862,2.9819974344627567,True,11.39531123686338,11.76936026936027,11.049766718506998,1237,594,643,272,156,116,0.1802518223989397,resolved
c0_L128_rep002.npz,0.5,12113,matched,110,4.0,0.5,0.5,3.250976185367947,3.36271186440678,3.1392405063291138,True,12.634686346863468,13.116279069767442,12.19718309859155,271,129,142,69,37,32,0.20294117647058824,resolved
c0_L128_rep002.npz,0.5,12113,matched,211,4.0,0.5,0.5,3.2858832289431037,3.4325259515570936,3.1392405063291138,True,12.689138576779026,13.428571428571429,12.02836879432624,267,126,141,71,37,34,0.21005917159763313,resolved
c0_L128_rep002.npz,0.5,12113,matched,312,4.0,0.5,0.5,3.2632989067023894,3.397260273972603,3.1293375394321763,True,12.637037037037038,13.3125,12.028169014084508,270,128,142,69,36,33,0.20353982300884957,resolved
c0_L128_rep002.npz,0.5,12113,matched,413,4.0,0.5,0.5,3.2460247019194783,3.36271186440678,3.1293375394321763,True,12.647058823529411,13.178294573643411,12.167832167832168,272,129,143,68,37,31,0.2,resolved
c0_L128_rep002.npz,0.5,12113,matched,514,4.0,0.5,0.5,3.2908661503817216,3.4325259515570936,3.1492063492063496,True,12.791044776119403,13.428571428571429,12.225352112676056,268,126,142,68,37,31,0.20238095238095238,resolved
c0_L128_rep002.npz,0.5,13731,native,-1,1.0,0.5,0.5,3.059245395853974,3.1853729181752355,2.933117873532712,True,9.670980926430518,10.005698005698006,9.364229765013055,1468,702,766,266,152,114,0.15340253748558247,resolved
c0_L128_rep002.npz,0.5,13731,majority,-1,1.0,0.5,0.50067138671875,3.217430005854374,3.332857278373418,3.10200273333533,True,11.855583543240973,12.38721136767318,11.378980891719745,1191,563,628,264,152,112,0.18144329896907216,resolved
c0_L128_rep002.npz,0.5,13731,matched,110,4.0,0.5,0.5,3.453453453453453,3.5555555555555554,3.3513513513513513,True,13.533596837944664,14.181818181818182,12.93939393939394,253,121,132,69,37,32,0.21428571428571427,resolved
c0_L128_rep002.npz,0.5,13731,matched,211,4.0,0.5,0.5,3.4891211788372063,3.6605166051660514,3.317725752508361,True,13.52,14.35897435897436,12.781954887218046,250,117,133,70,37,33,0.21875,resolved
c0_L128_rep002.npz,0.5,13731,matched,312,4.0,0.5,0.5,3.4925254925254925,3.6336996336996337,3.3513513513513513,True,13.654618473895582,14.576271186440678,12.82442748091603,249,118,131,71,37,34,0.221875,resolved
c0_L128_rep002.npz,0.5,13731,matched,413,4.0,0.5,0.5,3.4265567678307685,3.5683453237410068,3.2847682119205297,True,13.380392156862746,14.166666666666666,12.681481481481482,255,120,135,70,38,32,0.2153846153846154,resolved
c0_L128_rep002.npz,0.5,13731,matched,514,4.0,0.5,0.5,3.481279347051159,3.6336996336996337,3.3288590604026846,True,13.536,14.440677966101696,12.727272727272727,250,118,132,71,37,34,0.22118380062305296,resolved
c0_L128_rep002.npz,0.5,15565,native,-1,1.0,0.5,0.5,3.1770325865770968,3.303468507609034,3.05059666554516,True,10.036067892503537,10.377581120943953,9.721467391304348,1414,678,736,275,157,118,0.16281823564239195,resolved
c0_L128_rep002.npz,0.5,15565,majority,-1,1.0,0.5,0.5,3.3148420367734577,3.457258114183655,3.1724259593632604,True,12.11892361111111,12.539162112932605,11.7363184079602,1152,549,603,277,159,118,0.19384184744576627,resolved
c0_L128_rep002.npz,0.5,15565,matched,110,4.0,0.5,0.5,3.4891211788372063,3.6605166051660514,3.317725752508361,True,13.6,14.517241379310345,12.805970149253731,250,116,134,70,39,31,0.21875,resolved
c0_L128_rep002.npz,0.5,15565,matched,211,4.0,0.5,0.5,3.4471826744718266,3.620437956204379,3.273927392739274,True,13.438735177865613,14.427350427350428,12.588235294117647,253,117,136,71,40,31,0.2191358024691358,resolved
c0_L128_rep002.npz,0.5,15565,matched,312,4.0,0.5,0.5,3.4646903484112785,3.6336996336996337,3.2956810631229234,True,13.53968253968254,14.495726495726496,12.71111111111111,252,117,135,70,39,31,0.21739130434782608,resolved
c0_L128_rep002.npz,0.5,15565,matched,413,4.0,0.5,0.5,3.4580595096636513,3.620437956204379,3.2956810631229234,True,13.486166007905139,14.372881355932204,12.71111111111111,253,118,135,69,38,31,0.21428571428571427,resolved
c0_L128_rep002.npz,0.5,15565,matched,514,4.0,0.5,0.5,3.444941980836824,3.594202898550724,3.2956810631229234,True,13.433070866141732,14.252100840336135,12.71111111111111,254,119,135,69,38,31,0.21362229102167182,resolved
c0_L128_rep002.npz,0.5,17644,native,-1,1.0,0.5,0.5,3.3046827676761508,3.404282724199002,3.2050828111532996,True,10.516272189349113,10.930875576036867,10.131241084165477,1352,651,701,278,163,115,0.1705521472392638,resolved
c0_L128_rep002.npz,0.5,17644,majority,-1,1.0,0.5,0.49957275390625,3.4373012152032225,3.5288558086833244,3.3457466217231207,True,12.835013748854262,13.444230769230769,12.280210157618214,1091,520,571,279,164,115,0.20364963503649636,resolved
c0_L128_rep002.npz,0.5,17644,matched,110,4.0,0.5,0.5,3.545751633986929,3.647058823529412,3.444444444444445,True,14.138775510204082,15.02608695652174,13.353846153846154,245,115,130,70,42,28,0.2222222222222222,resolved
c0_L128_rep002.npz,0.5,17644,matched,211,4.0,0.5,0.5,3.5517524082803855,3.647058823529412,3.456445993031359,True,14.163934426229508,15.095652173913043,13.333333333333334,244,115,129,71,42,29,0.2253968253968254,resolved
c0_L128_rep002.npz,0.5,17644,matched,312,4.0,0.5,0.5,3.5950508545664253,3.757575757575757,3.4325259515570936,True,14.37344398340249,15.567567567567568,13.353846153846154,241,111,130,71,42,29,0.22756410256410256,resolved
c0_L128_rep002.npz,0.5,17644,matched,413,4.0,0.5,0.5,3.580924629913885,3.729323308270676,3.4325259515570936,True,14.314049586776859,15.428571428571429,13.353846153846154,242,112,130,71,42,29,0.2268370607028754,resolved
c0_L128_rep002.npz,0.5,17644,matched,514,4.0,0.5,0.5,3.6181769864469837,3.7433962264150935,3.4929577464788735,True,14.359832635983263,15.5,13.354330708661417,239,112,127,71,41,30,0.22903225806451613,resolved
c0_L128_rep002.npz,0.5,20000,native,-1,1.0,0.5,0.5,3.401210596460914,3.553451720886782,3.2489694720350455,True,10.649849397590362,10.946957878315132,10.372634643377001,1328,641,687,285,162,123,0.17668939863608182,resolved
c0_L128_rep002.npz,0.5,20000,majority,-1,1.0,0.5,0.5009765625,3.5557321068994727,3.7266034834884985,3.384860730310447,True,13.015917602996256,13.72745490981964,12.391915641476274,1068,499,569,288,163,125,0.21238938053097345,resolved
c0_L128_rep002.npz,0.5,20000,matched,110,4.0,0.5,0.5,3.7152777777777777,3.875,3.5555555555555554,True,14.482758620689655,15.407407407407407,13.67741935483871,232,108,124,71,40,31,0.23432343234323433,resolved
c0_L128_rep002.npz,0.5,20000,matched,211,4.0,0.5,0.5,3.6901501766784452,3.875,3.5053003533568905,True,14.324786324786325,15.333333333333334,13.46031746031746,234,108,126,71,40,31,0.23278688524590163,resolved
c0_L128_rep002.npz,0.5,20000,matched,312,4.0,0.5,0.5,3.6931067827047936,3.905511811023622,3.480701754385965,True,14.35897435897436,15.551401869158878,13.354330708661417,234,107,127,71,40,31,0.23278688524590163,resolved
c0_L128_rep002.npz,0.5,20000,matched,413,4.0,0.5,0.5,3.708604845446951,3.9365079365079367,3.480701754385965,True,14.3862660944206,15.584905660377359,13.385826771653543,233,106,127,71,40,31,0.23355263157894737,resolved
c0_L128_rep002.npz,0.5,20000,matched,514,4.0,0.5,0.5,3.7054060821902564,3.905511811023622,3.5053003533568905,True,14.341880341880342,15.407407407407407,13.428571428571429,234,108,126,69,38,31,0.22772277227722773,resolved
c0_L128_rep003.npz,0.5,1119,native,-1,1.0,0.5,0.5,1.7529404554992047,1.7777652913790338,1.7281156196193757,True,6.270876609887827,6.272033898305085,6.269763651181744,2407,1180,1227,259,166,93,0.09714928732183045,resolved
c0_L128_rep003.npz,0.5,1119,majority,-1,1.0,0.5,0.5010986328125,1.8859229043578498,1.9355510122806225,1.836294796435077,True,7.288152120916626,7.479145473041709,7.112359550561798,2051,983,1068,263,169,94,0.11365600691443388,resolved
c0_L128_rep003.npz,0.5,1119,matched,110,4.0,0.5,0.5,2.214462053038146,2.2909930715935336,2.1379310344827585,True,8.633093525179856,8.816326530612244,8.470588235294118,417,196,221,63,41,22,0.13125,resolved
c0_L128_rep003.npz,0.5,1119,matched,211,4.0,0.5,0.5,2.2402411577200003,2.328638497652582,2.1518438177874186,True,8.689320388349515,8.953367875647668,8.45662100456621,412,193,219,63,40,23,0.13263157894736843,resolved
c0_L128_rep003.npz,0.5,1119,matched,312,4.0,0.5,0.5,2.2106809608894182,2.2648401826484017,2.1565217391304348,True,8.576923076923077,8.686868686868687,8.477064220183486,416,198,218,66,42,24,0.13692946058091288,resolved
c0_L128_rep003.npz,0.5,1119,matched,413,4.0,0.5,0.5,2.217759259814354,2.2648401826484017,2.1706783369803064,True,8.60722891566265,8.686868686868687,8.534562211981568,415,198,217,65,42,23,0.13541666666666666,resolved
c0_L128_rep003.npz,0.5,1119,matched,514,4.0,0.5,0.5,2.1919390477677023,2.2596810933940774,2.1241970021413277,True,8.541567695961994,8.72361809045226,8.378378378378379,421,199,222,64,41,23,0.13195876288659794,resolved
c0_L128_rep003.npz,0.5,1268,native,-1,1.0,0.5,0.5,1.8028468358837133,1.8209612984274584,1.7847323733399683,True,6.455092393639879,6.466257668711656,6.444350758853289,2327,1141,1186,259,169,90,0.10015467904098994,resolved
c0_L128_rep003.npz,0.5,1268,majority,-1,1.0,0.5,0.4990234375,1.9356224038015606,1.9740778236742715,1.8971669839288499,True,7.454864593781344,7.6047966631908235,7.315942028985507,1994,959,1035,257,170,87,0.11417147934251444,resolved
c0_L128_rep003.npz,0.5,1268,matched,110,4.0,0.5,0.5,2.2332158340423804,2.290993071593533,2.175438596491228,True,8.72639225181598,8.934010152284264,8.537037037037036,413,197,216,63,39,24,0.1323529411764706,resolved
c0_L128_rep003.npz,0.5,1268,matched,211,4.0,0.5,0.5,2.260431751766092,2.301624129930395,2.2192393736017895,True,8.831295843520783,8.954314720812183,8.716981132075471,409,197,212,60,37,23,0.1279317697228145,resolved
c0_L128_rep003.npz,0.5,1268,matched,312,4.0,0.5,0.5,2.2589376385981637,2.323185011709602,2.1946902654867255,True,8.805896805896806,9.036269430051814,8.598130841121495,407,193,214,65,41,24,0.13771186440677965,resolved
c0_L128_rep003.npz,0.5,1268,matched,413,4.0,0.5,0.5,2.253266642603001,2.3069767441860467,2.199556541019956,True,8.756756756756756,8.948453608247423,8.582159624413146,407,194,213,67,42,25,0.14135021097046413,resolved
c0_L128_rep003.npz,0.5,1268,matched,514,4.0,0.5,0.5,2.23274089827333,2.2804597701149425,2.185022026431718,True,8.689320388349515,8.873096446700508,8.52093023255814,412,197,215,65,41,24,0.13626834381551362,resolved
c0_L128_rep003.npz,0.5,1438,native,-1,1.0,0.5,0.5,1.853004738455041,1.896279150463149,1.8097303264469327,True,6.599122807017544,6.644021739130435,6.556972789115647,2280,1104,1176,257,175,82,0.10130074891604257,resolved
c0_L128_rep003.npz,0.5,1438,majority,-1,1.0,0.5,0.501220703125,1.9880114982639014,2.0483926797707297,1.9276303167570734,True,7.663585002568054,7.875816993464053,7.47424684159378,1947,918,1029,256,178,78,0.11620517476168861,resolved
c0_L128_rep003.npz,0.5,1438,matched,110,4.0,0.5,0.5,2.261100726895119,2.317757009345794,2.2044444444444444,True,8.784313725490197,8.927835051546392,8.654205607476635,408,194,214,62,40,22,0.13191489361702127,resolved
c0_L128_rep003.npz,0.5,1438,matched,211,4.0,0.5,0.5,2.257113273969766,2.2596810933940774,2.2545454545454544,True,8.776412776412776,8.72361809045226,8.826923076923077,407,199,208,65,41,24,0.13771186440677965,resolved
c0_L128_rep003.npz,0.5,1438,matched,312,4.0,0.5,0.5,2.254650267832699,2.2700228832951943,2.239277652370203,True,8.650246305418719,8.730964467005077,8.574162679425838,406,197,209,68,43,25,0.14345991561181434,resolved
c0_L128_rep003.npz,0.5,1438,matched,413,4.0,0.5,0.5,2.2700347702232833,2.2648401826484017,2.2752293577981653,True,8.813895781637717,8.751269035532994,8.87378640776699,403,197,206,68,44,24,0.14437367303609341,resolved
c0_L128_rep003.npz,0.5,1438,matched,514,4.0,0.5,0.5,2.2421542987904544,2.2700228832951943,2.2142857142857144,True,8.684596577017114,8.771573604060913,8.60377358490566,409,197,212,67,43,24,0.1407563025210084,resolved
c0_L128_rep003.npz,0.5,1630,native,-1,1.0,0.5,0.5,1.8616442753410565,1.905302720106201,1.817985830575912,True,6.551126516464471,6.582289803220036,6.521848739495798,2308,1118,1190,246,161,85,0.09631949882537197,resolved
c0_L128_rep003.npz,0.5,1630,majority,-1,1.0,0.5,0.4989013671875,2.0014466303430085,2.0580882024185714,1.9448050582674457,True,7.697578567748583,7.845238095238095,7.563421828908554,1941,924,1017,245,162,83,0.11207685269899359,resolved
c0_L128_rep003.npz,0.5,1630,matched,110,4.0,0.5,0.5,2.282196518952195,2.3451536643026007,2.2192393736017895,True,8.813895781637717,9.125,8.530805687203792,403,192,211,64,39,25,0.13704496788008566,resolved
c0_L128_rep003.npz,0.5,1630,matched,211,4.0,0.5,0.5,2.2930600042707665,2.361904761904762,2.2242152466367715,True,8.835820895522389,9.151832460732985,8.549763033175356,402,191,211,62,38,24,0.1336206896551724,resolved
c0_L128_rep003.npz,0.5,1630,matched,312,4.0,0.5,0.5,2.2674995694581437,2.3451536643026007,2.1898454746136866,True,8.748768472906404,9.125,8.411214953271028,406,192,214,64,39,25,0.13617021276595745,resolved
c0_L128_rep003.npz,0.5,1630,matched,413,4.0,0.5,0.5,2.2952643855256682,2.3562945368171024,2.234234234234234,True,8.917705735660848,9.151832460732985,8.704761904761904,401,191,210,63,39,24,0.13577586206896552,resolved
c0_L128_rep003.npz,0.5,1630,matched,514,4.0,0.5,0.5,2.2949942764220683,2.3507109004739335,2.239277652370203,True,8.895522388059701,9.125,8.685714285714285,402,192,210,61,38,23,0.13174946004319654,resolved
c0_L128_rep003.npz,0.5,1848,native,-1,1.0,0.5,0.5,1.916361705315788,1.9482473100566167,1.8844761005749593,True,6.6361209964412815,6.730129390018484,6.548885077186964,2248,1082,1166,260,164,96,0.10366826156299841,resolved
c0_L128_rep003.npz,0.5,1848,majority,-1,1.0,0.5,0.5006103515625,2.0739384442448427,2.1053786940824972,2.0424981944071883,True,7.905195500803428,7.966740576496674,7.847668393782383,1867,902,965,261,167,94,0.12265037593984962,resolved
c0_L128_rep003.npz,0.5,1848,matched,110,4.0,0.5,0.5,2.363244469653999,2.419512195121951,2.3069767441860467,True,9.107692307692307,9.290322580645162,8.941176470588236,390,186,204,60,38,22,0.13333333333333333,resolved
c0_L128_rep003.npz,0.5,1848,matched,211,4.0,0.5,0.5,2.382525257185035,2.4254278728606358,2.339622641509434,True,9.167958656330748,9.311827956989248,9.034825870646767,387,186,201,59,37,22,0.13228699551569506,resolved
c0_L128_rep003.npz,0.5,1848,matched,312,4.0,0.5,0.5,2.369485283638416,2.4373464373464375,2.301624129930395,True,9.11340206185567,9.347826086956522,8.901960784313726,388,184,204,62,39,23,0.13777777777777778,resolved
c0_L128_rep003.npz,0.5,1848,matched,413,4.0,0.5,0.5,2.345271629778672,2.361904761904762,2.328638497652582,True,9.099236641221374,9.047120418848168,9.148514851485148,393,191,202,60,38,22,0.13245033112582782,resolved
c0_L128_rep003.npz,0.5,1848,matched,514,4.0,0.5,0.5,2.348195376668198,2.373205741626794,2.323185011709602,True,9.096446700507615,9.172774869109947,9.024630541871922,394,191,203,57,36,21,0.12638580931263857,resolved
c0_L128_rep003.npz,0.5,2094,native,-1,1.0,0.5,0.5,1.9670027236615688,1.9954878536217082,1.9385175937014294,True,6.907628676470588,6.918309859154929,6.897389738973898,2176,1065,1111,243,155,88,0.10045473336089293,resolved
c0_L128_rep003.npz,0.5,2094,majority,-1,1.0,0.5,0.50128173828125,2.0993133494717515,2.1245952711025047,2.074031427840999,True,8.003775620280475,8.058758314855876,7.951680672268908,1854,902,952,247,157,90,0.11756306520704426,resolved
c0_L128_rep003.npz,0.5,2094,matched,110,4.0,0.5,0.5,2.407894659321884,2.4254278728606358,2.3903614457831326,True,9.410526315789474,9.556756756756757,9.271794871794873,380,185,195,64,39,25,0.14414414414414414,resolved
c0_L128_rep003.npz,0.5,2094,matched,211,4.0,0.5,0.5,2.3874884151992584,2.3846153846153846,2.3903614457831326,True,9.322916666666666,9.354497354497354,9.292307692307693,384,189,195,63,38,25,0.14093959731543623,resolved
c0_L128_rep003.npz,0.5,2094,matched,312,4.0,0.5,0.5,2.3817561335546946,2.3788968824940047,2.3846153846153846,True,9.229166666666666,9.227513227513228,9.23076923076923,384,189,195,65,39,26,0.1447661469933185,resolved
c0_L128_rep003.npz,0.5,2094,matched,413,4.0,0.5,0.5,2.390375325157934,2.3846153846153846,2.396135265700483,True,9.315926892950392,9.297872340425531,9.333333333333334,383,188,195,64,40,24,0.14317673378076062,resolved
c0_L128_rep003.npz,0.5,2094,matched,514,4.0,0.5,0.5,2.402289145323201,2.431372549019608,2.373205741626794,True,9.36482939632546,9.535135135135135,9.204081632653061,381,185,196,64,38,26,0.14382022471910114,resolved
c0_L128_rep003.npz,0.5,2374,native,-1,1.0,0.5,0.5,2.009791386570938,2.055102051655186,1.9644807214866895,True,6.977443609022556,7.016504854368932,6.9408014571949,2128,1030,1098,251,162,89,0.10550651534258092,resolved
c0_L128_rep003.npz,0.5,2374,majority,-1,1.0,0.5,0.5009765625,2.1594821471863312,2.225284356623623,2.09367993774904,True,8.216954824316787,8.424028268551236,8.03072033898305,1793,849,944,253,165,88,0.12365591397849462,resolved
c0_L128_rep003.npz,0.5,2374,matched,110,4.0,0.5,0.5,2.445486119544362,2.517766497461929,2.373205741626794,True,9.393617021276595,9.595505617977528,9.212121212121213,376,178,198,60,38,22,0.13761467889908258,resolved
c0_L128_rep003.npz,0.5,2374,matched,211,4.0,0.5,0.5,2.438818718325088,2.4987405541561714,2.3788968824940047,True,9.389920424403183,9.511111111111111,9.279187817258883,377,180,197,60,37,23,0.13729977116704806,resolved
c0_L128_rep003.npz,0.5,2374,matched,312,4.0,0.5,0.5,2.445486119544362,2.517766497461929,2.373205741626794,True,9.329787234042554,9.55056179775281,9.131313131313131,376,178,198,60,38,22,0.13761467889908258,resolved
c0_L128_rep003.npz,0.5,2374,matched,413,4.0,0.5,0.5,2.4229034951687938,2.4554455445544554,2.3903614457831326,True,9.361477572559366,9.406593406593407,9.319796954314722,379,182,197,61,40,21,0.13863636363636364,resolved
c0_L128_rep003.npz,0.5,2374,matched,514,4.0,0.5,0.5,2.454394206302603,2.524173027989822,2.3846153846153846,True,9.404825737265416,9.649717514124294,9.183673469387756,373,177,196,63,39,24,0.1444954128440367,resolved
c0_L128_rep003.npz,0.5,2691,native,-1,1.0,0.5,0.5,2.1161826211466126,2.156488711593957,2.075876530699268,True,7.222550467749877,7.2727272727272725,7.175855513307985,2031,979,1052,242,167,75,0.10646722393312802,resolved
c0_L128_rep003.npz,0.5,2691,majority,-1,1.0,0.5,0.5003662109375,2.262466717768171,2.3041250277577454,2.220808407778597,True,8.456395348837209,8.531553398058252,8.387276785714286,1720,824,896,246,168,78,0.12512716174974567,resolved
c0_L128_rep003.npz,0.5,2691,matched,110,4.0,0.5,0.5,2.5278849025489203,2.5633074935400515,2.4924623115577886,True,9.58011049723757,9.6,9.561497326203208,362,175,187,61,37,24,0.14420803782505912,resolved
c0_L128_rep003.npz,0.5,2691,matched,211,4.0,0.5,0.5,2.5025641025641026,2.543589743589744,2.4615384615384617,True,9.40983606557377,9.44632768361582,9.375661375661375,366,177,189,61,36,25,0.14285714285714285,resolved
c0_L128_rep003.npz,0.5,2691,matched,312,4.0,0.5,0.5,2.5381469339144207,2.5900783289817233,2.4862155388471177,True,9.606648199445983,9.710982658959537,9.51063829787234,361,173,188,60,37,23,0.14251781472684086,resolved
c0_L128_rep003.npz,0.5,2691,matched,413,4.0,0.5,0.5,2.4904680904680907,2.543589743589744,2.4373464373464375,True,9.452574525745257,9.514124293785311,9.395833333333334,369,177,192,59,36,23,0.1378504672897196,resolved
c0_L128_rep003.npz,0.5,2691,matched,514,4.0,0.5,0.5,2.5316666666666667,2.5833333333333335,2.48,True,9.619834710743802,9.793103448275861,9.46031746031746,363,174,189,58,36,22,0.1377672209026128,resolved
c0_L128_rep003.npz,0.5,3051,native,-1,1.0,0.5,0.5,2.1516749358141394,2.187269488284421,2.1160803833438577,True,7.322420634920635,7.36028659160696,7.286814244465832,2016,977,1039,244,166,78,0.1079646017699115,resolved
c0_L128_rep003.npz,0.5,3051,majority,-1,1.0,0.5,0.4998779296875,2.3031469483439673,2.3385425663832597,2.267751330304675,True,8.562389118864576,8.690417690417691,8.443557582668188,1691,814,877,251,171,80,0.12924819773429455,resolved
c0_L128_rep003.npz,0.5,3051,matched,110,4.0,0.5,0.5,2.5543625228664597,2.6036745406824147,2.505050505050505,True,9.608938547486034,9.720930232558139,9.505376344086022,358,172,186,61,37,24,0.14558472553699284,resolved
c0_L128_rep003.npz,0.5,3051,matched,211,4.0,0.5,0.5,2.5633074935400515,2.5633074935400515,2.5633074935400515,True,9.736694677871148,9.622857142857143,9.846153846153847,357,175,182,60,37,23,0.14388489208633093,resolved
c0_L128_rep003.npz,0.5,3051,matched,312,4.0,0.5,0.5,2.583771391362739,2.6174142480211082,2.55012853470437,True,9.841807909604519,9.894736842105264,9.792349726775956,354,171,183,60,37,23,0.14492753623188406,resolved
c0_L128_rep003.npz,0.5,3051,matched,413,4.0,0.5,0.5,2.5777363813689163,2.6312997347480107,2.524173027989822,True,9.769014084507042,9.882352941176471,9.664864864864866,355,170,185,60,37,23,0.14457831325301204,resolved
c0_L128_rep003.npz,0.5,3051,matched,514,4.0,0.5,0.5,2.5867058311575284,2.5900783289817233,2.5833333333333335,True,9.813031161473088,9.780346820809248,9.844444444444445,353,173,180,61,37,24,0.1473429951690821,resolved
c0_L128_rep003.npz,0.5,3458,native,-1,1.0,0.5,0.5,2.2385717233860714,2.2981128162588136,2.1790306305133296,True,7.604627249357327,7.666307857911733,7.548228346456693,1945,929,1016,248,177,71,0.11308709530323757,resolved
c0_L128_rep003.npz,0.5,3458,majority,-1,1.0,0.5,0.5009765625,2.3943210375795205,2.4593594437591917,2.32928263139985,True,8.986461538461539,9.198692810457516,8.797674418604652,1625,765,860,251,180,71,0.1337953091684435,resolved
c0_L128_rep003.npz,0.5,3458,matched,110,4.0,0.5,0.5,2.6570285271718084,2.710382513661202,2.6036745406824147,True,10.169096209912537,10.439024390243903,9.921787709497206,343,164,179,61,38,23,0.15099009900990099,resolved
c0_L128_rep003.npz,0.5,3458,matched,211,4.0,0.5,0.5,2.649247664551095,2.6810810810810812,2.6174142480211082,True,10.127906976744185,10.36144578313253,9.910112359550562,344,166,178,61,38,23,0.1506172839506173,resolved
c0_L128_rep003.npz,0.5,3458,matched,312,4.0,0.5,0.5,2.6708411242046064,2.710382513661202,2.6312997347480107,True,10.299120234604105,10.478527607361963,10.134831460674157,341,163,178,61,40,21,0.1517412935323383,resolved
c0_L128_rep003.npz,0.5,3458,matched,413,4.0,0.5,0.5,2.6285938903863433,2.673854447439353,2.5833333333333335,True,10.046242774566474,10.313253012048193,9.8,346,166,180,63,39,24,0.15403422982885084,resolved
c0_L128_rep003.npz,0.5,3458,matched,514,4.0,0.5,0.5,2.664167267483778,2.717808219178082,2.610526315789474,True,10.198830409356725,10.52760736196319,9.899441340782124,342,163,179,61,39,22,0.1513647642679901,resolved
c0_L128_rep003.npz,0.5,3920,native,-1,1.0,0.5,0.5,2.2966572008847566,2.335481980662174,2.2578324211073397,True,7.669806384092098,7.712121212121212,7.630192502532928,1911,924,987,252,169,83,0.11650485436893204,resolved
c0_L128_rep003.npz,0.5,3920,majority,-1,1.0,0.5,0.499755859375,2.4631232569564636,2.510043751636985,2.416202762275942,True,9.177070063694268,9.330238726790451,9.035539215686274,1570,754,816,259,173,86,0.14160743575724438,resolved
c0_L128_rep003.npz,0.5,3920,matched,110,4.0,0.5,0.5,2.7039809863339275,2.7555555555555555,2.6524064171122994,True,10.29585798816568,10.493827160493828,10.113636363636363,338,162,176,58,36,22,0.14646464646464646,resolved
c0_L128_rep003.npz,0.5,3920,matched,211,4.0,0.5,0.5,2.7113743120225227,2.7632311977715873,2.6595174262734584,True,10.350148367952523,10.559006211180124,10.159090909090908,337,161,176,58,37,21,0.1468354430379747,resolved
c0_L128_rep003.npz,0.5,3920,matched,312,4.0,0.5,0.5,2.674029295512671,2.6956521739130435,2.6524064171122994,True,10.240469208211143,10.327272727272728,10.159090909090908,341,165,176,60,38,22,0.14962593516209477,resolved
c0_L128_rep003.npz,0.5,3920,matched,413,4.0,0.5,0.5,2.6896110862105704,2.74792243767313,2.6312997347480107,True,10.289085545722713,10.518518518518519,10.07909604519774,339,162,177,60,37,23,0.15037593984962405,resolved
c0_L128_rep003.npz,0.5,3920,matched,514,4.0,0.5,0.5,2.6853040293040293,2.7252747252747254,2.6453333333333333,True,10.277286135693215,10.45398773006135,10.113636363636363,339,163,176,61,38,23,0.1525,resolved
c0_L128_rep003.npz,0.5,4443,native,-1,1.0,0.5,0.5,2.3941689078552217,2.441423726052581,2.3469140896578624,True,8.025109170305678,8.180571428571428,7.882967607105538,1832,875,957,238,159,79,0.11497584541062802,resolved
c0_L128_rep003.npz,0.5,4443,majority,-1,1.0,0.5,0.49945068359375,2.5368089266385527,2.5829105380211628,2.4907073152559427,True,9.511096605744125,9.678474114441418,9.357142857142858,1532,734,798,239,160,79,0.13495200451722192,resolved
c0_L128_rep003.npz,0.5,4443,matched,110,4.0,0.5,0.5,2.733300947291717,2.770949720670391,2.6956521739130435,True,10.550898203592814,10.75776397515528,10.358381502890174,334,161,173,58,36,22,0.14795918367346939,resolved
c0_L128_rep003.npz,0.5,4443,matched,211,4.0,0.5,0.5,2.7593933766635717,2.7555555555555555,2.7632311977715873,True,10.638297872340425,10.70807453416149,10.571428571428571,329,161,168,61,38,23,0.1564102564102564,resolved
c0_L128_rep003.npz,0.5,4443,matched,312,4.0,0.5,0.5,2.729152475667166,2.74792243767313,2.710382513661202,True,10.534534534534535,10.666666666666666,10.409356725146198,333,162,171,61,37,24,0.1548223350253807,resolved
c0_L128_rep003.npz,0.5,4443,matched,413,4.0,0.5,0.5,2.729648302069613,2.770949720670391,2.6883468834688347,True,10.522522522522523,10.8,10.265895953757225,333,160,173,61,38,23,0.1548223350253807,resolved
c0_L128_rep003.npz,0.5,4443,matched,514,4.0,0.5,0.5,2.721541472226404,2.7252747252747254,2.717808219178082,True,10.491017964071856,10.60122699386503,10.385964912280702,334,163,171,61,38,23,0.15443037974683543,resolved
c0_L128_rep003.npz,0.5,5037,native,-1,1.0,0.5,0.5,2.47200619436681,2.4601355308290804,2.4838768579045394,True,8.087437742114002,8.135440180586908,8.041259500542887,1807,886,921,246,159,87,0.11982464685825621,resolved
c0_L128_rep003.npz,0.5,5037,majority,-1,1.0,0.5,0.50042724609375,2.6334639829165543,2.6164026373154314,2.650525328517677,True,9.834351663272233,9.854972375690608,9.814419225634179,1473,724,749,250,163,87,0.14509576320371445,resolved
c0_L128_rep003.npz,0.5,5037,matched,110,4.0,0.5,0.5,2.7987584560286507,2.7632311977715873,2.8342857142857145,True,10.563467492260061,10.459627329192546,10.666666666666666,323,161,162,63,37,26,0.16321243523316062,resolved
c0_L128_rep003.npz,0.5,5037,matched,211,4.0,0.5,0.5,2.806363840071705,2.786516853932584,2.826210826210826,True,10.60061919504644,10.55,10.650306748466258,323,160,163,61,36,25,0.15885416666666666,resolved
c0_L128_rep003.npz,0.5,5037,matched,312,4.0,0.5,0.5,2.8104012841091492,2.786516853932584,2.8342857142857145,True,10.629283489096574,10.616352201257861,10.641975308641975,321,159,162,64,38,26,0.16623376623376623,resolved
c0_L128_rep003.npz,0.5,5037,matched,413,4.0,0.5,0.5,2.794366197183099,2.794366197183099,2.794366197183099,True,10.535384615384615,10.575,10.496969696969696,325,160,165,60,35,25,0.15584415584415584,resolved
c0_L128_rep003.npz,0.5,5037,matched,514,4.0,0.5,0.5,2.7709713411827126,2.7787114845938374,2.7632311977715873,True,10.458715596330276,10.6,10.323353293413174,327,160,167,62,37,25,0.15938303341902313,resolved
c0_L128_rep003.npz,0.5,5709,native,-1,1.0,0.5,0.5,2.5353829961854464,2.5284099855860656,2.5423560067848276,True,8.310657596371883,8.341860465116278,8.280973451327434,1764,860,904,228,155,73,0.1144578313253012,resolved
c0_L128_rep003.npz,0.5,5709,majority,-1,1.0,0.5,0.50018310546875,2.6933567406629564,2.6717116861727437,2.7150017951531686,True,10.009641873278238,9.970629370629371,10.047489823609226,1452,715,737,228,157,71,0.1357142857142857,resolved
c0_L128_rep003.npz,0.5,5709,matched,110,4.0,0.5,0.5,2.8922266139657444,2.8753623188405797,2.909090909090909,True,10.94267515923567,11.04516129032258,10.842767295597485,314,155,159,58,35,23,0.15591397849462366,resolved
c0_L128_rep003.npz,0.5,5709,matched,211,4.0,0.5,0.5,2.9091159270725835,2.9176470588235293,2.9005847953216377,True,11.038461538461538,11.210526315789474,10.875,312,152,160,58,36,22,0.15675675675675677,resolved
c0_L128_rep003.npz,0.5,5709,matched,312,4.0,0.5,0.5,2.9147768458113283,2.850574712643678,2.978978978978979,True,11.04823151125402,11.025641025641026,11.070967741935483,311,156,155,59,36,23,0.15945945945945947,resolved
c0_L128_rep003.npz,0.5,5709,matched,413,4.0,0.5,0.5,2.8590033222591362,2.8342857142857145,2.883720930232558,True,10.839116719242902,10.904458598726114,10.775,317,157,160,60,36,24,0.15915119363395225,resolved
c0_L128_rep003.npz,0.5,5709,matched,514,4.0,0.5,0.5,2.913871635610766,2.8753623188405797,2.952380952380952,True,10.96774193548387,10.96103896103896,10.974358974358974,310,154,156,61,37,24,0.16442048517520216,resolved
c0_L128_rep003.npz,0.5,6472,native,-1,1.0,0.5,0.5,2.620302360386203,2.6376594148537134,2.602945305918692,True,8.56440281030445,8.656626506024097,8.477220956719817,1708,830,878,229,152,77,0.11822405782137325,resolved
c0_L128_rep003.npz,0.5,6472,majority,-1,1.0,0.5,0.5008544921875,2.763934721093115,2.790990861145122,2.7368785810411076,True,10.220338983050848,10.371345029239766,10.079234972677595,1416,684,732,230,152,78,0.13973268529769137,resolved
c0_L128_rep003.npz,0.5,6472,matched,110,4.0,0.5,0.5,2.9661571466881202,3.0060606060606063,2.926253687315634,True,11.2987012987013,11.436241610738255,11.169811320754716,308,149,159,53,32,21,0.14681440443213298,resolved
c0_L128_rep003.npz,0.5,6472,matched,211,4.0,0.5,0.5,2.996978851963746,2.996978851963746,2.996978851963746,True,11.326732673267326,11.27027027027027,11.380645161290323,303,148,155,56,35,21,0.15598885793871867,resolved
c0_L128_rep003.npz,0.5,6472,matched,312,4.0,0.5,0.5,2.961220416310237,2.952380952380952,2.9700598802395213,True,11.166123778501628,11.04635761589404,11.282051282051283,307,151,156,56,34,22,0.15426997245179064,resolved
c0_L128_rep003.npz,0.5,6472,matched,413,4.0,0.5,0.5,2.9657859926352295,2.9879518072289155,2.943620178041543,True,11.257328990228013,11.275167785234899,11.240506329113924,307,149,158,55,34,21,0.15193370165745856,resolved
c0_L128_rep003.npz,0.5,6472,matched,514,4.0,0.5,0.5,2.9790864409072464,2.996978851963746,2.961194029850746,True,11.265573770491804,11.297297297297296,11.235668789808917,305,148,157,56,35,21,0.15512465373961218,resolved
c0_L128_rep003.npz,0.5,7336,native,-1,1.0,0.5,0.5,2.6797872891274843,2.7036207774891663,2.6559538007658023,True,8.861162079510704,9.0,8.732941176470588,1635,785,850,223,144,79,0.12002152852529602,resolved
c0_L128_rep003.npz,0.5,7336,majority,-1,1.0,0.5,0.49932861328125,2.8226708614147205,2.8456039778356033,2.7997377449938377,True,10.40159767610748,10.43562874251497,10.36953455571227,1377,668,709,220,144,76,0.13775829680651222,resolved
c0_L128_rep003.npz,0.5,7336,matched,110,4.0,0.5,0.5,3.019793906145748,3.0151975683890577,3.0243902439024386,True,11.614617940199336,11.675675675675675,11.555555555555555,301,148,153,55,33,22,0.1544943820224719,resolved
c0_L128_rep003.npz,0.5,7336,matched,211,4.0,0.5,0.5,3.0246432721357195,3.0523076923076924,2.996978851963746,True,11.48,11.67123287671233,11.2987012987013,300,146,154,56,33,23,0.15730337078651685,resolved
c0_L128_rep003.npz,0.5,7336,matched,312,4.0,0.5,0.5,3.016200730095652,3.0712074303405577,2.961194029850746,True,11.481727574750831,11.806896551724138,11.179487179487179,301,145,156,56,33,23,0.1568627450980392,resolved
c0_L128_rep003.npz,0.5,7336,matched,413,4.0,0.5,0.5,3.0295796187847364,3.0712074303405577,2.9879518072289155,True,11.52,11.751724137931035,11.303225806451612,300,145,155,55,33,22,0.15492957746478872,resolved
c0_L128_rep003.npz,0.5,7336,matched,514,4.0,0.5,0.5,3.043660765545736,3.0903426791277258,2.996978851963746,True,11.503355704697986,11.722222222222221,11.2987012987013,298,144,154,56,33,23,0.15819209039548024,resolved
c0_L128_rep003.npz,0.5,8316,native,-1,1.0,0.5,0.5,2.7766322528882155,2.7824968244145523,2.770767681361879,True,8.830165542611894,8.868585732165206,8.79326923076923,1631,799,832,213,137,76,0.11550976138828634,resolved
c0_L128_rep003.npz,0.5,8316,majority,-1,1.0,0.5,0.5,2.9175098656208402,2.9184491154533685,2.916570615788312,True,10.635548917102316,10.643835616438356,10.627565982404692,1339,657,682,211,135,76,0.13612903225806453,resolved
c0_L128_rep003.npz,0.5,8316,matched,110,4.0,0.5,0.5,3.1492380875594614,3.159235668789809,3.1392405063291138,True,11.734265734265735,11.74468085106383,11.724137931034482,286,141,145,58,32,26,0.1686046511627907,resolved
c0_L128_rep003.npz,0.5,8316,matched,211,4.0,0.5,0.5,3.159748427672956,3.2,3.119496855345912,True,11.706293706293707,11.76978417266187,11.646258503401361,286,139,147,56,32,24,0.16374269005847952,resolved
c0_L128_rep003.npz,0.5,8316,matched,312,4.0,0.5,0.5,3.135603715170279,3.2,3.0712074303405577,True,11.63888888888889,11.798561151079136,11.48993288590604,288,139,149,57,32,25,0.16521739130434782,resolved
c0_L128_rep003.npz,0.5,8316,matched,413,4.0,0.5,0.5,3.2106586224233284,3.241830065359477,3.1794871794871793,True,11.871886120996441,11.883211678832117,11.86111111111111,281,137,144,56,32,24,0.1661721068249258,resolved
c0_L128_rep003.npz,0.5,8316,matched,514,4.0,0.5,0.5,3.164668769716088,3.2,3.1293375394321763,True,11.761403508771929,11.856115107913668,11.67123287671233,285,139,146,57,32,25,0.16666666666666666,resolved
c0_L128_rep003.npz,0.5,9427,native,-1,1.0,0.5,0.5,2.8721756409201555,2.8665710752716462,2.877780206568665,True,9.00501253132832,9.172323759791123,8.850602409638554,1596,766,830,222,147,75,0.12211221122112212,resolved
c0_L128_rep003.npz,0.5,9427,majority,-1,1.0,0.5,0.500244140625,3.0289197324047583,3.022518628684744,3.035320836124773,True,10.98838109992254,11.0848,10.897897897897899,1291,625,666,220,146,74,0.14559894109861019,resolved
c0_L128_rep003.npz,0.5,9427,matched,110,4.0,0.5,0.5,3.236756940895929,3.210355987055016,3.263157894736842,True,12.028673835125447,11.91304347826087,12.141843971631205,279,138,141,55,33,22,0.16467065868263472,resolved
c0_L128_rep003.npz,0.5,9427,matched,211,4.0,0.5,0.5,3.231304643069349,3.220779220779221,3.241830065359477,True,12.014285714285714,11.971014492753623,12.056338028169014,280,138,142,54,32,22,0.16167664670658682,resolved
c0_L128_rep003.npz,0.5,9427,matched,312,4.0,0.5,0.5,3.2267072861132267,3.273927392739274,3.1794871794871793,True,12.0,12.207407407407407,11.806896551724138,280,135,145,55,33,22,0.16417910447761194,resolved
c0_L128_rep003.npz,0.5,9427,matched,413,4.0,0.5,0.5,3.2001332001332,3.220779220779221,3.1794871794871793,True,11.900709219858156,11.97080291970803,11.83448275862069,282,137,145,56,34,22,0.16568047337278108,resolved
c0_L128_rep003.npz,0.5,9427,matched,514,4.0,0.5,0.5,3.1950541471308247,3.220779220779221,3.169329073482428,True,11.886524822695035,12.0,11.779310344827586,282,137,145,57,34,23,0.168141592920354,resolved
c0_L128_rep003.npz,0.5,10686,native,-1,1.0,0.5,0.5,2.9345346678696975,2.9112705811341,2.9577987546052946,True,9.349901896664486,9.330677290836654,9.368556701030927,1529,753,776,213,137,76,0.12227324913892078,resolved
c0_L128_rep003.npz,0.5,10686,majority,-1,1.0,0.5,0.49932861328125,3.063142505487334,3.0245529920328598,3.1017320189418083,True,11.116113744075829,11.073365231259968,11.158059467918623,1266,627,639,218,139,79,0.14690026954177898,resolved
c0_L128_rep003.npz,0.5,10686,matched,110,4.0,0.5,0.5,3.2956810631229234,3.2956810631229234,3.2956810631229234,True,12.22140221402214,12.390977443609023,12.057971014492754,271,133,138,60,35,25,0.18126888217522658,resolved
c0_L128_rep003.npz,0.5,10686,matched,211,4.0,0.5,0.5,3.2902246375217263,3.2956810631229234,3.2847682119205297,True,12.206642066420665,12.421052631578947,12.0,271,133,138,61,35,26,0.18373493975903615,resolved
c0_L128_rep003.npz,0.5,10686,matched,312,4.0,0.5,0.5,3.2902246375217263,3.2956810631229234,3.2847682119205297,True,12.206642066420665,12.421052631578947,12.0,271,133,138,61,35,26,0.18373493975903615,resolved
c0_L128_rep003.npz,0.5,10686,matched,413,4.0,0.5,0.5,3.3067034078156423,3.2956810631229234,3.317725752508361,True,12.266666666666667,12.390977443609023,12.145985401459853,270,133,137,60,35,25,0.18181818181818182,resolved
c0_L128_rep003.npz,0.5,10686,matched,514,4.0,0.5,0.5,3.3011738648947953,3.2956810631229234,3.3066666666666666,True,12.148148148148149,12.270676691729323,12.02919708029197,270,133,137,61,35,26,0.18429003021148035,resolved
c0_L128_rep003.npz,0.5,12113,native,-1,1.0,0.5,0.5,3.073762260016285,3.08264074015995,3.06488377987262,True,9.66938775510204,9.72829131652661,9.613756613756614,1470,714,756,226,147,79,0.1332547169811321,resolved
c0_L128_rep003.npz,0.5,12113,majority,-1,1.0,0.5,0.4990234375,3.2274341371577293,3.219114015251639,3.23575425906382,True,11.539983511953833,11.736752136752136,11.356687898089172,1213,585,628,227,151,76,0.15763888888888888,resolved
c0_L128_rep003.npz,0.5,12113,matched,110,4.0,0.5,0.5,3.422683846712115,3.5053003533568905,3.3400673400673395,True,12.763358778625955,13.344,12.233576642335766,262,125,137,56,33,23,0.1761006289308176,resolved
c0_L128_rep003.npz,0.5,12113,matched,211,4.0,0.5,0.5,3.475469382746349,3.530249110320285,3.4206896551724135,True,12.8715953307393,13.290322580645162,12.481203007518797,257,124,133,57,33,24,0.18152866242038215,resolved
c0_L128_rep003.npz,0.5,12113,matched,312,4.0,0.5,0.5,3.4393116377445563,3.4929577464788735,3.385665529010239,True,12.827586206896552,13.301587301587302,12.385185185185184,261,126,135,55,32,23,0.17405063291139242,resolved
c0_L128_rep003.npz,0.5,12113,matched,413,4.0,0.5,0.5,3.4152978264476523,3.456445993031359,3.3741496598639453,True,12.763358778625955,13.165354330708661,12.385185185185184,262,127,135,57,33,24,0.1786833855799373,resolved
c0_L128_rep003.npz,0.5,12113,matched,514,4.0,0.5,0.5,3.4448182311448727,3.480701754385965,3.4089347079037804,True,12.861538461538462,13.238095238095237,12.507462686567164,260,126,134,56,33,23,0.17721518987341772,resolved
c0_L128_rep003.npz,0.5,13731,native,-1,1.0,0.5,0.5,3.145390253169813,3.1378260273764025,3.152954478963224,True,9.806607019958706,9.798581560283688,9.814171122994653,1453,705,748,217,148,69,0.12994011976047903,resolved
c0_L128_rep003.npz,0.5,13731,majority,-1,1.0,0.5,0.5010986328125,3.3093273441124342,3.2802173656058895,3.3384373226189794,True,11.927966101694915,11.98076923076923,11.87828947368421,1180,572,608,220,150,70,0.15714285714285714,resolved
c0_L128_rep003.npz,0.5,13731,matched,110,4.0,0.5,0.5,3.4335537031714094,3.3741496598639453,3.4929577464788735,True,12.707692307692307,12.8,12.615384615384615,260,130,130,58,34,24,0.18238993710691823,resolved
c0_L128_rep003.npz,0.5,13731,matched,211,4.0,0.5,0.5,3.4695919091120326,3.4089347079037804,3.530249110320285,True,12.828125,12.9375,12.71875,256,128,128,60,35,25,0.189873417721519,resolved
c0_L128_rep003.npz,0.5,13731,matched,312,4.0,0.5,0.5,3.4393116377445563,3.385665529010239,3.4929577464788735,True,12.756756756756756,12.868217054263566,12.646153846153846,259,129,130,59,35,24,0.18553459119496854,resolved
c0_L128_rep003.npz,0.5,13731,matched,413,4.0,0.5,0.5,3.421340564197707,3.3741496598639453,3.4685314685314683,True,12.659003831417625,12.8,12.51908396946565,261,130,131,58,34,24,0.18181818181818182,resolved
c0_L128_rep003.npz,0.5,13731,matched,514,4.0,0.5,0.5,3.44022118043034,3.36271186440678,3.5177304964539005,True,12.756756756756756,12.76923076923077,12.744186046511627,259,130,129,59,35,24,0.18553459119496854,resolved
c0_L128_rep003.npz,0.5,15565,native,-1,1.0,0.5,0.5,3.3016099670376633,3.3381210564697676,3.2650988776055585,True,10.082975679542203,10.21311475409836,9.962861072902339,1398,671,727,225,141,84,0.13863216266173753,resolved
c0_L128_rep003.npz,0.5,15565,majority,-1,1.0,0.5,0.50006103515625,3.428736619528598,3.4613527041664076,3.396120534890789,True,12.227870289219982,12.530386740331492,11.953177257525084,1141,543,598,222,140,82,0.16287600880410857,resolved
c0_L128_rep003.npz,0.5,15565,matched,110,4.0,0.5,0.5,3.65438263229308,3.701492537313433,3.6072727272727274,True,13.643153526970954,14.085470085470085,13.225806451612904,241,117,124,61,34,27,0.20198675496688742,resolved
c0_L128_rep003.npz,0.5,15565,matched,211,4.0,0.5,0.5,3.62120969890754,3.6740740740740736,3.5683453237410068,True,13.508196721311476,13.966101694915254,13.079365079365079,244,118,126,60,34,26,0.19736842105263158,resolved
c0_L128_rep003.npz,0.5,15565,matched,312,4.0,0.5,0.5,3.6605664488017426,3.647058823529412,3.6740740740740736,True,13.576763485477178,13.781512605042018,13.37704918032787,241,119,122,60,34,26,0.19933554817275748,resolved
c0_L128_rep003.npz,0.5,15565,matched,413,4.0,0.5,0.5,3.6879362052047484,3.6605166051660514,3.7153558052434454,True,13.673640167364017,13.815126050420169,13.533333333333333,239,119,120,60,33,27,0.20066889632107024,resolved
c0_L128_rep003.npz,0.5,15565,matched,514,4.0,0.5,0.5,3.6472560151392264,3.6740740740740736,3.620437956204379,True,13.603305785123966,13.932203389830509,13.290322580645162,242,118,124,60,34,26,0.1986754966887417,resolved
c0_L128_rep003.npz,0.5,17644,native,-1,1.0,0.5,0.5,3.279754625710966,3.3469216628503244,3.2125875885716084,True,10.093571428571428,10.246656760772659,9.951856946354884,1400,673,727,219,140,79,0.1352686843730698,resolved
c0_L128_rep003.npz,0.5,17644,majority,-1,1.0,0.5,0.500244140625,3.42918802269123,3.49512157606901,3.3632544693134503,True,12.196836555360282,12.511070110701107,11.911073825503356,1138,542,596,216,138,78,0.15952732644017725,resolved
c0_L128_rep003.npz,0.5,17644,matched,110,4.0,0.5,0.5,3.6949199567183637,3.729323308270676,3.6605166051660514,True,13.759336099585063,13.73913043478261,13.777777777777779,241,115,126,55,36,19,0.1858108108108108,resolved
c0_L128_rep003.npz,0.5,17644,matched,211,4.0,0.5,0.5,3.6682980177717015,3.729323308270676,3.6072727272727274,True,13.679012345679013,13.773913043478261,13.59375,243,115,128,55,36,19,0.18456375838926176,resolved
c0_L128_rep003.npz,0.5,17644,matched,312,4.0,0.5,0.5,3.6673955827684237,3.687732342007435,3.647058823529412,True,13.586776859504132,13.620689655172415,13.555555555555555,242,116,126,57,37,20,0.19063545150501673,resolved
c0_L128_rep003.npz,0.5,17644,matched,413,4.0,0.5,0.5,3.7033487490945562,3.786259541984733,3.620437956204379,True,13.683333333333334,14.017699115044248,13.385826771653543,240,113,127,56,36,20,0.1891891891891892,resolved
c0_L128_rep003.npz,0.5,17644,matched,514,4.0,0.5,0.5,3.6673955827684237,3.687732342007435,3.647058823529412,True,13.553719008264462,13.655172413793103,13.46031746031746,242,116,126,57,37,20,0.19063545150501673,resolved
c0_L128_rep003.npz,0.5,20000,native,-1,1.0,0.5,0.5,3.48913969177453,3.4685876239962212,3.509691759552839,True,10.601986249045073,10.482225656877898,10.719033232628398,1309,647,662,224,145,79,0.1461187214611872,resolved
c0_L128_rep003.npz,0.5,20000,majority,-1,1.0,0.5,0.4993896484375,3.6112218107559846,3.593971903425861,3.628471718086108,True,12.783098591549296,12.601904761904763,12.959259259259259,1065,525,540,221,144,77,0.171850699844479,resolved
c0_L128_rep003.npz,0.5,20000,matched,110,4.0,0.5,0.5,3.8007662835249048,3.8007662835249048,3.8007662835249048,True,14.258620689655173,14.428571428571429,14.1,232,112,120,58,37,21,0.2,resolved
c0_L128_rep003.npz,0.5,20000,matched,211,4.0,0.5,0.5,3.800822078684674,3.8153846153846156,3.786259541984733,True,14.24892703862661,14.428571428571429,14.082644628099173,233,112,121,56,36,20,0.19377162629757785,resolved
c0_L128_rep003.npz,0.5,20000,matched,312,4.0,0.5,0.5,3.7938457938457937,3.83011583011583,3.757575757575758,True,14.145922746781116,14.378378378378379,13.934426229508198,233,111,122,57,37,20,0.19655172413793104,resolved
c0_L128_rep003.npz,0.5,20000,matched,413,4.0,0.5,0.5,3.786480186480187,3.757575757575758,3.8153846153846156,True,14.11965811965812,14.210526315789474,14.033333333333333,234,114,120,56,36,20,0.19310344827586207,resolved
c0_L128_rep003.npz,0.5,20000,matched,514,4.0,0.5,0.5,3.8153846153846156,3.8153846153846156,3.8153846153846156,True,14.181818181818182,14.378378378378379,14.0,231,111,120,58,38,20,0.20069204152249134,resolved
c0_L128_rep004.npz,0.5,1119,native,-1,1.0,0.5,0.5,1.7852972727446461,1.7929416948745167,1.7776528506147755,True,6.3132631578947365,6.367485182049111,6.25963149078727,2375,1181,1194,270,131,139,0.10207939508506617,resolved
c0_L128_rep004.npz,0.5,1119,majority,-1,1.0,0.5,0.50030517578125,1.9187090257102422,1.9213550222467222,1.916063029173762,True,7.364267990074442,7.381188118811881,7.34726368159204,2015,1010,1005,271,131,140,0.11854768153980752,resolved
c0_L128_rep004.npz,0.5,1119,matched,110,4.0,0.5,0.5,2.2344155844155846,2.2142857142857144,2.2545454545454544,True,8.618357487922705,8.61244019138756,8.62439024390244,414,209,205,60,30,30,0.12658227848101267,resolved
c0_L128_rep004.npz,0.5,1119,matched,211,4.0,0.5,0.5,2.2093979573108724,2.199556541019956,2.2192393736017895,True,8.62200956937799,8.606635071090047,8.63768115942029,418,211,207,62,29,33,0.12916666666666668,resolved
c0_L128_rep004.npz,0.5,1119,matched,312,4.0,0.5,0.5,2.2169839589284646,2.1946902654867255,2.239277652370203,True,8.594724220623501,8.587677725118484,8.601941747572816,417,211,206,61,30,31,0.12761506276150628,resolved
c0_L128_rep004.npz,0.5,1119,matched,413,4.0,0.5,0.5,2.2093650793650794,2.2142857142857144,2.2044444444444444,True,8.591885441527447,8.631578947368421,8.552380952380952,419,209,210,60,30,30,0.12526096033402923,resolved
c0_L128_rep004.npz,0.5,1119,matched,514,4.0,0.5,0.5,2.219250480461243,2.2142857142857144,2.2242152466367715,True,8.615384615384615,8.61244019138756,8.618357487922705,416,209,207,62,30,32,0.1297071129707113,resolved
c0_L128_rep004.npz,0.5,1268,native,-1,1.0,0.5,0.5,1.8439643594747754,1.8292360902986464,1.8586926286509042,True,6.51707530647986,6.475324675324675,6.559787422497785,2284,1155,1129,269,129,140,0.1053662358010184,resolved
c0_L128_rep004.npz,0.5,1268,majority,-1,1.0,0.5,0.4996337890625,1.9661943617921496,1.9497213507187445,1.9826673728655546,True,7.556695741405849,7.494939271255061,7.620187304890739,1949,988,961,268,127,141,0.12088407758231845,resolved
c0_L128_rep004.npz,0.5,1268,matched,110,4.0,0.5,0.5,2.314164994534984,2.2494331065759634,2.3788968824940047,True,8.972431077694235,8.640776699029127,9.32642487046632,399,206,193,60,29,31,0.13071895424836602,resolved
c0_L128_rep004.npz,0.5,1268,matched,211,4.0,0.5,0.5,2.291298595997098,2.2648401826484017,2.317757009345794,True,8.81592039800995,8.702439024390245,8.934010152284264,402,205,197,62,28,34,0.1336206896551724,resolved
c0_L128_rep004.npz,0.5,1268,matched,312,4.0,0.5,0.5,2.2702130890847485,2.2494331065759634,2.290993071593533,True,8.758620689655173,8.640776699029127,8.88,406,206,200,62,29,33,0.13247863247863248,resolved
c0_L128_rep004.npz,0.5,1268,matched,413,4.0,0.5,0.5,2.3094248094248093,2.234234234234234,2.3846153846153846,True,8.882205513784461,8.579710144927537,9.208333333333334,399,207,192,62,30,32,0.13449023861171366,resolved
c0_L128_rep004.npz,0.5,1268,matched,514,4.0,0.5,0.5,2.2707838977501895,2.2292134831460673,2.312354312354312,True,8.77037037037037,8.560386473429952,8.98989898989899,405,207,198,64,31,33,0.13646055437100213,resolved
c0_L128_rep004.npz,0.5,1438,native,-1,1.0,0.5,0.5,1.884253784540105,1.8552742406976168,1.913233328382593,True,6.614089499335401,6.525629887054735,6.706148282097649,2257,1151,1106,262,118,144,0.10400952759031362,resolved
c0_L128_rep004.npz,0.5,1438,majority,-1,1.0,0.5,0.49981689453125,2.0293750395848997,1.990460445887286,2.068289633282513,True,7.730526315789474,7.591002044989775,7.8785249457700655,1900,978,922,268,120,148,0.12361623616236163,resolved
c0_L128_rep004.npz,0.5,1438,matched,110,4.0,0.5,0.5,2.3125553593261783,2.290993071593533,2.334117647058824,True,8.977329974811083,8.955223880597014,9.0,397,201,196,64,31,33,0.13882863340563992,resolved
c0_L128_rep004.npz,0.5,1438,matched,211,4.0,0.5,0.5,2.3167211685197295,2.2545454545454544,2.3788968824940047,True,8.93939393939394,8.78048780487805,9.109947643979057,396,205,191,65,30,35,0.14099783080260303,resolved
c0_L128_rep004.npz,0.5,1438,matched,312,4.0,0.5,0.5,2.3211822660098522,2.2804597701149425,2.361904761904762,True,9.01010101010101,8.9064039408867,9.119170984455959,396,203,193,63,29,34,0.13725490196078433,resolved
c0_L128_rep004.npz,0.5,1438,matched,413,4.0,0.5,0.5,2.3488796978154385,2.301624129930394,2.396135265700483,True,9.087179487179487,8.98,9.2,390,200,190,65,31,34,0.14285714285714285,resolved
c0_L128_rep004.npz,0.5,1438,matched,514,4.0,0.5,0.5,2.328984597769484,2.244343891402715,2.413625304136253,True,9.035532994923859,8.757281553398059,9.340425531914894,394,206,188,65,30,35,0.14161220043572983,resolved
c0_L128_rep004.npz,0.5,1630,native,-1,1.0,0.5,0.5,1.9606197145930702,1.9135136032953528,2.0077258258907875,True,6.964035497431107,6.840579710144928,7.095467695274832,2141,1104,1037,250,110,140,0.10455876202425764,resolved
c0_L128_rep004.npz,0.5,1630,majority,-1,1.0,0.5,0.4986572265625,2.0914563841622273,2.036939845016354,2.1459729233081,True,7.95086393088553,7.809224318658281,8.101336302895323,1852,954,898,248,109,139,0.1180952380952381,resolved
c0_L128_rep004.npz,0.5,1630,matched,110,4.0,0.5,0.5,2.463373755299221,2.396135265700483,2.5306122448979593,True,9.351206434316353,9.072164948453608,9.653631284916202,373,194,179,60,26,34,0.13856812933025403,resolved
c0_L128_rep004.npz,0.5,1630,matched,211,4.0,0.5,0.5,2.4290115686627107,2.3903614457831326,2.4676616915422884,True,9.209549071618037,8.994818652849741,9.434782608695652,377,193,184,63,29,34,0.1431818181818182,resolved
c0_L128_rep004.npz,0.5,1630,matched,312,4.0,0.5,0.5,2.4188079879301947,2.3451536643026007,2.4924623115577886,True,9.115789473684211,8.808080808080808,9.45054945054945,380,198,182,61,27,34,0.1383219954648526,resolved
c0_L128_rep004.npz,0.5,1630,matched,413,4.0,0.5,0.5,2.444832944832945,2.3846153846153846,2.505050505050505,True,9.312,9.051546391752577,9.591160220994475,375,194,181,62,28,34,0.14187643020594964,resolved
c0_L128_rep004.npz,0.5,1630,matched,514,4.0,0.5,0.5,2.424378424187445,2.356294536817102,2.4924623115577886,True,9.150395778364116,8.852791878172589,9.472527472527473,379,197,182,61,27,34,0.13863636363636364,resolved
c0_L128_rep004.npz,0.5,1848,native,-1,1.0,0.5,0.5,2.0290048035273482,1.9627813165311978,2.0952282905234982,True,7.03661436043747,6.899908172635445,7.183431952662722,2103,1089,1014,254,113,141,0.10776410691557065,resolved
c0_L128_rep004.npz,0.5,1848,majority,-1,1.0,0.5,0.4998779296875,2.180571967880889,2.128908809785777,2.2322351259760005,True,8.232545045045045,8.096949891067538,8.377622377622378,1776,918,858,253,112,141,0.12469196648595367,resolved
c0_L128_rep004.npz,0.5,1848,matched,110,4.0,0.5,0.5,2.4374788698382033,2.419512195121951,2.4554455445544554,True,9.312169312169312,9.208333333333334,9.419354838709678,378,192,186,58,26,32,0.13302752293577982,resolved
c0_L128_rep004.npz,0.5,1848,matched,211,4.0,0.5,0.5,2.4166547975122254,2.401937046004843,2.431372549019608,True,9.277486910994764,9.098445595854923,9.46031746031746,382,193,189,57,27,30,0.12984054669703873,resolved
c0_L128_rep004.npz,0.5,1848,matched,312,4.0,0.5,0.5,2.4139825691549825,2.3846153846153846,2.443349753694581,True,9.305483028720626,9.107692307692307,9.51063829787234,383,195,188,56,26,30,0.1275626423690205,resolved
c0_L128_rep004.npz,0.5,1848,matched,413,4.0,0.5,0.5,2.4290115686627107,2.3903614457831326,2.4676616915422884,True,9.31578947368421,9.148717948717948,9.491891891891893,380,195,185,57,25,32,0.13043478260869565,resolved
c0_L128_rep004.npz,0.5,1848,matched,514,4.0,0.5,0.5,2.4403776325344957,2.431372549019608,2.449382716049383,True,9.326259946949602,9.221052631578948,9.433155080213904,377,190,187,59,28,31,0.1353211009174312,resolved
c0_L128_rep004.npz,0.5,2094,native,-1,1.0,0.5,0.5,2.0765014058179214,2.098081897751836,2.0549209138840068,True,7.219607843137255,7.376110562685094,7.065238558909445,2040,1013,1027,252,113,139,0.1099476439790576,resolved
c0_L128_rep004.npz,0.5,2094,majority,-1,1.0,0.5,0.4990234375,2.210898361621247,2.2187700991206336,2.2030266241218603,True,8.329726651480637,8.441676104190261,8.216494845360824,1756,883,873,249,110,139,0.12418952618453866,resolved
c0_L128_rep004.npz,0.5,2094,matched,110,4.0,0.5,0.5,2.5546334349728226,2.4987405541561714,2.610526315789474,True,9.73816155988858,9.535135135135135,9.954022988505747,359,185,174,59,27,32,0.14114832535885166,resolved
c0_L128_rep004.npz,0.5,2094,matched,211,4.0,0.5,0.5,2.508317669773805,2.524173027989822,2.4924623115577886,True,9.525885558583106,9.551912568306012,9.5,367,183,184,57,27,30,0.13443396226415094,resolved
c0_L128_rep004.npz,0.5,2094,matched,312,4.0,0.5,0.5,2.486606021008192,2.4554455445544554,2.517766497461929,True,9.427027027027027,9.396825396825397,9.458563535911603,370,189,181,58,26,32,0.13551401869158877,resolved
c0_L128_rep004.npz,0.5,2094,matched,413,4.0,0.5,0.5,2.5306287134834022,2.524173027989822,2.5370843989769822,True,9.663911845730027,9.639344262295081,9.688888888888888,363,183,180,58,27,31,0.1377672209026128,resolved
c0_L128_rep004.npz,0.5,2094,matched,514,4.0,0.5,0.5,2.5149026412184305,2.4862155388471177,2.543589743589744,True,9.497267759562842,9.397849462365592,9.6,366,186,180,57,27,30,0.1347517730496454,resolved
c0_L128_rep004.npz,0.5,2374,native,-1,1.0,0.5,0.5,2.1354738616233426,2.0983204552815438,2.172627267965141,True,7.394,7.271137026239067,7.524201853759012,2000,1029,971,238,105,133,0.1063449508489723,resolved
c0_L128_rep004.npz,0.5,2374,majority,-1,1.0,0.5,0.4996337890625,2.266126012671239,2.2273411459992003,2.3049108793432778,True,8.535547785547786,8.45516458569807,8.620359281437127,1716,881,835,238,103,135,0.1218014329580348,resolved
c0_L128_rep004.npz,0.5,2374,matched,110,4.0,0.5,0.5,2.5214582848874763,2.4862155388471177,2.5567010309278353,True,9.676712328767124,9.419354838709678,9.94413407821229,365,186,179,57,27,30,0.13507109004739337,resolved
c0_L128_rep004.npz,0.5,2374,matched,211,4.0,0.5,0.5,2.5210674520137437,2.505050505050505,2.5370843989769822,True,9.73150684931507,9.491891891891893,9.977777777777778,365,185,180,57,26,31,0.13507109004739337,resolved
c0_L128_rep004.npz,0.5,2374,matched,312,4.0,0.5,0.5,2.5405369955009904,2.517766497461929,2.5633074935400515,True,9.74585635359116,9.565217391304348,9.932584269662922,362,184,178,57,26,31,0.1360381861575179,resolved
c0_L128_rep004.npz,0.5,2374,matched,413,4.0,0.5,0.5,2.5306781205258364,2.517766497461929,2.543589743589744,True,9.791208791208792,9.565217391304348,10.022222222222222,364,184,180,56,26,30,0.13333333333333333,resolved
c0_L128_rep004.npz,0.5,2374,matched,514,4.0,0.5,0.5,2.566971518860219,2.5370843989769822,2.5968586387434556,True,9.854748603351956,9.626373626373626,10.090909090909092,358,182,176,57,27,30,0.13734939759036144,resolved
c0_L128_rep004.npz,0.5,2691,native,-1,1.0,0.5,0.5,2.183979262773051,2.1427308556484586,2.2252276698976434,True,7.471299093655589,7.384615384615385,7.561728395061729,1986,1014,972,214,102,112,0.09727272727272727,resolved
c0_L128_rep004.npz,0.5,2691,majority,-1,1.0,0.5,0.4984130859375,2.338165365978381,2.2982695376851936,2.3780611942715684,True,8.729503291442251,8.687868080094228,8.77250608272506,1671,849,822,212,103,109,0.11258629845990441,resolved
c0_L128_rep004.npz,0.5,2691,matched,110,4.0,0.5,0.5,2.5239363765679554,2.4373464373464375,2.610526315789474,True,9.643835616438356,9.242105263157894,10.08,365,190,175,57,27,30,0.13507109004739337,resolved
c0_L128_rep004.npz,0.5,2691,matched,211,4.0,0.5,0.5,2.5425379697816983,2.4676616915422884,2.6174142480211082,True,9.767955801104973,9.425531914893616,10.137931034482758,362,188,174,57,26,31,0.1360381861575179,resolved
c0_L128_rep004.npz,0.5,2691,matched,312,4.0,0.5,0.5,2.5410369437447526,2.4987405541561714,2.5833333333333335,True,9.723756906077348,9.513513513513514,9.943502824858758,362,185,177,57,27,30,0.1360381861575179,resolved
c0_L128_rep004.npz,0.5,2691,matched,413,4.0,0.5,0.5,2.5353370500450447,2.4738154613466334,2.5968586387434556,True,9.674931129476583,9.3475935828877,10.022727272727273,363,187,176,57,27,30,0.1357142857142857,resolved
c0_L128_rep004.npz,0.5,2691,matched,514,4.0,0.5,0.5,2.5473580246913583,2.449382716049383,2.6453333333333333,True,9.617728531855956,9.248677248677248,10.023255813953488,361,189,172,58,27,31,0.13842482100238662,resolved
c0_L128_rep004.npz,0.5,3051,native,-1,1.0,0.5,0.5,2.2568410705624804,2.264128418256108,2.249553722868853,True,7.583717357910906,7.6489252814738995,7.51844262295082,1953,977,976,232,100,132,0.10617848970251716,resolved
c0_L128_rep004.npz,0.5,3051,majority,-1,1.0,0.5,0.499267578125,2.4031744492965554,2.3949053399267632,2.411443558666348,True,9.035935563816604,9.057668711656442,9.013767209011265,1614,815,799,229,101,128,0.12425393380358112,resolved
c0_L128_rep004.npz,0.5,3051,matched,110,4.0,0.5,0.5,2.663475954330527,2.6312997347480107,2.6956521739130435,True,10.069767441860465,9.805714285714286,10.34319526627219,344,175,169,57,27,30,0.14214463840399003,resolved
c0_L128_rep004.npz,0.5,3051,matched,211,4.0,0.5,0.5,2.6423778108817477,2.603674540682414,2.6810810810810812,True,9.936599423631124,9.717514124293785,10.16470588235294,347,177,170,57,27,30,0.14108910891089108,resolved
c0_L128_rep004.npz,0.5,3051,matched,312,4.0,0.5,0.5,2.653089244851259,2.610526315789474,2.6956521739130435,True,9.971014492753623,9.75,10.201183431952662,345,176,169,58,28,30,0.14392059553349876,resolved
c0_L128_rep004.npz,0.5,3051,matched,413,4.0,0.5,0.5,2.6389698599122684,2.5968586387434556,2.6810810810810812,True,10.068965517241379,9.865168539325843,10.282352941176471,348,178,170,56,26,30,0.13861386138613863,resolved
c0_L128_rep004.npz,0.5,3051,matched,514,4.0,0.5,0.5,2.660205761612734,2.6174142480211082,2.7029972752043596,True,10.075362318840579,9.863636363636363,10.29585798816568,345,176,169,56,27,29,0.1396508728179551,resolved
c0_L128_rep004.npz,0.5,3458,native,-1,1.0,0.5,0.5,2.307055161337369,2.322773290865658,2.2913370318090798,True,7.710031347962382,7.744525547445256,7.675392670157068,1914,959,955,229,102,127,0.10685954269715352,resolved
c0_L128_rep004.npz,0.5,3458,majority,-1,1.0,0.5,0.49920654296875,2.4432533777868546,2.4651430156909098,2.4213637398828,True,9.117426608369769,9.213299874529486,9.022388059701493,1601,797,804,224,99,125,0.12273972602739726,resolved
c0_L128_rep004.npz,0.5,3458,matched,110,4.0,0.5,0.5,2.631762652705061,2.5968586387434556,2.6666666666666665,True,10.097421203438396,10.033519553072626,10.16470588235294,349,179,170,56,24,32,0.1382716049382716,resolved
c0_L128_rep004.npz,0.5,3458,matched,211,4.0,0.5,0.5,2.5900783289817233,2.5900783289817233,2.5900783289817233,True,9.841807909604519,9.685393258426966,10.0,354,178,176,58,27,31,0.1407766990291262,resolved
c0_L128_rep004.npz,0.5,3458,matched,312,4.0,0.5,0.5,2.6314663664508866,2.610526315789474,2.6524064171122994,True,10.051575931232092,9.875706214689265,10.232558139534884,349,177,172,56,26,30,0.1382716049382716,resolved
c0_L128_rep004.npz,0.5,3458,matched,413,4.0,0.5,0.5,2.6072084766601735,2.5900783289817233,2.624338624338624,True,9.925925925925926,9.842696629213483,10.011560693641618,351,178,173,59,27,32,0.14390243902439023,resolved
c0_L128_rep004.npz,0.5,3458,matched,514,4.0,0.5,0.5,2.617432470064049,2.610526315789474,2.624338624338624,True,9.977142857142857,9.898305084745763,10.057803468208093,350,177,173,58,26,32,0.14215686274509803,resolved
c0_L128_rep004.npz,0.5,3920,native,-1,1.0,0.5,0.5,2.3611457322850242,2.3865621081182296,2.3357293564518185,True,8.01895991332611,7.993610223642173,8.045203969128996,1846,939,907,228,93,135,0.10993249758919961,resolved
c0_L128_rep004.npz,0.5,3920,majority,-1,1.0,0.5,0.50091552734375,2.495704916832338,2.5304669751214846,2.460942858543192,True,9.397690827453497,9.500640204865556,9.294344473007712,1559,781,778,224,94,130,0.1256309590577678,resolved
c0_L128_rep004.npz,0.5,3920,matched,110,4.0,0.5,0.5,2.70681080437178,2.7252747252747254,2.6883468834688347,True,10.300884955752212,10.272189349112425,10.329411764705883,339,169,170,55,26,29,0.13959390862944163,resolved
c0_L128_rep004.npz,0.5,3920,matched,211,4.0,0.5,0.5,2.725789040620211,2.7632311977715873,2.6883468834688347,True,10.362017804154302,10.395209580838323,10.329411764705883,337,167,170,54,25,29,0.13810741687979539,resolved
c0_L128_rep004.npz,0.5,3920,matched,312,4.0,0.5,0.5,2.71056462630742,2.732782369146005,2.6883468834688347,True,10.331360946745562,10.333333333333334,10.329411764705883,338,168,170,56,27,29,0.14213197969543148,resolved
c0_L128_rep004.npz,0.5,3920,matched,413,4.0,0.5,0.5,2.706689894432781,2.710382513661202,2.7029972752043596,True,10.277286135693215,10.258823529411766,10.29585798816568,339,170,169,55,26,29,0.13959390862944163,resolved
c0_L128_rep004.npz,0.5,3920,matched,514,4.0,0.5,0.5,2.707536490914507,2.7555555555555555,2.6595174262734584,True,10.253687315634219,10.419161676646707,10.093023255813954,339,167,172,55,26,29,0.13959390862944163,resolved
c0_L128_rep004.npz,0.5,4443,native,-1,1.0,0.5,0.5,2.418171736935828,2.4625971973886647,2.3737462764829917,True,8.114270092946965,8.147058823529411,8.081229418221735,1829,918,911,216,97,119,0.10562347188264058,resolved
c0_L128_rep004.npz,0.5,4443,majority,-1,1.0,0.5,0.50177001953125,2.5765773249109465,2.642066376150444,2.5110882736714495,True,9.742744063324539,9.975903614457831,9.51625487646294,1516,747,769,216,97,119,0.12471131639722864,resolved
c0_L128_rep004.npz,0.5,4443,matched,110,4.0,0.5,0.5,2.837621367158129,2.9349112426035506,2.7403314917127073,True,10.666666666666666,10.909090909090908,10.44311377245509,321,154,167,58,30,28,0.15303430079155672,resolved
c0_L128_rep004.npz,0.5,4443,matched,211,4.0,0.5,0.5,2.8289892752681185,2.9176470588235293,2.7403314917127073,True,10.60061919504644,10.794871794871796,10.419161676646707,323,156,167,56,28,28,0.14775725593667546,resolved
c0_L128_rep004.npz,0.5,4443,matched,312,4.0,0.5,0.5,2.8300929839391378,2.9349112426035506,2.7252747252747254,True,10.633540372670808,10.909090909090908,10.380952380952381,322,154,168,58,30,28,0.15263157894736842,resolved
c0_L128_rep004.npz,0.5,4443,matched,413,4.0,0.5,0.5,2.822030953246858,2.926253687315634,2.717808219178082,True,10.613003095975232,10.890322580645162,10.357142857142858,323,155,168,58,29,29,0.15223097112860892,resolved
c0_L128_rep004.npz,0.5,4443,matched,514,4.0,0.5,0.5,2.8078469052766435,2.8753623188405797,2.7403314917127073,True,10.572307692307692,10.734177215189874,10.419161676646707,325,158,167,57,29,28,0.14921465968586387,resolved
c0_L128_rep004.npz,0.5,5037,native,-1,1.0,0.5,0.5,2.4958054540169616,2.5719699946203085,2.4196409134136143,True,8.274719101123596,8.477220956719817,8.077605321507761,1780,878,902,213,90,123,0.10687405920722529,resolved
c0_L128_rep004.npz,0.5,5037,majority,-1,1.0,0.5,0.49993896484375,2.6305225079727057,2.705866920048409,2.5551780958970025,True,9.67871485943775,9.867746288798921,9.49269588313413,1494,741,753,218,92,126,0.12733644859813084,resolved
c0_L128_rep004.npz,0.5,5037,matched,110,4.0,0.5,0.5,2.8603099422493665,2.926253687315634,2.794366197183099,True,10.884012539184953,10.993548387096775,10.78048780487805,319,155,164,56,29,27,0.14933333333333335,resolved
c0_L128_rep004.npz,0.5,5037,matched,211,4.0,0.5,0.5,2.887845168278792,2.996978851963746,2.7787114845938374,True,10.89873417721519,11.2317880794702,10.593939393939394,316,151,165,56,29,27,0.15053763440860216,resolved
c0_L128_rep004.npz,0.5,5037,matched,312,4.0,0.5,0.5,2.8607140482680675,2.9349112426035506,2.786516853932584,True,10.871473354231975,11.096774193548388,10.658536585365853,319,155,164,56,28,28,0.14933333333333335,resolved
c0_L128_rep004.npz,0.5,5037,matched,413,4.0,0.5,0.5,2.906175314162362,3.0336391437308867,2.7787114845938374,True,10.9171974522293,11.355704697986576,10.521212121212121,314,149,165,56,29,27,0.15135135135135136,resolved
c0_L128_rep004.npz,0.5,5037,matched,514,4.0,0.5,0.5,2.88221303871131,2.9700598802395213,2.794366197183099,True,10.91139240506329,11.157894736842104,10.682926829268293,316,152,164,57,30,27,0.15281501340482573,resolved
c0_L128_rep004.npz,0.5,5709,native,-1,1.0,0.5,0.5,2.568786565302035,2.5974542161400684,2.540118914464002,True,8.587006960556845,8.64516129032258,8.52803738317757,1724,868,856,220,105,115,0.11316872427983539,resolved
c0_L128_rep004.npz,0.5,5709,majority,-1,1.0,0.5,0.49835205078125,2.6986471701128587,2.740271068826084,2.6570232713996336,True,10.070103092783505,10.167352537722907,9.97245179063361,1455,729,726,219,104,115,0.13082437275985664,resolved
c0_L128_rep004.npz,0.5,5709,matched,110,4.0,0.5,0.5,2.8856961650670163,2.961194029850746,2.810198300283286,True,11.0062893081761,11.251612903225807,10.773006134969325,318,155,163,52,25,27,0.14054054054054055,resolved
c0_L128_rep004.npz,0.5,5709,matched,211,4.0,0.5,0.5,2.887845168278792,2.996978851963746,2.7787114845938374,True,10.914826498422713,11.18421052631579,10.666666666666666,317,152,165,54,27,27,0.14555256064690028,resolved
c0_L128_rep004.npz,0.5,5709,matched,312,4.0,0.5,0.5,2.8956725245734223,2.996978851963746,2.794366197183099,True,10.990536277602523,11.267973856209151,10.731707317073171,317,153,164,52,25,27,0.14092140921409213,resolved
c0_L128_rep004.npz,0.5,5709,matched,413,4.0,0.5,0.5,2.8628077178975384,2.9700598802395213,2.7555555555555555,True,10.940809968847352,11.194805194805195,10.706586826347305,321,154,167,52,26,26,0.13941018766756033,resolved
c0_L128_rep004.npz,0.5,5709,matched,514,4.0,0.5,0.5,2.86116583131769,2.943620178041543,2.7787114845938374,True,10.975,11.12258064516129,10.836363636363636,320,155,165,54,27,27,0.1443850267379679,resolved
c0_L128_rep004.npz,0.5,6472,native,-1,1.0,0.5,0.5,2.632713206770678,2.69703790863048,2.5683885049108763,True,8.537339556592766,8.612078977932637,8.46189917936694,1714,861,853,206,89,117,0.10729166666666666,resolved
c0_L128_rep004.npz,0.5,6472,majority,-1,1.0,0.5,0.49969482421875,2.796427926185813,2.8630527878637544,2.729803064507872,True,10.25301204819277,10.505714285714285,10.004219409282701,1411,700,711,208,88,120,0.12847436689314393,resolved
c0_L128_rep004.npz,0.5,6472,matched,110,4.0,0.5,0.5,2.9806993006993006,3.0523076923076924,2.909090909090909,True,11.153094462540716,11.493333333333334,10.828025477707007,307,150,157,52,25,27,0.14484679665738162,resolved
c0_L128_rep004.npz,0.5,6472,matched,211,4.0,0.5,0.5,2.998730558828096,3.0712074303405577,2.926253687315634,True,11.092105263157896,11.45945945945946,10.743589743589743,304,148,156,54,27,27,0.15083798882681565,resolved
c0_L128_rep004.npz,0.5,6472,matched,312,4.0,0.5,0.5,2.997429587093246,3.119496855345912,2.8753623188405797,True,11.239344262295083,11.67123287671233,10.842767295597485,305,146,159,53,26,27,0.14804469273743018,resolved
c0_L128_rep004.npz,0.5,6472,matched,413,4.0,0.5,0.5,2.9697674834875687,3.080745341614907,2.8587896253602305,True,11.272727272727273,11.64864864864865,10.925,308,148,160,53,26,27,0.14681440443213298,resolved
c0_L128_rep004.npz,0.5,6472,matched,514,4.0,0.5,0.5,2.971365026410898,3.0336391437308867,2.909090909090909,True,11.074918566775244,11.466666666666667,10.700636942675159,307,150,157,54,27,27,0.14958448753462603,resolved
c0_L128_rep004.npz,0.5,7336,native,-1,1.0,0.5,0.5,2.7398150214406085,2.801213289413753,2.6784167534674634,True,8.930147058823529,9.161330049261084,8.701219512195122,1632,812,820,216,91,125,0.11688311688311688,resolved
c0_L128_rep004.npz,0.5,7336,majority,-1,1.0,0.5,0.5003662109375,2.87792011126992,2.9484317643930877,2.807408458146752,True,10.747203579418345,11.002994011976048,10.49331352154532,1341,668,673,219,93,126,0.14038461538461539,resolved
c0_L128_rep004.npz,0.5,7336,matched,110,4.0,0.5,0.5,3.012626960865638,3.0903426791277258,2.9349112426035506,True,11.486842105263158,11.891891891891891,11.102564102564102,304,148,156,51,25,26,0.14366197183098592,resolved
c0_L128_rep004.npz,0.5,7336,matched,211,4.0,0.5,0.5,2.9858961128310977,3.0712074303405577,2.9005847953216377,True,11.38562091503268,11.78523489932886,11.006369426751592,306,149,157,53,25,28,0.14763231197771587,resolved
c0_L128_rep004.npz,0.5,7336,matched,312,4.0,0.5,0.5,2.981156595191683,3.0617283950617287,2.9005847953216377,True,11.398692810457517,11.838926174496644,10.980891719745223,306,149,157,54,26,28,0.15,resolved
c0_L128_rep004.npz,0.5,7336,matched,413,4.0,0.5,0.5,3.00829818322168,3.0903426791277258,2.926253687315634,True,11.488524590163934,11.946308724832214,11.051282051282051,305,149,156,50,23,27,0.14084507042253522,resolved
c0_L128_rep004.npz,0.5,7336,matched,514,4.0,0.5,0.5,3.0088235294117647,3.1,2.9176470588235293,True,11.449180327868852,11.864864864864865,11.05732484076433,305,148,157,50,24,26,0.14084507042253522,resolved
c0_L128_rep004.npz,0.5,8316,native,-1,1.0,0.5,0.5,2.851501628374679,2.8972440706067895,2.805759186142568,True,9.144025157232704,9.261306532663317,9.026448362720403,1590,796,794,231,105,126,0.12685337726523888,resolved
c0_L128_rep004.npz,0.5,8316,majority,-1,1.0,0.5,0.49945068359375,2.996854376877947,3.040396881845242,2.953311871910652,True,11.136964980544747,11.28416149068323,10.989079563182527,1285,644,641,229,104,125,0.15125495376486128,resolved
c0_L128_rep004.npz,0.5,8316,matched,110,4.0,0.5,0.5,3.093344731448111,3.189710610932476,2.996978851963746,True,11.658703071672354,12.253521126760564,11.099337748344372,293,142,151,56,27,29,0.16045845272206305,resolved
c0_L128_rep004.npz,0.5,8316,matched,211,4.0,0.5,0.5,3.1285138168742677,3.241830065359477,3.0151975683890577,True,11.750865051903114,12.345323741007194,11.2,289,139,150,57,28,29,0.16473988439306358,resolved
c0_L128_rep004.npz,0.5,8316,matched,312,4.0,0.5,0.5,3.1232339633476234,3.231270358306189,3.0151975683890577,True,11.696551724137931,12.4,11.04,290,140,150,56,27,29,0.16184971098265896,resolved
c0_L128_rep004.npz,0.5,8316,matched,413,4.0,0.5,0.5,3.132454751018538,3.231270358306189,3.0336391437308867,True,11.73611111111111,12.4,11.108108108108109,288,140,148,58,27,31,0.1676300578034682,resolved
c0_L128_rep004.npz,0.5,8316,matched,514,4.0,0.5,0.5,3.093344731448111,3.189710610932476,2.996978851963746,True,11.658703071672354,12.253521126760564,11.099337748344372,293,142,151,56,27,29,0.16045845272206305,resolved
c0_L128_rep004.npz,0.5,9427,native,-1,1.0,0.5,0.5,2.8772812677759223,2.9596226993437647,2.79493983620808,True,9.313924050632911,9.3639798488665,9.263358778625955,1580,794,786,214,92,122,0.11928651059085842,resolved
c0_L128_rep004.npz,0.5,9427,majority,-1,1.0,0.5,0.49981689453125,3.0469195291469013,3.15296306573596,2.9408759925578427,True,11.244375484871993,11.515625,10.976887519260401,1289,640,649,215,90,125,0.14295212765957446,resolved
c0_L128_rep004.npz,0.5,9427,matched,110,4.0,0.5,0.5,3.1545792279114844,3.2847682119205297,3.0243902439024386,True,12.027972027972028,12.496350364963504,11.59731543624161,286,137,149,58,28,30,0.1686046511627907,resolved
c0_L128_rep004.npz,0.5,9427,matched,211,4.0,0.5,0.5,3.1868532418991133,3.3400673400673395,3.0336391437308867,True,12.253521126760564,12.91851851851852,11.651006711409396,284,135,149,56,27,29,0.16470588235294117,resolved
c0_L128_rep004.npz,0.5,9427,matched,312,4.0,0.5,0.5,3.160932117527862,3.3066666666666666,3.0151975683890577,True,12.027972027972028,12.382352941176471,11.706666666666667,286,136,150,57,28,29,0.1661807580174927,resolved
c0_L128_rep004.npz,0.5,9427,matched,413,4.0,0.5,0.5,3.1640095736481273,3.3400673400673395,2.9879518072289155,True,12.195804195804195,12.829629629629629,11.629139072847682,286,135,151,57,27,30,0.1661807580174927,resolved
c0_L128_rep004.npz,0.5,9427,matched,514,4.0,0.5,0.5,3.1491588183208563,3.273927392739274,3.0243902439024386,True,12.222996515679442,12.72463768115942,11.758389261744966,287,138,149,57,27,30,0.16569767441860464,resolved
c0_L128_rep004.npz,0.5,10686,native,-1,1.0,0.5,0.5,2.948205881010596,3.055501608302482,2.8409101537187103,True,9.372395833333334,9.675567423230975,9.083862770012706,1536,749,787,232,110,122,0.13122171945701358,resolved
c0_L128_rep004.npz,0.5,10686,majority,-1,1.0,0.5,0.4989013671875,3.097805987166277,3.2082443862500587,2.987367588082495,True,11.224781572676727,11.547231270358306,10.917829457364341,1259,614,645,226,106,120,0.15218855218855218,resolved
c0_L128_rep004.npz,0.5,10686,matched,110,4.0,0.5,0.5,3.2452959288402328,3.3513513513513513,3.1392405063291138,True,12.259927797833935,12.601503759398497,11.944444444444445,277,133,144,58,30,28,0.17313432835820897,resolved
c0_L128_rep004.npz,0.5,10686,matched,211,4.0,0.5,0.5,3.241104359876346,3.36271186440678,3.119496855345912,True,12.143884892086332,12.451127819548873,11.862068965517242,278,133,145,57,29,28,0.1701492537313433,resolved
c0_L128_rep004.npz,0.5,10686,matched,312,4.0,0.5,0.5,3.235424103348632,3.3513513513513513,3.119496855345912,True,12.129496402877697,12.421052631578947,11.862068965517242,278,133,145,58,30,28,0.17261904761904762,resolved
c0_L128_rep004.npz,0.5,10686,matched,413,4.0,0.5,0.5,3.224177957874298,3.3288590604026846,3.119496855345912,True,12.086021505376344,12.328358208955224,11.862068965517242,279,134,145,58,30,28,0.17210682492581603,resolved
c0_L128_rep004.npz,0.5,10686,matched,514,4.0,0.5,0.5,3.241104359876346,3.36271186440678,3.119496855345912,True,12.143884892086332,12.451127819548873,11.862068965517242,278,133,145,57,29,28,0.1701492537313433,resolved
c0_L128_rep004.npz,0.5,12113,native,-1,1.0,0.5,0.5,3.1016720931103303,3.1706621986521157,3.032681987568545,True,9.937106918238994,10.061079545454545,9.817056396148555,1431,704,727,231,102,129,0.13898916967509026,resolved
c0_L128_rep004.npz,0.5,12113,majority,-1,1.0,0.5,0.50018310546875,3.2299100712372675,3.2862383925079217,3.1735817499666132,True,11.743871513102283,11.676818950930626,11.81081081081081,1183,591,592,234,105,129,0.1651376146788991,resolved
c0_L128_rep004.npz,0.5,12113,matched,110,4.0,0.5,0.5,3.393684210526316,3.480701754385965,3.3066666666666666,True,12.769811320754718,13.038167938931299,12.507462686567164,265,131,134,55,23,32,0.171875,resolved
c0_L128_rep004.npz,0.5,12113,matched,211,4.0,0.5,0.5,3.397897897897898,3.444444444444445,3.3513513513513513,True,12.681818181818182,12.787878787878787,12.575757575757576,264,132,132,56,24,32,0.175,resolved
c0_L128_rep004.npz,0.5,12113,matched,312,4.0,0.5,0.5,3.435858101629914,3.542857142857143,3.3288590604026846,True,12.892307692307693,13.070866141732283,12.721804511278195,260,127,133,58,26,32,0.18238993710691823,resolved
c0_L128_rep004.npz,0.5,12113,matched,413,4.0,0.5,0.5,3.3633302302060706,3.4089347079037804,3.317725752508361,True,12.706766917293233,12.721804511278195,12.691729323308271,266,133,133,58,25,33,0.17901234567901234,resolved
c0_L128_rep004.npz,0.5,12113,matched,514,4.0,0.5,0.5,3.4283258523541207,3.5053003533568905,3.3513513513513513,True,12.870229007633588,13.169230769230769,12.575757575757576,262,130,132,55,23,32,0.17350157728706625,resolved
c0_L128_rep004.npz,0.5,13731,native,-1,1.0,0.5,0.5,3.1590674198363367,3.2512008483093164,3.0669339913633564,True,9.792699724517906,9.795081967213115,9.790277777777778,1452,732,720,239,106,133,0.1413364872856298,resolved
c0_L128_rep004.npz,0.5,13731,majority,-1,1.0,0.5,0.499755859375,3.311233916753447,3.4090743623534308,3.213393471153463,True,11.943493150684931,12.110918544194108,11.780033840947546,1168,577,591,235,104,131,0.16749821810406273,resolved
c0_L128_rep004.npz,0.5,13731,matched,110,4.0,0.5,0.5,3.4311340107819284,3.620437956204379,3.241830065359477,True,12.444444444444445,12.94308943089431,12.0,261,123,138,58,28,30,0.18181818181818182,resolved
c0_L128_rep004.npz,0.5,13731,matched,211,4.0,0.5,0.5,3.3788796848751663,3.5053003533568905,3.252459016393442,True,12.345864661654135,12.6875,12.028985507246377,266,128,138,56,27,29,0.17391304347826086,resolved
c0_L128_rep004.npz,0.5,13731,matched,312,4.0,0.5,0.5,3.3958289445965875,3.5177304964539005,3.273927392739274,True,12.363636363636363,12.692913385826772,12.058394160583942,264,127,137,57,28,29,0.17757009345794392,resolved
c0_L128_rep004.npz,0.5,13731,matched,413,4.0,0.5,0.5,3.3923436041083104,3.542857142857143,3.241830065359477,True,12.318181818181818,12.634920634920634,12.028985507246377,264,126,138,58,28,30,0.18012422360248448,resolved
c0_L128_rep004.npz,0.5,13731,matched,514,4.0,0.5,0.5,3.443079325046538,3.6336996336996337,3.252459016393442,True,12.553846153846154,13.170731707317072,12.0,260,123,137,58,27,31,0.18238993710691823,resolved
c0_L128_rep004.npz,0.5,15565,native,-1,1.0,0.5,0.5,3.285828800652947,3.366500462587707,3.205157138718187,True,10.421127765881513,10.47100424328147,10.370317002881844,1401,707,694,198,84,114,0.12382739212007504,resolved
c0_L128_rep004.npz,0.5,15565,majority,-1,1.0,0.5,0.4989013671875,3.437630248124587,3.537610406372201,3.3376500898769725,True,12.52059596844873,12.674868189806679,12.367132867132867,1141,569,572,195,83,112,0.14595808383233533,resolved
c0_L128_rep004.npz,0.5,15565,matched,110,4.0,0.5,0.5,3.631438055466324,3.757575757575758,3.5053003533568905,True,13.66530612244898,14.033898305084746,13.32283464566929,245,118,127,57,28,29,0.18874172185430463,resolved
c0_L128_rep004.npz,0.5,15565,matched,211,4.0,0.5,0.5,3.641958041958042,3.8153846153846156,3.4685314685314683,True,13.56734693877551,14.068965517241379,13.116279069767442,245,116,129,56,28,28,0.18604651162790697,resolved
c0_L128_rep004.npz,0.5,15565,matched,312,4.0,0.5,0.5,3.671765734265734,3.875,3.4685314685314683,True,13.679012345679013,14.31578947368421,13.116279069767442,243,114,129,56,28,28,0.18729096989966554,resolved
c0_L128_rep004.npz,0.5,15565,matched,413,4.0,0.5,0.5,3.6120489904005293,3.743396226415094,3.480701754385965,True,13.560975609756097,13.966101694915254,13.1875,246,118,128,58,29,29,0.19078947368421054,resolved
c0_L128_rep004.npz,0.5,15565,matched,514,4.0,0.5,0.5,3.601010101010101,3.757575757575758,3.444444444444445,True,13.403225806451612,13.830508474576272,13.015384615384615,248,118,130,56,28,28,0.18421052631578946,resolved
c0_L128_rep004.npz,0.5,17644,native,-1,1.0,0.5,0.5,3.35432987760442,3.430789710788412,3.2778700444204287,True,10.535871156661786,10.561377245508982,10.511461318051577,1366,668,698,211,108,103,0.13379835129993659,resolved
c0_L128_rep004.npz,0.5,17644,majority,-1,1.0,0.5,0.500244140625,3.5076180657970415,3.5797999528669324,3.43543617872715,True,12.77626811594203,12.893457943925233,12.666080843585238,1104,535,569,218,111,107,0.1649016641452345,resolved
c0_L128_rep004.npz,0.5,17644,matched,110,4.0,0.5,0.5,3.620872020994578,3.6605166051660514,3.5812274368231045,True,13.887096774193548,13.901639344262295,13.873015873015873,248,122,126,52,27,25,0.17333333333333334,resolved
c0_L128_rep004.npz,0.5,17644,matched,211,4.0,0.5,0.5,3.647502534640081,3.687732342007435,3.6072727272727274,True,13.959183673469388,14.049586776859504,13.870967741935484,245,121,124,54,27,27,0.1806020066889632,resolved
c0_L128_rep004.npz,0.5,17644,matched,312,4.0,0.5,0.5,3.64096762027908,3.687732342007435,3.594202898550725,True,13.94331983805668,14.049586776859504,13.841269841269842,247,121,126,51,27,24,0.17114093959731544,resolved
c0_L128_rep004.npz,0.5,17644,matched,413,4.0,0.5,0.5,3.628524046434494,3.701492537313433,3.5555555555555554,True,13.894736842105264,14.033333333333333,13.763779527559056,247,120,127,53,28,25,0.17666666666666667,resolved
c0_L128_rep004.npz,0.5,17644,matched,514,4.0,0.5,0.5,3.641850564492226,3.7153558052434454,3.5683453237410068,True,13.975708502024291,14.166666666666666,13.795275590551181,247,120,127,51,27,24,0.17114093959731544,resolved
c0_L128_rep004.npz,0.5,20000,native,-1,1.0,0.5,0.5,3.512345509907114,3.5479072176142865,3.4767838021999418,True,10.784555984555984,10.693023255813953,10.875384615384615,1295,645,650,241,119,122,0.15690104166666666,resolved
c0_L128_rep004.npz,0.5,20000,majority,-1,1.0,0.5,0.4996337890625,3.6598997807114557,3.711792779722207,3.6080067817007047,True,13.088235294117647,13.034615384615385,13.140449438202246,1054,520,534,237,119,118,0.18357862122385749,resolved
c0_L128_rep004.npz,0.5,20000,matched,110,4.0,0.5,0.5,3.7477189781021893,3.875,3.620437956204379,True,14.252100840336135,14.491228070175438,14.03225806451613,238,114,124,54,28,26,0.18493150684931506,resolved
c0_L128_rep004.npz,0.5,20000,matched,211,4.0,0.5,0.5,3.752094952094952,3.83011583011583,3.6740740740740736,True,14.201680672268907,14.310344827586206,14.098360655737705,238,116,122,53,27,26,0.18213058419243985,resolved
c0_L128_rep004.npz,0.5,20000,matched,312,4.0,0.5,0.5,3.824454018719358,3.905511811023622,3.743396226415094,True,14.489270386266094,14.619469026548673,14.366666666666667,233,113,120,53,28,25,0.1853146853146853,resolved
c0_L128_rep004.npz,0.5,20000,matched,413,4.0,0.5,0.5,3.7346014492753623,3.875,3.594202898550725,True,14.125523012552302,14.526315789473685,13.76,239,114,125,54,28,26,0.18430034129692832,resolved
c0_L128_rep004.npz,0.5,20000,matched,514,4.0,0.5,0.5,3.8043404793041127,3.920948616600791,3.687732342007435,True,14.382978723404255,14.654867256637168,14.131147540983607,235,113,122,52,27,25,0.18118466898954705,resolved
c0_L128_rep005.npz,0.5,1119,native,-1,1.0,0.5,0.5,1.7731084906328074,1.7690327634929073,1.7771842177727075,True,6.2593984962406015,6.234804329725229,6.284157585917854,2394,1201,1193,245,135,110,0.09283819628647215,resolved
c0_L128_rep005.npz,0.5,1119,majority,-1,1.0,0.5,0.50030517578125,1.9086091627131618,1.9082238169611627,1.908994508465161,True,7.308145240431796,7.352766798418973,7.264132553606238,2038,1012,1026,244,135,109,0.10692375109553023,resolved
c0_L128_rep005.npz,0.5,1119,matched,110,4.0,0.5,0.5,2.2372336638698194,2.2044444444444444,2.2700228832951943,True,8.751219512195123,8.753623188405797,8.748768472906404,410,207,203,67,36,31,0.14046121593291405,resolved
c0_L128_rep005.npz,0.5,1119,matched,211,4.0,0.5,0.5,2.2430708854549914,2.1898454746136866,2.2962962962962963,True,8.67481662591687,8.673076923076923,8.676616915422885,409,208,201,67,37,30,0.1407563025210084,resolved
c0_L128_rep005.npz,0.5,1119,matched,312,4.0,0.5,0.5,2.2109333505413065,2.1518438177874186,2.2700228832951943,True,8.663461538461538,8.49056603773585,8.843137254901961,416,212,204,66,37,29,0.13692946058091288,resolved
c0_L128_rep005.npz,0.5,1119,matched,413,4.0,0.5,0.5,2.2229538473892356,2.1706783369803064,2.2752293577981653,True,8.72639225181598,8.60952380952381,8.847290640394089,413,210,203,67,37,30,0.13958333333333334,resolved
c0_L128_rep005.npz,0.5,1119,matched,514,4.0,0.5,0.5,2.2153895236386116,2.165938864628821,2.2648401826484017,True,8.570048309178745,8.552380952380952,8.588235294117647,414,210,204,68,38,30,0.14107883817427386,resolved
c0_L128_rep005.npz,0.5,1268,native,-1,1.0,0.5,0.5,1.801447531051282,1.7907991542000934,1.8120959079024708,True,6.374574829931973,6.371696504688832,6.3774385072095,2352,1173,1179,249,133,116,0.09573241061130335,resolved
c0_L128_rep005.npz,0.5,1268,majority,-1,1.0,0.5,0.49945068359375,1.9524986994092406,1.9312084109823697,1.9737889878361117,True,7.476455696202532,7.42195367573011,7.531568228105907,1975,993,982,256,140,116,0.11474675033617213,resolved
c0_L128_rep005.npz,0.5,1268,matched,110,4.0,0.5,0.5,2.262495969042244,2.239277652370203,2.2857142857142856,True,8.788177339901479,8.669950738916256,8.9064039408867,406,203,203,65,37,28,0.13800424628450106,resolved
c0_L128_rep005.npz,0.5,1268,matched,211,4.0,0.5,0.5,2.2624018307588285,2.244343891402715,2.2804597701149425,True,8.74074074074074,8.712871287128714,8.768472906403941,405,202,203,67,38,29,0.1419491525423729,resolved
c0_L128_rep005.npz,0.5,1268,matched,312,4.0,0.5,0.5,2.247119064965983,2.2242152466367715,2.2700228832951943,True,8.735294117647058,8.607843137254902,8.862745098039216,408,204,204,67,38,29,0.14105263157894737,resolved
c0_L128_rep005.npz,0.5,1268,matched,413,4.0,0.5,0.5,2.2420397781250956,2.2192393736017895,2.2648401826484017,True,8.829268292682928,8.78048780487805,8.878048780487806,410,205,205,65,37,28,0.1368421052631579,resolved
c0_L128_rep005.npz,0.5,1268,matched,514,4.0,0.5,0.5,2.2660213618157545,2.2142857142857144,2.317757009345794,True,8.817733990147783,8.737864077669903,8.9,406,206,200,64,36,28,0.13617021276595745,resolved
c0_L128_rep005.npz,0.5,1438,native,-1,1.0,0.5,0.5,1.8733481762998005,1.8425925925925926,1.9041037600070085,True,6.665033407572383,6.580017683465959,6.7513464991023335,2245,1131,1114,267,151,116,0.10628980891719746,resolved
c0_L128_rep005.npz,0.5,1438,majority,-1,1.0,0.5,0.50140380859375,2.0052253492872945,1.9616610743369636,2.0487896242376253,True,7.745700885878062,7.611111111111111,7.883843717001056,1919,972,947,266,150,116,0.12173913043478261,resolved
c0_L128_rep005.npz,0.5,1438,matched,110,4.0,0.5,0.5,2.3054199956812784,2.2545454545454544,2.3562945368171024,True,8.93233082706767,8.772277227722773,9.096446700507615,399,202,197,63,36,27,0.13636363636363635,resolved
c0_L128_rep005.npz,0.5,1438,matched,211,4.0,0.5,0.5,2.2892307692307696,2.244343891402715,2.334117647058824,True,8.885572139303482,8.768472906403941,9.00502512562814,402,203,199,63,36,27,0.13548387096774195,resolved
c0_L128_rep005.npz,0.5,1438,matched,312,4.0,0.5,0.5,2.3056689342403627,2.2494331065759634,2.361904761904762,True,8.904522613065327,8.752475247524753,9.061224489795919,398,202,196,65,37,28,0.14038876889848811,resolved
c0_L128_rep005.npz,0.5,1438,matched,413,4.0,0.5,0.5,2.2764268721446768,2.2242152466367715,2.328638497652582,True,8.958024691358025,8.839024390243903,9.08,405,205,200,62,36,26,0.13276231263383298,resolved
c0_L128_rep005.npz,0.5,1438,matched,514,4.0,0.5,0.5,2.306241696998499,2.239277652370203,2.373205741626794,True,9.077306733167083,8.95609756097561,9.204081632653061,401,205,196,59,33,26,0.1282608695652174,resolved
c0_L128_rep005.npz,0.5,1630,native,-1,1.0,0.5,0.5,1.910105363877586,1.8954341317365269,1.924776596018645,True,6.652115211521152,6.677828054298643,6.626678603401969,2222,1105,1117,265,145,120,0.10655408122235625,resolved
c0_L128_rep005.npz,0.5,1630,majority,-1,1.0,0.5,0.50140380859375,2.045557685584973,2.0249554868950703,2.0661598842748754,True,7.818859882791689,7.8070362473347545,7.830670926517572,1877,938,939,269,150,119,0.12534948741845295,resolved
c0_L128_rep005.npz,0.5,1630,matched,110,4.0,0.5,0.5,2.3211822660098522,2.2804597701149425,2.361904761904762,True,9.007633587786259,8.751269035532994,9.26530612244898,393,197,196,69,41,28,0.14935064935064934,resolved
c0_L128_rep005.npz,0.5,1630,matched,211,4.0,0.5,0.5,2.3178076209193144,2.3069767441860467,2.328638497652582,True,8.941772151898734,8.918367346938776,8.964824120603016,395,196,199,66,38,28,0.14316702819956617,resolved
c0_L128_rep005.npz,0.5,1630,matched,312,4.0,0.5,0.5,2.3264489167491478,2.290993071593533,2.361904761904762,True,9.038167938931299,8.812182741116752,9.26530612244898,393,197,196,67,39,28,0.14565217391304347,resolved
c0_L128_rep005.npz,0.5,1630,matched,413,4.0,0.5,0.5,2.3289593333737484,2.301624129930395,2.3562945368171024,True,9.03061224489796,8.83673469387755,9.224489795918368,392,196,196,68,39,29,0.14782608695652175,resolved
c0_L128_rep005.npz,0.5,1630,matched,514,4.0,0.5,0.5,2.321385561953975,2.2752293577981653,2.367541766109785,True,8.987277353689567,8.707070707070708,9.271794871794873,393,198,195,69,40,29,0.14935064935064934,resolved
c0_L128_rep005.npz,0.5,1848,native,-1,1.0,0.5,0.5,1.92795610587097,1.8897454962345739,1.966166715507366,True,6.665162454873646,6.605049594229035,6.725383920505871,2216,1109,1107,269,146,123,0.10824949698189135,resolved
c0_L128_rep005.npz,0.5,1848,majority,-1,1.0,0.5,0.4998779296875,2.07861251757718,2.023415307734454,2.1338097274199055,True,7.890625,7.735668789808917,8.050328227571116,1856,942,914,261,143,118,0.1232876712328767,resolved
c0_L128_rep005.npz,0.5,1848,matched,110,4.0,0.5,0.5,2.420965018667808,2.317757009345794,2.524173027989822,True,9.336898395721924,8.907216494845361,9.8,374,194,180,73,40,33,0.16331096196868009,resolved
c0_L128_rep005.npz,0.5,1848,matched,211,4.0,0.5,0.5,2.4141177583800535,2.323185011709602,2.505050505050505,True,9.287234042553191,8.948453608247423,9.648351648351648,376,194,182,71,39,32,0.15883668903803133,resolved
c0_L128_rep005.npz,0.5,1848,matched,312,4.0,0.5,0.5,2.4109627829328866,2.323185011709602,2.4987405541561714,True,9.333333333333334,8.994818652849741,9.692307692307692,375,193,182,74,41,33,0.16481069042316257,resolved
c0_L128_rep005.npz,0.5,1848,matched,413,4.0,0.5,0.5,2.428273034682946,2.3451536643026007,2.511392405063291,True,9.311827956989248,9.00523560209424,9.6353591160221,372,191,181,74,41,33,0.16591928251121077,resolved
c0_L128_rep005.npz,0.5,1848,matched,514,4.0,0.5,0.5,2.4160424765336113,2.339622641509434,2.4924623115577886,True,9.283422459893048,9.020833333333334,9.56043956043956,374,192,182,74,40,34,0.16517857142857142,resolved
c0_L128_rep005.npz,0.5,2094,native,-1,1.0,0.5,0.5,2.0408939605378773,1.9670155572293069,2.1147723638464475,True,7.030143540669856,6.860724233983287,7.210266535044423,2090,1077,1013,259,137,122,0.11025968497232864,resolved
c0_L128_rep005.npz,0.5,2094,majority,-1,1.0,0.5,0.4991455078125,2.1881766864734975,2.10068123982694,2.275672133120055,True,8.251847640704947,7.981400437636761,8.544378698224852,1759,914,845,257,137,120,0.12748015873015872,resolved
c0_L128_rep005.npz,0.5,2094,matched,110,4.0,0.5,0.5,2.4420671553986786,2.2804597701149425,2.6036745406824147,True,9.401069518716577,8.747474747474747,10.136363636363637,374,198,176,68,39,29,0.15384615384615385,resolved
c0_L128_rep005.npz,0.5,2094,matched,211,4.0,0.5,0.5,2.4292813455657494,2.2752293577981653,2.5833333333333335,True,9.365333333333334,8.747474747474747,10.056497175141242,375,198,177,70,40,30,0.15730337078651685,resolved
c0_L128_rep005.npz,0.5,2094,matched,312,4.0,0.5,0.5,2.4368487119888043,2.2700228832951943,2.6036745406824147,True,9.379679144385026,8.686868686868687,10.159090909090908,374,198,176,70,41,29,0.15765765765765766,resolved
c0_L128_rep005.npz,0.5,2094,matched,413,4.0,0.5,0.5,2.4542036598073205,2.290993071593533,2.6174142480211082,True,9.437837837837838,8.775510204081632,10.183908045977011,370,196,174,72,41,31,0.16289592760180996,resolved
c0_L128_rep005.npz,0.5,2094,matched,514,4.0,0.5,0.5,2.4428778367938193,2.2752293577981653,2.610526315789474,True,9.454545454545455,8.763819095477388,10.24,374,199,175,68,38,30,0.15384615384615385,resolved
c0_L128_rep005.npz,0.5,2374,native,-1,1.0,0.5,0.5,2.0812543730092394,2.0192844594628223,2.1432242865556566,True,7.076102762966554,6.977077363896848,7.178149606299213,2063,1047,1016,269,143,126,0.1153516295025729,resolved
c0_L128_rep005.npz,0.5,2374,majority,-1,1.0,0.5,0.501708984375,2.2305448759864186,2.153962136891396,2.3071276150814413,True,8.401506373117034,8.208098987626547,8.606929510155316,1726,889,837,272,144,128,0.13613613613613615,resolved
c0_L128_rep005.npz,0.5,2374,matched,110,4.0,0.5,0.5,2.46592647421663,2.361904761904762,2.5699481865284977,True,9.532608695652174,9.115789473684211,9.97752808988764,368,190,178,70,40,30,0.1598173515981735,resolved
c0_L128_rep005.npz,0.5,2374,matched,211,4.0,0.5,0.5,2.4778399900460375,2.3451536643026007,2.610526315789474,True,9.530054644808743,9.0625,10.045977011494253,366,192,174,71,39,32,0.16247139588100687,resolved
c0_L128_rep005.npz,0.5,2374,matched,312,4.0,0.5,0.5,2.5051141633736957,2.3507109004739335,2.6595174262734584,True,9.622222222222222,9.073684210526316,10.235294117647058,360,190,170,75,42,33,0.1724137931034483,resolved
c0_L128_rep005.npz,0.5,2374,matched,413,4.0,0.5,0.5,2.4765765877802792,2.3562945368171024,2.5968586387434556,True,9.578082191780823,9.115789473684211,10.08,365,190,175,73,41,32,0.16666666666666666,resolved
c0_L128_rep005.npz,0.5,2374,matched,514,4.0,0.5,0.5,2.459358413317153,2.328638497652582,2.5900783289817233,True,9.502702702702702,8.989690721649485,10.068181818181818,370,194,176,69,38,31,0.1571753986332574,resolved
c0_L128_rep005.npz,0.5,2691,native,-1,1.0,0.5,0.5,2.1067645846512457,2.0979222328863063,2.115606936416185,True,7.1291439881246905,7.124131082423038,7.134122287968442,2021,1007,1014,279,155,124,0.12130434782608696,resolved
c0_L128_rep005.npz,0.5,2691,majority,-1,1.0,0.5,0.500244140625,2.258232007433299,2.234202847725837,2.282261167140761,True,8.434527304756312,8.387514723203768,8.481264637002342,1703,849,854,279,155,124,0.14076690211907164,resolved
c0_L128_rep005.npz,0.5,2691,matched,110,4.0,0.5,0.5,2.49734002127983,2.431372549019608,2.5633074935400515,True,9.637362637362637,9.311827956989248,9.97752808988764,364,186,178,67,36,31,0.1554524361948956,resolved
c0_L128_rep005.npz,0.5,2691,matched,211,4.0,0.5,0.5,2.4899974804736713,2.449382716049383,2.5306122448979593,True,9.56043956043956,9.369565217391305,9.755555555555556,364,184,180,69,37,32,0.15935334872979215,resolved
c0_L128_rep005.npz,0.5,2691,matched,312,4.0,0.5,0.5,2.503647311937468,2.4373464373464375,2.5699481865284977,True,9.624309392265193,9.31891891891892,9.943502824858758,362,185,177,69,37,32,0.16009280742459397,resolved
c0_L128_rep005.npz,0.5,2691,matched,413,4.0,0.5,0.5,2.5000253923112083,2.443349753694581,2.5567010309278353,True,9.608815426997245,9.340540540540541,9.887640449438202,363,185,178,68,36,32,0.15777262180974477,resolved
c0_L128_rep005.npz,0.5,2691,matched,514,4.0,0.5,0.5,2.522435897435898,2.4615384615384617,2.5833333333333335,True,9.704735376044567,9.442622950819672,9.977272727272727,359,183,176,69,37,32,0.16121495327102803,resolved
c0_L128_rep005.npz,0.5,3051,native,-1,1.0,0.5,0.5,2.1993263595518746,2.149113407064437,2.2495393120393117,True,7.508307372793354,7.43298969072165,7.584728033472803,1926,970,956,277,146,131,0.1257376305038584,resolved
c0_L128_rep005.npz,0.5,3051,majority,-1,1.0,0.5,0.5013427734375,2.3412183996382914,2.283831812275494,2.3986049870010886,True,8.816615384615385,8.639225181598063,9.0,1625,826,799,281,151,130,0.14742917103882477,resolved
c0_L128_rep005.npz,0.5,3051,matched,110,4.0,0.5,0.5,2.538429319371728,2.48,2.5968586387434556,True,9.865168539325843,9.569060773480663,10.17142857142857,356,181,175,70,38,32,0.1643192488262911,resolved
c0_L128_rep005.npz,0.5,3051,matched,211,4.0,0.5,0.5,2.551207547419293,2.4987405541561714,2.6036745406824147,True,9.779036827195467,9.474860335195531,10.091954022988507,353,179,174,72,39,33,0.16941176470588235,resolved
c0_L128_rep005.npz,0.5,3051,matched,312,4.0,0.5,0.5,2.5569724393253805,2.4615384615384617,2.6524064171122994,True,9.813031161473088,9.428571428571429,10.222222222222221,353,182,171,71,39,32,0.16745283018867924,resolved
c0_L128_rep005.npz,0.5,3051,matched,413,4.0,0.5,0.5,2.582283965661982,2.505050505050505,2.6595174262734584,True,9.931034482758621,9.617977528089888,10.258823529411766,348,178,170,73,40,33,0.17339667458432304,resolved
c0_L128_rep005.npz,0.5,3051,matched,514,4.0,0.5,0.5,2.5595743973399836,2.4738154613466334,2.6453333333333333,True,9.875,9.502762430939226,10.269005847953217,352,181,171,72,39,33,0.16981132075471697,resolved
c0_L128_rep005.npz,0.5,3458,native,-1,1.0,0.5,0.5,2.244521628866516,2.1957634370408643,2.293279820692168,True,7.588544403573305,7.5057351407716375,7.672669491525424,1903,959,944,285,151,134,0.13025594149908593,resolved
c0_L128_rep005.npz,0.5,3458,majority,-1,1.0,0.5,0.50225830078125,2.386440056574108,2.3351095344136326,2.4377705787345834,True,8.93800876643707,8.734643734643734,9.149425287356323,1597,814,783,287,152,135,0.15233545647558386,resolved
c0_L128_rep005.npz,0.5,3458,matched,110,4.0,0.5,0.5,2.603961555685694,2.5766233766233766,2.6312997347480107,True,9.982608695652173,9.780346820809248,10.186046511627907,345,173,172,72,39,33,0.17266187050359713,resolved
c0_L128_rep005.npz,0.5,3458,matched,211,4.0,0.5,0.5,2.6244120940649496,2.610526315789474,2.6382978723404253,True,10.064516129032258,9.882352941176471,10.24561403508772,341,170,171,74,40,34,0.1783132530120482,resolved
c0_L128_rep005.npz,0.5,3458,matched,312,4.0,0.5,0.5,2.6072084766601735,2.5900783289817233,2.624338624338624,True,10.005830903790088,9.906976744186046,10.105263157894736,343,172,171,75,39,36,0.17942583732057416,resolved
c0_L128_rep005.npz,0.5,3458,matched,413,4.0,0.5,0.5,2.5969298245614034,2.5833333333333335,2.610526315789474,True,10.052173913043479,9.906976744186046,10.196531791907514,345,172,173,74,40,34,0.1766109785202864,resolved
c0_L128_rep005.npz,0.5,3458,matched,514,4.0,0.5,0.5,2.628188032508457,2.5968586387434556,2.6595174262734584,True,10.117647058823529,9.988304093567251,10.248520710059172,340,171,169,75,40,35,0.18072289156626506,resolved
c0_L128_rep005.npz,0.5,3920,native,-1,1.0,0.5,0.5,2.318854268134917,2.2756541197761173,2.362054416493717,True,7.789558665231431,7.704935622317596,7.874730021598272,1858,932,926,282,151,131,0.13177570093457944,resolved
c0_L128_rep005.npz,0.5,3920,majority,-1,1.0,0.5,0.499267578125,2.461069731735817,2.4191056042960026,2.5030338591756314,True,9.23692704970949,9.048593350383632,9.428943937418513,1549,782,767,285,154,131,0.1553980370774264,resolved
c0_L128_rep005.npz,0.5,3920,matched,110,4.0,0.5,0.5,2.674029295512671,2.6956521739130435,2.6524064171122994,True,10.208955223880597,10.181818181818182,10.235294117647058,335,165,170,72,38,34,0.1769041769041769,resolved
c0_L128_rep005.npz,0.5,3920,matched,211,4.0,0.5,0.5,2.70681080437178,2.7252747252747254,2.6883468834688347,True,10.332326283987916,10.257668711656441,10.404761904761905,331,163,168,71,38,33,0.17661691542288557,resolved
c0_L128_rep005.npz,0.5,3920,matched,312,4.0,0.5,0.5,2.7069317251135434,2.732782369146005,2.6810810810810812,True,10.308157099697885,10.257668711656441,10.357142857142858,331,163,168,71,37,34,0.17661691542288557,resolved
c0_L128_rep005.npz,0.5,3920,matched,413,4.0,0.5,0.5,2.695970695970696,2.7252747252747254,2.6666666666666665,True,10.265060240963855,10.233128834355828,10.29585798816568,332,163,169,72,38,34,0.1782178217821782,resolved
c0_L128_rep005.npz,0.5,3920,matched,514,4.0,0.5,0.5,2.6741653042688465,2.7029972752043596,2.6453333333333333,True,10.19047619047619,10.206060606060607,10.175438596491228,336,165,171,70,37,33,0.1724137931034483,resolved
c0_L128_rep005.npz,0.5,4443,native,-1,1.0,0.5,0.5,2.3919190196098565,2.3512051591208256,2.4326328800988875,True,7.933920704845815,7.799345692475463,8.07119021134594,1816,917,899,288,155,133,0.13688212927756654,resolved
c0_L128_rep005.npz,0.5,4443,majority,-1,1.0,0.5,0.49932861328125,2.56049905222266,2.5106002323226173,2.6103978721227024,True,9.549966465459423,9.379814077025232,9.723577235772357,1491,753,738,289,157,132,0.16235955056179777,resolved
c0_L128_rep005.npz,0.5,4443,matched,110,4.0,0.5,0.5,2.748112222972558,2.7252747252747254,2.770949720670391,True,10.326153846153845,10.036809815950921,10.617283950617283,325,163,162,72,38,34,0.181360201511335,resolved
c0_L128_rep005.npz,0.5,4443,matched,211,4.0,0.5,0.5,2.752162536555333,2.717808219178082,2.786516853932584,True,10.375384615384615,10.0,10.75776397515528,325,164,161,71,37,34,0.17929292929292928,resolved
c0_L128_rep005.npz,0.5,4443,matched,312,4.0,0.5,0.5,2.7787114845938374,2.7787114845938374,2.7787114845938374,True,10.404984423676012,10.18867924528302,10.617283950617283,321,159,162,72,39,33,0.183206106870229,resolved
c0_L128_rep005.npz,0.5,4443,matched,413,4.0,0.5,0.5,2.7787114845938374,2.7787114845938374,2.7787114845938374,True,10.392523364485982,10.08805031446541,10.691358024691358,321,159,162,72,39,33,0.183206106870229,resolved
c0_L128_rep005.npz,0.5,4443,matched,514,4.0,0.5,0.5,2.774830602632114,2.770949720670391,2.7787114845938374,True,10.397515527950311,10.175,10.617283950617283,322,160,162,71,38,33,0.1806615776081425,resolved
c0_L128_rep005.npz,0.5,5037,native,-1,1.0,0.5,0.5,2.4149271695375862,2.4058088008966996,2.424045538178473,True,7.889261744966443,7.697986577181208,8.080536912751677,1788,894,894,313,173,140,0.1489766777724893,resolved
c0_L128_rep005.npz,0.5,5037,majority,-1,1.0,0.5,0.501220703125,2.5763200184163235,2.55313293816739,2.5995070986652564,True,9.513698630136986,9.266757865937073,9.761316872427983,1460,731,729,316,174,142,0.17792792792792791,resolved
c0_L128_rep005.npz,0.5,5037,matched,110,4.0,0.5,0.5,2.8344939628217585,2.810198300283286,2.8587896253602305,True,10.628205128205128,10.487179487179487,10.76923076923077,312,156,156,76,41,35,0.1958762886597938,resolved
c0_L128_rep005.npz,0.5,5037,matched,211,4.0,0.5,0.5,2.8425002257855283,2.826210826210826,2.8587896253602305,True,10.658064516129032,10.519480519480519,10.794871794871796,310,154,156,78,43,35,0.20103092783505155,resolved
c0_L128_rep005.npz,0.5,5037,matched,312,4.0,0.5,0.5,2.8263025885370583,2.810198300283286,2.842406876790831,True,10.602564102564102,10.32258064516129,10.878980891719745,312,155,157,78,43,35,0.2,resolved
c0_L128_rep005.npz,0.5,5037,matched,413,4.0,0.5,0.5,2.810198300283286,2.810198300283286,2.810198300283286,True,10.577777777777778,10.41025641025641,10.742138364779874,315,156,159,76,41,35,0.19437340153452684,resolved
c0_L128_rep005.npz,0.5,5037,matched,514,4.0,0.5,0.5,2.8192967583060833,2.7632311977715873,2.8753623188405797,True,10.53035143769968,10.253164556962025,10.812903225806451,313,158,155,78,43,35,0.19948849104859334,resolved
c0_L128_rep005.npz,0.5,5709,native,-1,1.0,0.5,0.5,2.4543419920954594,2.4343375946103794,2.47434638958054,True,7.837611607142857,7.664079822616408,8.013483146067415,1792,902,890,314,164,150,0.14909781576448244,resolved
c0_L128_rep005.npz,0.5,5709,majority,-1,1.0,0.5,0.49957275390625,2.6298776926902114,2.602414108687002,2.657341276693421,True,9.645543175487465,9.256164383561643,10.048158640226628,1436,730,706,318,166,152,0.18129988597491448,resolved
c0_L128_rep005.npz,0.5,5709,matched,110,4.0,0.5,0.5,2.867650867650868,2.826210826210826,2.909090909090909,True,10.823529411764707,10.363636363636363,11.289473684210526,306,154,152,80,43,37,0.20725388601036268,resolved
c0_L128_rep005.npz,0.5,5709,matched,211,4.0,0.5,0.5,2.879687210340934,2.8587896253602305,2.9005847953216377,True,10.79344262295082,10.457516339869281,11.131578947368421,305,153,152,79,41,38,0.20572916666666666,resolved
c0_L128_rep005.npz,0.5,5709,matched,312,4.0,0.5,0.5,2.862920824240809,2.8587896253602305,2.8670520231213876,True,10.866449511400651,10.457516339869281,11.272727272727273,307,153,154,79,41,38,0.20466321243523317,resolved
c0_L128_rep005.npz,0.5,5709,matched,413,4.0,0.5,0.5,2.892152862777098,2.883720930232558,2.9005847953216377,True,10.947368421052632,10.578947368421053,11.31578947368421,304,152,152,78,40,38,0.20418848167539266,resolved
c0_L128_rep005.npz,0.5,5709,matched,514,4.0,0.5,0.5,2.8964059196617336,2.909090909090909,2.883720930232558,True,10.913907284768213,10.684563758389261,11.137254901960784,302,149,153,81,43,38,0.21148825065274152,resolved
c0_L128_rep005.npz,0.5,6472,native,-1,1.0,0.5,0.5,2.562056161526507,2.5438225976768742,2.5802897253761397,True,8.19845513963161,8.051435406698564,8.343565525383708,1683,836,847,333,175,158,0.16517857142857142,resolved
c0_L128_rep005.npz,0.5,6472,majority,-1,1.0,0.5,0.49920654296875,2.7065618380219365,2.6873910557228875,2.7257326203209855,True,9.840925524222705,9.578034682080926,10.104196816208393,1383,692,691,334,176,158,0.1945253348864298,resolved
c0_L128_rep005.npz,0.5,6472,matched,110,4.0,0.5,0.5,2.892742977623614,2.850574712643678,2.9349112426035506,True,10.80794701986755,10.368421052631579,11.253333333333334,302,152,150,82,44,38,0.21354166666666666,resolved
c0_L128_rep005.npz,0.5,6472,matched,211,4.0,0.5,0.5,2.8966528552185107,2.8670520231213876,2.926253687315634,True,10.777408637873755,10.357615894039736,11.2,301,151,150,83,44,39,0.21614583333333334,resolved
c0_L128_rep005.npz,0.5,6472,matched,312,4.0,0.5,0.5,2.9569451107912648,2.9349112426035506,2.978978978978979,True,10.98976109215017,10.639455782312925,11.342465753424657,293,147,146,85,44,41,0.22486772486772486,resolved
c0_L128_rep005.npz,0.5,6472,matched,413,4.0,0.5,0.5,2.9178742289624626,2.892128279883382,2.943620178041543,True,10.903010033444817,10.56,11.248322147651006,299,150,149,82,43,39,0.2152230971128609,resolved
c0_L128_rep005.npz,0.5,6472,matched,514,4.0,0.5,0.5,2.9012049017008867,2.8587896253602305,2.943620178041543,True,10.790697674418604,10.421052631578947,11.167785234899329,301,152,149,82,43,39,0.21409921671018275,resolved
c0_L128_rep005.npz,0.5,7336,native,-1,1.0,0.5,0.5,2.655463922653069,2.6069310600444773,2.703996785261661,True,8.498164014687882,8.22584541062802,8.777915632754343,1634,828,806,324,169,155,0.16547497446373852,resolved
c0_L128_rep005.npz,0.5,7336,majority,-1,1.0,0.5,0.5003662109375,2.790434206589475,2.7376143510558566,2.8432540621230937,True,10.234456928838952,9.858615611192931,10.623475609756097,1335,679,656,324,170,154,0.19529837251356238,resolved
c0_L128_rep005.npz,0.5,7336,matched,110,4.0,0.5,0.5,3.033667514589256,3.042944785276073,3.0243902439024386,True,11.188811188811188,10.695035460992909,11.668965517241379,286,141,145,82,44,38,0.22282608695652173,resolved
c0_L128_rep005.npz,0.5,7336,matched,211,4.0,0.5,0.5,3.0523365901689012,3.0617283950617287,3.042944785276074,True,11.295774647887324,10.78014184397163,11.804195804195805,284,141,143,82,42,40,0.22404371584699453,resolved
c0_L128_rep005.npz,0.5,7336,matched,312,4.0,0.5,0.5,3.0432024993648077,3.0712074303405577,3.0151975683890577,True,11.286713286713287,10.950354609929079,11.613793103448275,286,141,145,80,41,39,0.2185792349726776,resolved
c0_L128_rep005.npz,0.5,7336,matched,413,4.0,0.5,0.5,3.043059319482084,3.0243902439024386,3.0617283950617287,True,11.27017543859649,10.545454545454545,12.0,285,143,142,82,42,40,0.22343324250681199,resolved
c0_L128_rep005.npz,0.5,7336,matched,514,4.0,0.5,0.5,3.076035537094727,3.0617283950617287,3.0903426791277258,True,11.432624113475176,10.893617021276595,11.97163120567376,282,141,141,81,42,39,0.2231404958677686,resolved
c0_L128_rep005.npz,0.5,8316,native,-1,1.0,0.5,0.5,2.6634990942599566,2.653071080475919,2.673927108043994,True,8.441265976871577,8.270731707317074,8.611178614823816,1643,820,823,319,160,159,0.16258919469928645,resolved
c0_L128_rep005.npz,0.5,8316,majority,-1,1.0,0.5,0.49969482421875,2.8076301860684643,2.787704892140227,2.8275554799967018,True,10.172388059701493,9.953869047619047,10.392215568862275,1340,672,668,322,163,159,0.19374247894103488,resolved
c0_L128_rep005.npz,0.5,8316,matched,110,4.0,0.5,0.5,3.0293536235127374,3.0617283950617287,2.996978851963746,True,11.489655172413793,11.154929577464788,11.81081081081081,290,142,148,75,40,35,0.2054794520547945,resolved
c0_L128_rep005.npz,0.5,8316,matched,211,4.0,0.5,0.5,3.030201279683623,3.0903426791277258,2.9700598802395204,True,11.474048442906575,11.228571428571428,11.704697986577182,289,140,149,77,41,36,0.2103825136612022,resolved
c0_L128_rep005.npz,0.5,8316,matched,312,4.0,0.5,0.5,3.0023443223443222,3.0523076923076924,2.952380952380952,True,11.36986301369863,11.098591549295774,11.626666666666667,292,142,150,77,41,36,0.2086720867208672,resolved
c0_L128_rep005.npz,0.5,8316,matched,413,4.0,0.5,0.5,3.0020694075634102,3.042944785276074,2.961194029850746,True,11.383561643835616,11.076923076923077,11.677852348993289,292,143,149,77,40,37,0.2086720867208672,resolved
c0_L128_rep005.npz,0.5,8316,matched,514,4.0,0.5,0.5,3.0394894894894895,3.1,2.978978978978979,True,11.555555555555555,11.314285714285715,11.783783783783784,288,140,148,77,40,37,0.21095890410958903,resolved
c0_L128_rep005.npz,0.5,9427,native,-1,1.0,0.5,0.5,2.7981585451101663,2.761225669685874,2.8350914205344586,True,8.99092676604018,8.790757381258024,9.19502617801047,1543,779,764,319,167,152,0.17132116004296455,resolved
c0_L128_rep005.npz,0.5,9427,majority,-1,1.0,0.5,0.49957275390625,2.934844790405726,2.8957596501228355,2.973929930688617,True,10.699059561128527,10.411490683229813,10.992088607594937,1276,644,632,317,165,152,0.1989956057752668,resolved
c0_L128_rep005.npz,0.5,9427,matched,110,4.0,0.5,0.5,3.1395234709104933,3.169329073482428,3.1097178683385582,True,11.84,11.555555555555555,12.114285714285714,275,135,140,82,43,39,0.22969187675070027,resolved
c0_L128_rep005.npz,0.5,9427,matched,211,4.0,0.5,0.5,3.100272484886367,3.0712074303405577,3.1293375394321763,True,11.627240143369175,11.228571428571428,12.028776978417266,279,140,139,82,43,39,0.22714681440443213,resolved
c0_L128_rep005.npz,0.5,9427,matched,312,4.0,0.5,0.5,3.114607361842235,3.1097178683385582,3.119496855345912,True,11.63898916967509,11.304347826086957,11.971223021582734,277,138,139,83,43,40,0.23055555555555557,resolved
c0_L128_rep005.npz,0.5,9427,matched,413,4.0,0.5,0.5,3.1097178683385582,3.1097178683385582,3.1097178683385582,True,11.712230215827338,11.44927536231884,11.971428571428572,278,138,140,82,43,39,0.22777777777777777,resolved
c0_L128_rep005.npz,0.5,9427,matched,514,4.0,0.5,0.5,3.100030273733142,3.0903426791277258,3.1097178683385582,True,11.698924731182796,11.223021582733812,12.17142857142857,279,139,140,82,43,39,0.22714681440443213,resolved
c0_L128_rep005.npz,0.5,10686,native,-1,1.0,0.5,0.5,2.9194774000882684,2.9629582612297805,2.8759965389467563,True,9.190763052208835,9.099050203527815,9.28005284015852,1494,737,757,324,162,162,0.1782178217821782,resolved
c0_L128_rep005.npz,0.5,10686,majority,-1,1.0,0.5,0.4991455078125,3.044625288719739,3.0775521578895044,3.011698419549974,True,11.109826589595375,11.01344537815126,11.202922077922079,1211,595,616,318,163,155,0.2079790712884238,resolved
c0_L128_rep005.npz,0.5,10686,matched,110,4.0,0.5,0.5,3.2525811921780754,3.385665529010239,3.119496855345912,True,12.181818181818182,12.288,12.086330935251798,264,125,139,83,43,40,0.23919308357348704,resolved
c0_L128_rep005.npz,0.5,10686,matched,211,4.0,0.5,0.5,3.2918424753867797,3.444444444444445,3.1392405063291138,True,12.2,12.195121951219512,12.204379562043796,260,123,137,84,42,42,0.2441860465116279,resolved
c0_L128_rep005.npz,0.5,10686,matched,312,4.0,0.5,0.5,3.270093255259163,3.4206896551724135,3.119496855345912,True,12.229885057471265,12.390243902439025,12.08695652173913,261,123,138,86,44,42,0.2478386167146974,resolved
c0_L128_rep005.npz,0.5,10686,matched,413,4.0,0.5,0.5,3.185016722408027,3.317725752508361,3.0523076923076924,True,11.985130111524164,12.251968503937007,11.746478873239436,269,127,142,86,45,41,0.24225352112676057,resolved
c0_L128_rep005.npz,0.5,10686,matched,514,4.0,0.5,0.5,3.2603448275862066,3.4206896551724135,3.1,True,12.182509505703422,12.387096774193548,12.0,263,124,139,84,42,42,0.2420749279538905,resolved
c0_L128_rep005.npz,0.5,12113,native,-1,1.0,0.5,0.5,2.995863856130763,2.983632895555449,3.0080948167060773,True,9.456176673567978,9.279835390946502,9.634722222222223,1449,729,720,320,164,156,0.18089315997738836,resolved
c0_L128_rep005.npz,0.5,12113,majority,-1,1.0,0.5,0.4998779296875,3.134403736480536,3.1099002397520814,3.1589072332089905,True,11.331370899915896,11.075376884422111,11.589527027027026,1189,597,592,323,166,157,0.21362433862433863,resolved
c0_L128_rep005.npz,0.5,12113,matched,110,4.0,0.5,0.5,3.317725752508361,3.317725752508361,3.317725752508361,True,12.496124031007753,11.96875,13.015384615384615,258,128,130,82,43,39,0.2411764705882353,resolved
c0_L128_rep005.npz,0.5,12113,matched,211,4.0,0.5,0.5,3.3346892655367233,3.36271186440678,3.3066666666666666,True,12.544747081712062,12.126984126984127,12.946564885496183,257,126,131,81,43,38,0.23964497041420119,resolved
c0_L128_rep005.npz,0.5,12113,matched,312,4.0,0.5,0.5,3.3067034078156423,3.317725752508361,3.2956810631229234,True,12.525096525096526,12.15625,12.885496183206106,259,128,131,82,43,39,0.2404692082111437,resolved
c0_L128_rep005.npz,0.5,12113,matched,413,4.0,0.5,0.5,3.329196463764852,3.36271186440678,3.2956810631229234,True,12.498054474708171,12.031746031746032,12.946564885496183,257,126,131,82,43,39,0.24188790560471976,resolved
c0_L128_rep005.npz,0.5,12113,matched,514,4.0,0.5,0.5,3.3069973664033068,3.3400673400673395,3.273927392739274,True,12.525096525096526,12.220472440944881,12.818181818181818,259,127,132,82,43,39,0.2404692082111437,resolved
c0_L128_rep005.npz,0.5,13731,native,-1,1.0,0.5,0.5,3.116227168926949,3.1500448885592727,3.082409449294626,True,9.508321775312067,9.56100981767181,9.45679012345679,1442,713,729,310,156,154,0.1769406392694064,resolved
c0_L128_rep005.npz,0.5,13731,majority,-1,1.0,0.5,0.49908447265625,3.270464461925669,3.307565142326783,3.2333637815245546,True,11.824454148471617,11.886725663716813,11.763793103448275,1145,565,580,312,159,153,0.21413864104323954,resolved
c0_L128_rep005.npz,0.5,13731,matched,110,4.0,0.5,0.5,3.422683846712115,3.5053003533568905,3.3400673400673395,True,12.752,12.727272727272727,12.775193798449612,250,121,129,80,41,39,0.24242424242424243,resolved
c0_L128_rep005.npz,0.5,13731,matched,211,4.0,0.5,0.5,3.4221545489151124,3.4929577464788735,3.3513513513513513,True,12.752,12.694214876033058,12.806201550387597,250,121,129,80,42,38,0.24242424242424243,resolved
c0_L128_rep005.npz,0.5,13731,matched,312,4.0,0.5,0.5,3.381085098476403,3.444444444444445,3.317725752508361,True,12.569169960474309,12.487804878048781,12.646153846153846,253,123,130,81,42,39,0.24251497005988024,resolved
c0_L128_rep005.npz,0.5,13731,matched,413,4.0,0.5,0.5,3.4210557610207992,3.456445993031359,3.385665529010239,True,12.755020080321286,12.557377049180328,12.94488188976378,249,122,127,82,43,39,0.24773413897280966,resolved
c0_L128_rep005.npz,0.5,13731,matched,514,4.0,0.5,0.5,3.3745010239855597,3.4089347079037804,3.3400673400673395,True,12.614173228346457,12.416,12.806201550387597,254,125,129,80,41,39,0.23952095808383234,resolved
c0_L128_rep005.npz,0.5,15565,native,-1,1.0,0.5,0.5,3.2077089813875754,3.1642487700264916,3.2511691927486592,True,9.895500725689406,9.70157819225251,10.093979441997064,1378,697,681,329,176,153,0.19273579379027533,resolved
c0_L128_rep005.npz,0.5,15565,majority,-1,1.0,0.5,0.50018310546875,3.3442749351354406,3.3005486019034582,3.3880012683674225,True,11.990152193375112,11.716814159292035,12.269927536231885,1117,565,552,329,175,154,0.22752420470262794,resolved
c0_L128_rep005.npz,0.5,15565,matched,110,4.0,0.5,0.5,3.54290233293792,3.530249110320285,3.5555555555555554,True,13.195020746887966,13.176470588235293,13.21311475409836,241,119,122,78,43,35,0.2445141065830721,resolved
c0_L128_rep005.npz,0.5,15565,matched,211,4.0,0.5,0.5,3.542857142857143,3.542857142857143,3.542857142857143,True,13.166666666666666,13.186440677966102,13.147540983606557,240,118,122,80,44,36,0.25,resolved
c0_L128_rep005.npz,0.5,15565,matched,312,4.0,0.5,0.5,3.549206349206349,3.5555555555555554,3.542857142857143,True,13.183333333333334,13.220338983050848,13.147540983606557,240,118,122,79,43,36,0.2476489028213166,resolved
c0_L128_rep005.npz,0.5,15565,matched,413,4.0,0.5,0.5,3.530427954456223,3.5053003533568905,3.5555555555555554,True,13.173553719008265,13.066666666666666,13.278688524590164,242,120,122,78,43,35,0.24375,resolved
c0_L128_rep005.npz,0.5,15565,matched,514,4.0,0.5,0.5,3.5179074446680083,3.4929577464788735,3.542857142857143,True,13.12396694214876,13.0,13.245901639344263,242,120,122,80,44,36,0.2484472049689441,resolved
c0_L128_rep005.npz,0.5,17644,native,-1,1.0,0.5,0.5,3.3150189473933787,3.3467933491686463,3.283244545618111,True,10.619674670797831,10.677215189873417,10.564491654021245,1291,632,659,311,171,140,0.1941323345817728,resolved
c0_L128_rep005.npz,0.5,17644,majority,-1,1.0,0.5,0.50018310546875,3.448249295297007,3.4752923768062063,3.421206213787807,True,12.645403377110695,12.6878612716763,12.605118829981718,1066,519,547,313,171,142,0.22697606961566352,resolved
c0_L128_rep005.npz,0.5,17644,matched,110,4.0,0.5,0.5,3.6336996336996337,3.6336996336996337,3.6336996336996337,True,13.551724137931034,13.495652173913044,13.606837606837606,232,115,117,82,43,39,0.2611464968152866,resolved
c0_L128_rep005.npz,0.5,17644,matched,211,4.0,0.5,0.5,3.6336996336996337,3.6336996336996337,3.6336996336996337,True,13.53448275862069,13.460869565217392,13.606837606837606,232,115,117,82,43,39,0.2611464968152866,resolved
c0_L128_rep005.npz,0.5,17644,matched,312,4.0,0.5,0.5,3.5942500820479157,3.5812274368231045,3.6072727272727274,True,13.463829787234042,13.23076923076923,13.694915254237289,235,117,118,82,43,39,0.2586750788643533,resolved
c0_L128_rep005.npz,0.5,17644,matched,413,4.0,0.5,0.5,3.6607159878535342,3.687732342007435,3.6336996336996337,True,13.634782608695652,13.663716814159292,13.606837606837606,230,113,117,82,43,39,0.26282051282051283,resolved
c0_L128_rep005.npz,0.5,17644,matched,514,4.0,0.5,0.5,3.6336996336996337,3.6336996336996337,3.6336996336996337,True,13.379310344827585,13.391304347826088,13.367521367521368,232,115,117,82,43,39,0.2611464968152866,resolved
c0_L128_rep005.npz,0.5,20000,native,-1,1.0,0.5,0.5,3.425979604131216,3.3966913282316704,3.4552678800307612,True,10.445820433436532,10.248847926267281,10.645865834633385,1292,651,641,328,169,159,0.20246913580246914,resolved
c0_L128_rep005.npz,0.5,20000,majority,-1,1.0,0.5,0.498779296875,3.586284446429974,3.543182050574705,3.629386842285242,True,13.031465093411995,12.944990176817289,13.118110236220472,1017,509,508,327,170,157,0.24330357142857142,resolved
c0_L128_rep005.npz,0.5,20000,matched,110,4.0,0.5,0.5,3.7084241712784394,3.701492537313433,3.7153558052434454,True,13.947826086956521,13.821428571428571,14.067796610169491,230,112,118,75,44,31,0.2459016393442623,resolved
c0_L128_rep005.npz,0.5,20000,matched,211,4.0,0.5,0.5,3.7863147006978135,3.8007662835249048,3.7718631178707223,True,14.186666666666667,14.385321100917432,14.0,225,109,116,74,43,31,0.24749163879598662,resolved
c0_L128_rep005.npz,0.5,20000,matched,312,4.0,0.5,0.5,3.7504859919954256,3.743396226415094,3.757575757575757,True,13.955947136563877,13.945945945945946,13.96551724137931,227,111,116,75,43,32,0.24834437086092714,resolved
c0_L128_rep005.npz,0.5,20000,matched,413,4.0,0.5,0.5,3.7793904208998548,3.8153846153846156,3.743396226415094,True,14.196428571428571,14.333333333333334,14.068965517241379,224,108,116,77,44,33,0.2558139534883721,resolved
c0_L128_rep005.npz,0.5,20000,matched,514,4.0,0.5,0.5,3.7155642842112644,3.687732342007435,3.743396226415094,True,13.799126637554584,13.663716814159292,13.931034482758621,229,113,116,76,43,33,0.24918032786885247,resolved
c0_L128_rep006.npz,0.5,1119,native,-1,1.0,0.5,0.5,1.79441016573385,1.7907939476701191,1.798026383797581,True,6.414997869620793,6.4367034834324555,6.3931623931623935,2347,1177,1170,237,106,131,0.09171826625386997,resolved
c0_L128_rep006.npz,0.5,1119,majority,-1,1.0,0.5,0.5001220703125,1.9268595153256312,1.9176592888892992,1.9360597417619632,True,7.390292223873205,7.398039215686275,7.382382382382382,2019,1020,999,236,103,133,0.10465631929046564,resolved
c0_L128_rep006.npz,0.5,1119,matched,110,4.0,0.5,0.5,2.2805079774443637,2.290993071593533,2.2700228832951943,True,8.693069306930694,8.81592039800995,8.571428571428571,404,201,203,62,31,31,0.13304721030042918,resolved
c0_L128_rep006.npz,0.5,1119,matched,211,4.0,0.5,0.5,2.2496181832206306,2.2292134831460673,2.2700228832951943,True,8.642335766423358,8.673076923076923,8.610837438423646,411,208,203,60,29,31,0.12738853503184713,resolved
c0_L128_rep006.npz,0.5,1119,matched,312,4.0,0.5,0.5,2.2936446839449145,2.290993071593533,2.2962962962962963,True,8.758104738154614,8.81592039800995,8.7,401,201,200,63,31,32,0.13577586206896552,resolved
c0_L128_rep006.npz,0.5,1119,matched,413,4.0,0.5,0.5,2.3016365202411713,2.2962962962962963,2.3069767441860467,True,8.76,8.81592039800995,8.703517587939698,400,201,199,62,30,32,0.1341991341991342,resolved
c0_L128_rep006.npz,0.5,1119,matched,514,4.0,0.5,0.5,2.2650290885585003,2.244343891402715,2.2857142857142856,True,8.687960687960688,8.737864077669903,8.63681592039801,407,206,201,62,30,32,0.13219616204690832,resolved
c0_L128_rep006.npz,0.5,1268,native,-1,1.0,0.5,0.5,1.8545587453059302,1.8397195805106827,1.8693979101011777,True,6.574403470715835,6.553648068669528,6.59561403508772,2305,1165,1140,217,97,120,0.08604282315622522,resolved
c0_L128_rep006.npz,0.5,1268,majority,-1,1.0,0.5,0.49969482421875,1.9913257790149648,1.968569871830978,2.0140816861989514,True,7.715092402464066,7.658585858585859,7.77348643006263,1948,990,958,217,97,120,0.10023094688221709,resolved
c0_L128_rep006.npz,0.5,1268,matched,110,4.0,0.5,0.5,2.3016365202411713,2.2962962962962963,2.3069767441860467,True,8.907730673316708,8.970297029702971,8.844221105527637,401,202,199,60,28,32,0.1301518438177874,resolved
c0_L128_rep006.npz,0.5,1268,matched,211,4.0,0.5,0.5,2.2964931835719797,2.2752293577981653,2.317757009345794,True,8.893300248138958,8.917073170731708,8.868686868686869,403,205,198,58,26,32,0.12581344902386118,resolved
c0_L128_rep006.npz,0.5,1268,matched,312,4.0,0.5,0.5,2.2941597955233295,2.2596810933940774,2.328638497652582,True,8.873449131513647,8.893203883495145,8.852791878172589,403,206,197,59,27,32,0.1277056277056277,resolved
c0_L128_rep006.npz,0.5,1268,matched,413,4.0,0.5,0.5,2.291005291005291,2.2962962962962963,2.2857142857142856,True,8.871287128712872,8.985221674876847,8.756218905472636,404,203,201,58,26,32,0.12554112554112554,resolved
c0_L128_rep006.npz,0.5,1268,matched,514,4.0,0.5,0.5,2.320471010527698,2.317757009345794,2.323185011709602,True,8.944723618090451,9.014925373134329,8.873096446700508,398,201,197,59,26,33,0.12910284463894967,resolved
c0_L128_rep006.npz,0.5,1438,native,-1,1.0,0.5,0.5,1.9037483746461206,1.873150960839992,1.9343457884522488,True,6.7650468123049485,6.7397379912663755,6.79143897996357,2243,1145,1098,213,95,118,0.08672638436482084,resolved
c0_L128_rep006.npz,0.5,1438,majority,-1,1.0,0.5,0.499755859375,2.0359240050192997,1.994491614871556,2.0773563951670435,True,7.8260643821391485,7.761904761904762,7.893503727369542,1926,987,939,210,93,117,0.09831460674157304,resolved
c0_L128_rep006.npz,0.5,1438,matched,110,4.0,0.5,0.5,2.3016736919739227,2.290993071593533,2.312354312354312,True,8.903225806451612,8.96078431372549,8.844221105527637,403,204,199,56,25,31,0.12200435729847495,resolved
c0_L128_rep006.npz,0.5,1438,matched,211,4.0,0.5,0.5,2.3182125930941098,2.2857142857142856,2.3507109004739335,True,8.99,9.053658536585365,8.923076923076923,400,205,195,56,24,32,0.12280701754385964,resolved
c0_L128_rep006.npz,0.5,1438,matched,312,4.0,0.5,0.5,2.3259884769318733,2.312354312354312,2.339622641509434,True,9.00502512562814,9.049504950495049,8.959183673469388,398,202,196,57,25,32,0.12527472527472527,resolved
c0_L128_rep006.npz,0.5,1438,matched,413,4.0,0.5,0.5,2.3261675152021644,2.301624129930395,2.3507109004739335,True,8.974874371859297,9.004926108374384,8.943589743589744,398,203,195,57,25,32,0.12527472527472527,resolved
c0_L128_rep006.npz,0.5,1438,matched,514,4.0,0.5,0.5,2.3129701291360494,2.2752293577981653,2.3507109004739335,True,9.017456359102244,9.009708737864077,9.025641025641026,401,206,195,56,24,32,0.12253829321663019,resolved
c0_L128_rep006.npz,0.5,1630,native,-1,1.0,0.5,0.5,1.9358951700247609,1.9076596549477798,1.964130685101742,True,6.811849841700588,6.823268206039076,6.8,2211,1126,1085,231,98,133,0.0945945945945946,resolved
c0_L128_rep006.npz,0.5,1630,majority,-1,1.0,0.5,0.49920654296875,2.099943222068596,2.068815700365979,2.1310707437712137,True,8.007530930607853,7.983193277310924,8.033076074972437,1859,952,907,228,98,130,0.10924772400574988,resolved
c0_L128_rep006.npz,0.5,1630,matched,110,4.0,0.5,0.5,2.4196417416756404,2.401937046004843,2.4373464373464375,True,9.389033942558747,9.31958762886598,9.46031746031746,383,194,189,54,25,29,0.12356979405034325,resolved
c0_L128_rep006.npz,0.5,1630,matched,211,4.0,0.5,0.5,2.410980910980911,2.3846153846153846,2.4373464373464375,True,9.412987012987013,9.36734693877551,9.46031746031746,385,196,189,53,24,29,0.12100456621004566,resolved
c0_L128_rep006.npz,0.5,1630,matched,312,4.0,0.5,0.5,2.3990642180371973,2.3903614457831326,2.407766990291262,True,9.277922077922078,9.237113402061855,9.319371727748692,385,194,191,57,27,30,0.12895927601809956,resolved
c0_L128_rep006.npz,0.5,1630,matched,413,4.0,0.5,0.5,2.4136824594327395,2.401937046004843,2.4254278728606358,True,9.336814621409921,9.284974093264248,9.389473684210527,383,193,190,56,27,29,0.1275626423690205,resolved
c0_L128_rep006.npz,0.5,1630,matched,514,4.0,0.5,0.5,2.3857320422026307,2.334117647058824,2.4373464373464375,True,9.302564102564103,9.17412935323383,9.43915343915344,390,201,189,52,23,29,0.11764705882352941,resolved
c0_L128_rep006.npz,0.5,1848,native,-1,1.0,0.5,0.5,1.9910753623478228,1.9414635177706832,2.0406872069249626,True,6.96735632183908,6.9763636363636365,6.9581395348837205,2175,1100,1075,204,97,107,0.08575031525851198,resolved
c0_L128_rep006.npz,0.5,1848,majority,-1,1.0,0.5,0.4993896484375,2.139056865782882,2.084324072082217,2.1937896594835467,True,8.190631808278868,8.082627118644067,8.304932735426009,1836,944,892,204,97,107,0.1,resolved
c0_L128_rep006.npz,0.5,1848,matched,110,4.0,0.5,0.5,2.4373611513570945,2.443349753694581,2.431372549019608,True,9.470899470899472,9.587301587301587,9.354497354497354,378,189,189,58,28,30,0.13302752293577982,resolved
c0_L128_rep006.npz,0.5,1848,matched,211,4.0,0.5,0.5,2.452414130301919,2.449382716049383,2.4554455445544554,True,9.504,9.553191489361701,9.454545454545455,375,188,187,59,29,30,0.1359447004608295,resolved
c0_L128_rep006.npz,0.5,1848,matched,312,4.0,0.5,0.5,2.4404367087075456,2.4554455445544554,2.4254278728606358,True,9.5,9.582887700534759,9.417989417989418,376,187,189,61,30,31,0.13958810068649885,resolved
c0_L128_rep006.npz,0.5,1848,matched,413,4.0,0.5,0.5,2.416568749629102,2.419512195121951,2.413625304136253,True,9.375328083989501,9.44502617801047,9.305263157894737,381,191,190,59,28,31,0.1340909090909091,resolved
c0_L128_rep006.npz,0.5,1848,matched,514,4.0,0.5,0.5,2.4317377537716522,2.401937046004843,2.4615384615384617,True,9.428571428571429,9.354166666666666,9.505376344086022,378,192,186,60,29,31,0.136986301369863,resolved
c0_L128_rep006.npz,0.5,2094,native,-1,1.0,0.5,0.5,2.070848271834797,2.0410555378788655,2.1006410057907288,True,7.267531219980787,7.279313632030505,7.255566311713456,2082,1049,1033,207,99,108,0.09043250327653997,resolved
c0_L128_rep006.npz,0.5,2094,majority,-1,1.0,0.5,0.49853515625,2.2194551064475276,2.1917520469778706,2.2471581659171846,True,8.47680995475113,8.496644295302014,8.456521739130435,1768,894,874,209,99,110,0.10571573090541224,resolved
c0_L128_rep006.npz,0.5,2094,matched,110,4.0,0.5,0.5,2.5180260275737663,2.5435897435897434,2.4924623115577886,True,9.593406593406593,9.666666666666666,9.521739130434783,364,180,184,60,30,30,0.14150943396226415,resolved
c0_L128_rep006.npz,0.5,2094,matched,211,4.0,0.5,0.5,2.550735367022507,2.5900783289817233,2.511392405063291,True,9.827298050139277,10.033898305084746,9.626373626373626,359,177,182,60,29,31,0.1431980906921241,resolved
c0_L128_rep006.npz,0.5,2094,matched,312,4.0,0.5,0.5,2.546859139147057,2.543589743589744,2.55012853470437,True,9.760445682451254,9.733333333333333,9.787709497206704,359,180,179,61,30,31,0.14523809523809525,resolved
c0_L128_rep006.npz,0.5,2094,matched,413,4.0,0.5,0.5,2.4956330219488114,2.5050505050505047,2.4862155388471177,True,9.706521739130435,9.792349726775956,9.621621621621621,368,183,185,59,30,29,0.13817330210772832,resolved
c0_L128_rep006.npz,0.5,2094,matched,514,4.0,0.5,0.5,2.5310240238481114,2.4987405541561714,2.5633074935400515,True,9.779005524861878,9.717391304347826,9.842696629213483,362,184,178,60,29,31,0.14218009478672985,resolved
c0_L128_rep006.npz,0.5,2374,native,-1,1.0,0.5,0.5,2.0972004458907705,2.0636942675159236,2.1307066242656174,True,7.198458574181117,7.2122370936902485,7.184466019417476,2076,1046,1030,220,108,112,0.09581881533101046,resolved
c0_L128_rep006.npz,0.5,2374,majority,-1,1.0,0.5,0.50286865234375,2.274646341052384,2.240744822355172,2.308547859749596,True,8.635622817229336,8.592210767468499,8.680473372781066,1718,873,845,222,109,113,0.11443298969072165,resolved
c0_L128_rep006.npz,0.5,2374,matched,110,4.0,0.5,0.5,2.5700171821305844,2.5567010309278353,2.5833333333333335,True,10.028011204481793,10.0,10.056497175141242,357,180,177,58,28,30,0.13975903614457832,resolved
c0_L128_rep006.npz,0.5,2374,matched,211,4.0,0.5,0.5,2.5836136733586548,2.5567010309278353,2.610526315789474,True,10.140845070422536,9.977777777777778,10.308571428571428,355,180,175,58,28,30,0.14043583535108958,resolved
c0_L128_rep006.npz,0.5,2374,matched,312,4.0,0.5,0.5,2.5700171821305844,2.5833333333333335,2.5567010309278353,True,10.061624649859944,10.044943820224718,10.078212290502794,357,178,179,58,28,30,0.13975903614457832,resolved
c0_L128_rep006.npz,0.5,2374,matched,413,4.0,0.5,0.5,2.55012853470437,2.55012853470437,2.55012853470437,True,9.9,9.88888888888889,9.911111111111111,360,180,180,58,29,29,0.13875598086124402,resolved
c0_L128_rep006.npz,0.5,2374,matched,514,4.0,0.5,0.5,2.543606466840676,2.5370843989769822,2.55012853470437,True,9.939058171745152,9.812154696132596,10.066666666666666,361,181,180,58,29,29,0.13842482100238662,resolved
c0_L128_rep006.npz,0.5,2691,native,-1,1.0,0.5,0.5,2.161179568488662,2.109601052170101,2.2127580848072226,True,7.499245093105183,7.452286282306163,7.5474006116207955,1987,1006,981,220,107,113,0.09968282736746716,resolved
c0_L128_rep006.npz,0.5,2691,majority,-1,1.0,0.5,0.50177001953125,2.2936894271862673,2.2465102155345527,2.340868638837982,True,8.736160188457008,8.577854671280276,8.901323706377857,1698,867,831,224,110,114,0.11654526534859522,resolved
c0_L128_rep006.npz,0.5,2691,matched,110,4.0,0.5,0.5,2.5701034318430467,2.55012853470437,2.5900783289817233,True,9.92717086834734,9.733333333333333,10.124293785310735,357,180,177,58,29,29,0.13975903614457832,resolved
c0_L128_rep006.npz,0.5,2691,matched,211,4.0,0.5,0.5,2.564146406625701,2.517766497461929,2.610526315789474,True,9.94413407821229,9.683060109289617,10.217142857142857,358,183,175,58,28,30,0.13942307692307693,resolved
c0_L128_rep006.npz,0.5,2691,matched,312,4.0,0.5,0.5,2.560038360616434,2.55012853470437,2.5699481865284977,True,9.87709497206704,9.71111111111111,10.044943820224718,358,180,178,59,29,30,0.14148681055155876,resolved
c0_L128_rep006.npz,0.5,2691,matched,413,4.0,0.5,0.5,2.566662203775606,2.5567010309278353,2.5766233766233766,True,9.994397759103641,9.911111111111111,10.07909604519774,357,180,177,59,28,31,0.14182692307692307,resolved
c0_L128_rep006.npz,0.5,2691,matched,514,4.0,0.5,0.5,2.5306287134834022,2.524173027989822,2.5370843989769822,True,9.796143250688706,9.626373626373626,9.966850828729282,363,182,181,58,29,29,0.1377672209026128,resolved
c0_L128_rep006.npz,0.5,3051,native,-1,1.0,0.5,0.5,2.21559960679289,2.2041261782728903,2.2270730353128894,True,7.574307304785894,7.586172344689379,7.562310030395137,1985,998,987,217,97,120,0.09854677565849228,resolved
c0_L128_rep006.npz,0.5,3051,majority,-1,1.0,0.5,0.49896240234375,2.3753367654385635,2.3555527501679525,2.3951207807091746,True,8.97524154589372,8.905952380952382,9.04656862745098,1656,840,816,219,100,119,0.1168,resolved
c0_L128_rep006.npz,0.5,3051,matched,110,4.0,0.5,0.5,2.6673605689999134,2.624338624338624,2.710382513661202,True,10.267441860465116,10.01142857142857,10.532544378698224,344,175,169,56,28,28,0.14,resolved
c0_L128_rep006.npz,0.5,3051,matched,211,4.0,0.5,0.5,2.6993247245587018,2.6956521739130435,2.7029972752043596,True,10.383480825958703,10.258823529411766,10.50887573964497,339,170,169,57,28,29,0.14393939393939395,resolved
c0_L128_rep006.npz,0.5,3051,matched,312,4.0,0.5,0.5,2.6631304322758265,2.6524064171122994,2.673854447439353,True,10.307246376811595,10.206896551724139,10.409356725146198,345,174,171,55,26,29,0.1375,resolved
c0_L128_rep006.npz,0.5,3051,matched,413,4.0,0.5,0.5,2.6710734217583534,2.624338624338624,2.717808219178082,True,10.395348837209303,10.227272727272727,10.571428571428571,344,176,168,55,26,29,0.13784461152882205,resolved
c0_L128_rep006.npz,0.5,3051,matched,514,4.0,0.5,0.5,2.653089244851259,2.610526315789474,2.6956521739130435,True,10.202898550724637,9.931818181818182,10.485207100591715,345,176,169,58,28,30,0.14392059553349876,resolved
c0_L128_rep006.npz,0.5,3458,native,-1,1.0,0.5,0.5,2.272412659782427,2.268796184071627,2.276029135493227,True,7.727413526071244,7.6268958543983825,7.832278481012659,1937,989,948,221,93,128,0.10240963855421686,resolved
c0_L128_rep006.npz,0.5,3458,majority,-1,1.0,0.5,0.5001220703125,2.435850955325675,2.434944896894534,2.4367570137568153,True,9.194530764449969,9.102689486552567,9.289506953223768,1609,818,791,219,94,125,0.11980306345733041,resolved
c0_L128_rep006.npz,0.5,3458,matched,110,4.0,0.5,0.5,2.6817862988075754,2.7252747252747254,2.6382978723404253,True,10.381231671554252,10.467065868263473,10.298850574712644,341,167,174,58,30,28,0.14536340852130325,resolved
c0_L128_rep006.npz,0.5,3458,matched,211,4.0,0.5,0.5,2.6893146820265663,2.740331491712707,2.6382978723404253,True,10.395280235988201,10.53012048192771,10.265895953757225,339,166,173,60,30,30,0.15037593984962405,resolved
c0_L128_rep006.npz,0.5,3458,matched,312,4.0,0.5,0.5,2.6796150481189853,2.7555555555555555,2.6036745406824147,True,10.357771260997067,10.618181818181819,10.113636363636363,341,165,176,59,30,29,0.1475,resolved
c0_L128_rep006.npz,0.5,3458,matched,413,4.0,0.5,0.5,2.6754289037510905,2.7403314917127073,2.610526315789474,True,10.374269005847953,10.53012048192771,10.227272727272727,342,166,176,58,30,28,0.145,resolved
c0_L128_rep006.npz,0.5,3458,matched,514,4.0,0.5,0.5,2.708141527001862,2.770949720670391,2.6453333333333333,True,10.468842729970326,10.682926829268293,10.265895953757225,337,164,173,59,30,29,0.14898989898989898,resolved
c0_L128_rep006.npz,0.5,3920,native,-1,1.0,0.5,0.5,2.359316078501152,2.351333785625103,2.3672983713772013,True,7.79039070749736,7.72,7.861228813559322,1894,950,944,232,111,121,0.10912511759172154,resolved
c0_L128_rep006.npz,0.5,3920,majority,-1,1.0,0.5,0.49981689453125,2.507203643364501,2.500041261942722,2.51436602478628,True,9.350257069408741,9.218551461245236,9.485045513654097,1556,787,769,228,109,119,0.12780269058295965,resolved
c0_L128_rep006.npz,0.5,3920,matched,110,4.0,0.5,0.5,2.7983130420943745,2.80225988700565,2.794366197183099,True,10.797546012269938,10.723926380368098,10.871165644171779,326,163,163,57,28,29,0.14882506527415143,resolved
c0_L128_rep006.npz,0.5,3920,matched,211,4.0,0.5,0.5,2.798357577107935,2.786516853932584,2.810198300283286,True,10.785276073619633,10.658536585365853,10.91358024691358,326,164,162,57,28,29,0.14882506527415143,resolved
c0_L128_rep006.npz,0.5,3920,matched,312,4.0,0.5,0.5,2.7789077212806026,2.80225988700565,2.7555555555555555,True,10.71951219512195,10.723926380368098,10.715151515151515,328,163,165,58,28,30,0.15025906735751296,resolved
c0_L128_rep006.npz,0.5,3920,matched,413,4.0,0.5,0.5,2.7983130420943745,2.80225988700565,2.794366197183099,True,10.830769230769231,10.716049382716049,10.94478527607362,325,162,163,59,30,29,0.15364583333333334,resolved
c0_L128_rep006.npz,0.5,3920,matched,514,4.0,0.5,0.5,2.760034053091866,2.717808219178082,2.80225988700565,True,10.618181818181819,10.357142857142858,10.88888888888889,330,168,162,59,29,30,0.15167095115681234,resolved
c0_L128_rep006.npz,0.5,4443,native,-1,1.0,0.5,0.5,2.4146310001418296,2.441191736738295,2.388070263545364,True,8.119021134593993,8.088664421997755,8.148842337375966,1798,891,907,229,119,110,0.11297483966452886,resolved
c0_L128_rep006.npz,0.5,4443,majority,-1,1.0,0.5,0.49871826171875,2.5277898169930673,2.5592265057242987,2.496353128261836,True,9.307096774193548,9.338138925294889,9.27700127064803,1550,763,787,229,120,109,0.12872400224845418,resolved
c0_L128_rep006.npz,0.5,4443,matched,110,4.0,0.5,0.5,2.779256654947263,2.818181818181818,2.7403314917127073,True,10.678899082568808,10.683229813664596,10.674698795180722,327,161,166,60,30,30,0.15503875968992248,resolved
c0_L128_rep006.npz,0.5,4443,matched,211,4.0,0.5,0.5,2.7916785408948415,2.850574712643678,2.732782369146005,True,10.65846153846154,10.666666666666666,10.650602409638553,325,159,166,61,30,31,0.15803108808290156,resolved
c0_L128_rep006.npz,0.5,4443,matched,312,4.0,0.5,0.5,2.795785997253118,2.8587896253602305,2.732782369146005,True,10.790123456790123,10.91139240506329,10.674698795180722,324,158,166,62,31,31,0.16062176165803108,resolved
c0_L128_rep006.npz,0.5,4443,matched,413,4.0,0.5,0.5,2.814869673015311,2.8587896253602305,2.770949720670391,True,10.724458204334365,10.784810126582279,10.666666666666666,323,158,165,59,31,28,0.1544502617801047,resolved
c0_L128_rep006.npz,0.5,4443,matched,514,4.0,0.5,0.5,2.7954531021781923,2.850574712643678,2.7403314917127073,True,10.687116564417177,10.767295597484276,10.610778443113773,326,159,167,58,30,28,0.15104166666666666,resolved
c0_L128_rep006.npz,0.5,5037,native,-1,1.0,0.5,0.5,2.5038544245701235,2.474669306217943,2.533039542922304,True,8.304545454545455,8.175280898876405,8.436781609195402,1760,890,870,226,119,107,0.11379657603222558,resolved
c0_L128_rep006.npz,0.5,5037,majority,-1,1.0,0.5,0.49908447265625,2.6416805642311454,2.6160698028327065,2.667291325629584,True,9.77807848443843,9.585333333333333,9.976648351648352,1478,750,728,221,117,104,0.13007651559741024,resolved
c0_L128_rep006.npz,0.5,5037,matched,110,4.0,0.5,0.5,2.8158216839528443,2.883720930232558,2.74792243767313,True,10.904615384615385,11.018867924528301,10.795180722891565,325,159,166,55,26,29,0.14473684210526316,resolved
c0_L128_rep006.npz,0.5,5037,matched,211,4.0,0.5,0.5,2.8078469052766435,2.8753623188405797,2.7403314917127073,True,10.695384615384615,10.79245283018868,10.602409638554217,325,159,166,57,27,30,0.14921465968586387,resolved
c0_L128_rep006.npz,0.5,5037,matched,312,4.0,0.5,0.5,2.84002031488065,2.909090909090909,2.770949720670391,True,10.903426791277258,10.904458598726114,10.902439024390244,321,157,164,57,27,30,0.15079365079365079,resolved
c0_L128_rep006.npz,0.5,5037,matched,413,4.0,0.5,0.5,2.8414168401383404,2.9349112426035506,2.74792243767313,True,10.8375,11.090909090909092,10.602409638554217,320,154,166,59,30,29,0.15567282321899736,resolved
c0_L128_rep006.npz,0.5,5037,matched,514,4.0,0.5,0.5,2.8361610534312485,2.909090909090909,2.7632311977715873,True,10.766355140186915,10.871794871794872,10.666666666666666,321,156,165,58,29,29,0.15303430079155672,resolved
c0_L128_rep006.npz,0.5,5709,native,-1,1.0,0.5,0.5,2.5790263809499168,2.5817200297840652,2.5763327321157683,True,8.369142857142856,8.252262443438914,8.488452655889146,1750,884,866,224,120,104,0.11347517730496454,resolved
c0_L128_rep006.npz,0.5,5709,majority,-1,1.0,0.5,0.4998779296875,2.732972498276668,2.7477740990143635,2.718170897538973,True,10.182394366197183,10.114730878186968,10.249299719887954,1420,706,714,221,120,101,0.13467397928092625,resolved
c0_L128_rep006.npz,0.5,5709,matched,110,4.0,0.5,0.5,2.926482873851295,2.952380952380952,2.9005847953216377,True,11.07395498392283,11.148387096774194,11.0,311,155,156,56,26,30,0.15258855585831063,resolved
c0_L128_rep006.npz,0.5,5709,matched,211,4.0,0.5,0.5,2.889687924016282,2.961194029850746,2.818181818181818,True,10.857142857142858,10.935064935064934,10.782608695652174,315,154,161,57,27,30,0.1532258064516129,resolved
c0_L128_rep006.npz,0.5,5709,matched,312,4.0,0.5,0.5,2.906632346632347,2.978978978978979,2.8342857142857145,True,10.955414012738853,11.090909090909092,10.825,314,154,160,55,25,30,0.14905149051490515,resolved
c0_L128_rep006.npz,0.5,5709,matched,413,4.0,0.5,0.5,2.88002696780718,2.9176470588235293,2.842406876790831,True,10.924050632911392,11.0,10.85,316,156,160,57,28,29,0.15281501340482573,resolved
c0_L128_rep006.npz,0.5,5709,matched,514,4.0,0.5,0.5,2.8812896263321193,2.952380952380952,2.810198300283286,True,10.876971608832807,11.019354838709678,10.74074074074074,317,155,162,55,26,29,0.1478494623655914,resolved
c0_L128_rep006.npz,0.5,6472,native,-1,1.0,0.5,0.5,2.650102289462782,2.667813753636139,2.6323908252894253,True,8.67901972504483,8.800970873786408,8.560659599528858,1673,824,849,228,117,111,0.11993687532877433,resolved
c0_L128_rep006.npz,0.5,6472,majority,-1,1.0,0.5,0.50115966796875,2.7900126238626806,2.8024689459589043,2.777556301766457,True,10.261461318051577,10.17191977077364,10.351002865329512,1396,698,698,225,116,109,0.13880320789636028,resolved
c0_L128_rep006.npz,0.5,6472,matched,110,4.0,0.5,0.5,3.011794191360755,3.0712074303405577,2.952380952380952,True,11.226666666666667,11.378378378378379,11.078947368421053,300,148,152,59,27,32,0.16434540389972144,resolved
c0_L128_rep006.npz,0.5,6472,matched,211,4.0,0.5,0.5,2.9979639351746177,3.0523076923076924,2.943620178041543,True,11.056478405315614,11.248322147651006,10.868421052631579,301,149,152,60,27,33,0.16620498614958448,resolved
c0_L128_rep006.npz,0.5,6472,matched,312,4.0,0.5,0.5,3.012182759828225,3.080745341614907,2.943620178041543,True,11.2,11.432432432432432,10.973684210526315,300,148,152,59,26,33,0.16434540389972144,resolved
c0_L128_rep006.npz,0.5,6472,matched,413,4.0,0.5,0.5,2.9936094674556215,3.0523076923076924,2.9349112426035506,True,11.109634551495017,11.27027027027027,10.954248366013072,301,148,153,61,29,32,0.1685082872928177,resolved
c0_L128_rep006.npz,0.5,6472,matched,514,4.0,0.5,0.5,3.0142938822184107,3.119496855345912,2.909090909090909,True,11.143812709030101,11.475862068965517,10.831168831168831,299,145,154,61,28,33,0.16944444444444445,resolved
c0_L128_rep006.npz,0.5,7336,native,-1,1.0,0.5,0.5,2.7750646634143177,2.8732704487998477,2.676858878028788,True,8.893590541381457,8.92964824120603,8.858199753390876,1607,796,811,248,119,129,0.13369272237196766,resolved
c0_L128_rep006.npz,0.5,7336,majority,-1,1.0,0.5,0.49969482421875,2.9042712767810865,3.0145317900907727,2.794010763471401,True,10.606471030850264,10.88062015503876,10.347953216374268,1329,645,684,243,118,125,0.15458015267175573,resolved
c0_L128_rep006.npz,0.5,7336,matched,110,4.0,0.5,0.5,3.102419984387197,3.252459016393442,2.952380952380952,True,11.463917525773196,12.0,10.973684210526315,291,139,152,59,27,32,0.16857142857142857,resolved
c0_L128_rep006.npz,0.5,7336,matched,211,4.0,0.5,0.5,3.107878787878788,3.3066666666666666,2.909090909090909,True,11.450171821305842,12.175182481751825,10.805194805194805,291,137,154,59,26,33,0.16857142857142857,resolved
c0_L128_rep006.npz,0.5,7336,matched,312,4.0,0.5,0.5,3.11756071129501,3.273927392739274,2.961194029850746,True,11.475862068965517,12.057971014492754,10.947368421052632,290,138,152,58,27,31,0.16666666666666666,resolved
c0_L128_rep006.npz,0.5,7336,matched,413,4.0,0.5,0.5,3.0990345686701963,3.263157894736842,2.9349112426035506,True,11.450171821305842,12.144927536231885,10.823529411764707,291,138,153,60,28,32,0.17094017094017094,resolved
c0_L128_rep006.npz,0.5,7336,matched,514,4.0,0.5,0.5,3.1066640609732263,3.2956810631229234,2.9176470588235293,True,11.450171821305842,12.145985401459853,10.831168831168831,291,137,154,59,27,32,0.16857142857142857,resolved
c0_L128_rep006.npz,0.5,8316,native,-1,1.0,0.5,0.5,2.8605717129555837,2.9937338817962873,2.7274095441148805,True,9.104113110539846,9.113874345549739,9.094696969696969,1556,764,792,255,128,127,0.14080618442849255,resolved
c0_L128_rep006.npz,0.5,8316,majority,-1,1.0,0.5,0.5006103515625,3.001342645203644,3.153471800455001,2.849213489952287,True,10.869260700389106,11.15609756097561,10.605970149253732,1285,615,670,253,128,125,0.1644993498049415,resolved
c0_L128_rep006.npz,0.5,8316,matched,110,4.0,0.5,0.5,3.277343070770301,3.4929577464788735,3.0617283950617287,True,12.044117647058824,12.78125,11.38888888888889,272,128,144,64,28,36,0.19047619047619047,resolved
c0_L128_rep006.npz,0.5,8316,matched,211,4.0,0.5,0.5,3.2903508771929824,3.480701754385964,3.1,True,12.133333333333333,12.8125,11.52112676056338,270,128,142,65,29,36,0.19402985074626866,resolved
c0_L128_rep006.npz,0.5,8316,matched,312,4.0,0.5,0.5,3.277343070770301,3.4929577464788735,3.0617283950617287,True,12.014705882352942,12.75,11.36111111111111,272,128,144,64,28,36,0.19047619047619047,resolved
c0_L128_rep006.npz,0.5,8316,matched,413,4.0,0.5,0.5,3.283623693379791,3.542857142857143,3.0243902439024386,True,12.029411764705882,13.015873015873016,11.178082191780822,272,126,146,64,28,36,0.19047619047619047,resolved
c0_L128_rep006.npz,0.5,8316,matched,514,4.0,0.5,0.5,3.277343070770301,3.492957746478873,3.0617283950617287,True,12.044117647058824,12.8125,11.36111111111111,272,128,144,64,28,36,0.19047619047619047,resolved
c0_L128_rep006.npz,0.5,9427,native,-1,1.0,0.5,0.5,2.9200748945494657,3.060517325524646,2.7796324635742855,True,9.019935691318327,9.251322751322752,8.801001251564456,1555,756,799,278,141,137,0.15166393889798144,resolved
c0_L128_rep006.npz,0.5,9427,majority,-1,1.0,0.5,0.49957275390625,3.091302366216986,3.245447531977118,2.937157200456854,True,11.104754230459307,11.423076923076923,10.808709175738725,1241,598,643,274,139,135,0.18085808580858087,resolved
c0_L128_rep006.npz,0.5,9427,matched,110,4.0,0.5,0.5,3.2908661503817216,3.4325259515570936,3.1492063492063496,True,12.1635687732342,12.55813953488372,11.8,269,129,140,66,31,35,0.19701492537313434,resolved
c0_L128_rep006.npz,0.5,9427,matched,211,4.0,0.5,0.5,3.294468963397229,3.5177304964539005,3.0712074303405577,True,12.177777777777777,12.825396825396826,11.61111111111111,270,126,144,65,30,35,0.19402985074626866,resolved
c0_L128_rep006.npz,0.5,9427,matched,312,4.0,0.5,0.5,3.331176999101528,3.542857142857143,3.119496855345912,True,12.300751879699249,12.96,11.71631205673759,266,125,141,66,30,36,0.19879518072289157,resolved
c0_L128_rep006.npz,0.5,9427,matched,413,4.0,0.5,0.5,3.294468963397229,3.5177304964539005,3.0712074303405577,True,12.192592592592593,12.857142857142858,11.61111111111111,270,126,144,65,30,35,0.19402985074626866,resolved
c0_L128_rep006.npz,0.5,9427,matched,514,4.0,0.5,0.5,3.3375262054507338,3.5555555555555554,3.119496855345912,True,12.316981132075473,13.03225806451613,11.687943262411348,265,124,141,67,31,36,0.20180722891566266,resolved
c0_L128_rep006.npz,0.5,10686,native,-1,1.0,0.5,0.5,3.051725282635635,3.2600374831779786,2.8434130820932912,True,9.455351056578051,9.9375,9.01048492791612,1467,704,763,280,123,157,0.16027475672581568,resolved
c0_L128_rep006.npz,0.5,10686,majority,-1,1.0,0.5,0.5008544921875,3.1908449421744307,3.403247415086416,2.9784424692624456,True,11.428931875525652,11.873239436619718,11.022544283413849,1189,568,621,280,124,156,0.1906058543226685,resolved
c0_L128_rep006.npz,0.5,10686,matched,110,4.0,0.5,0.5,3.370231552806457,3.5812274368231045,3.159235668789809,True,12.564885496183207,13.333333333333334,11.884892086330936,262,123,139,67,31,36,0.20364741641337386,resolved
c0_L128_rep006.npz,0.5,10686,matched,211,4.0,0.5,0.5,3.4066572902015935,3.6740740740740736,3.1392405063291138,True,12.494208494208495,13.243697478991596,11.857142857142858,259,119,140,68,32,36,0.20795107033639143,resolved
c0_L128_rep006.npz,0.5,10686,matched,312,4.0,0.5,0.5,3.4066572902015935,3.6740740740740736,3.1392405063291138,True,12.586872586872587,13.512605042016807,11.8,259,119,140,68,32,36,0.20795107033639143,resolved
c0_L128_rep006.npz,0.5,10686,matched,413,4.0,0.5,0.5,3.399962567845779,3.620437956204379,3.1794871794871793,True,12.646153846153846,13.37704918032787,12.0,260,122,138,66,30,36,0.20245398773006135,resolved
c0_L128_rep006.npz,0.5,10686,matched,514,4.0,0.5,0.5,3.4174263302946786,3.7153558052434454,3.119496855345912,True,12.633204633204633,13.59322033898305,11.829787234042554,259,118,141,67,31,36,0.20552147239263804,resolved
c0_L128_rep006.npz,0.5,12113,native,-1,1.0,0.5,0.5,3.1111587001705985,3.2787466625548802,2.9435707377863167,True,9.71056338028169,9.902017291066283,9.52754820936639,1420,694,726,260,115,145,0.15476190476190477,resolved
c0_L128_rep006.npz,0.5,12113,majority,-1,1.0,0.5,0.500732421875,3.246980502743619,3.4161049376161245,3.0778560678711138,True,11.601529311809685,11.943859649122807,11.28006589785832,1177,570,607,257,115,142,0.1792189679218968,resolved
c0_L128_rep006.npz,0.5,12113,matched,110,4.0,0.5,0.5,3.4820877235971572,3.743396226415094,3.220779220779221,True,12.95686274509804,13.830508474576272,12.204379562043796,255,118,137,63,29,34,0.19811320754716982,resolved
c0_L128_rep006.npz,0.5,12113,matched,211,4.0,0.5,0.5,3.4576779026217226,3.7153558052434454,3.2,True,12.82490272373541,13.680672268907562,12.08695652173913,257,119,138,63,29,34,0.196875,resolved
c0_L128_rep006.npz,0.5,12113,matched,312,4.0,0.5,0.5,3.4438661710037177,3.687732342007435,3.2,True,12.775193798449612,13.566666666666666,12.08695652173913,258,120,138,63,29,34,0.19626168224299065,resolved
c0_L128_rep006.npz,0.5,12113,matched,413,4.0,0.5,0.5,3.4628558961492306,3.7153558052434454,3.210355987055016,True,12.85603112840467,13.680672268907562,12.144927536231885,257,119,138,62,29,33,0.19435736677115986,resolved
c0_L128_rep006.npz,0.5,12113,matched,514,4.0,0.5,0.5,3.4576779026217226,3.7153558052434454,3.2,True,12.84046692607004,13.680672268907562,12.115942028985508,257,119,138,63,29,34,0.196875,resolved
c0_L128_rep006.npz,0.5,13731,native,-1,1.0,0.5,0.5,3.2206081750356477,3.3931831390379816,3.0480332110333133,True,9.724982505248425,9.905308464849355,9.55327868852459,1429,697,732,234,109,125,0.1407095610342754,resolved
c0_L128_rep006.npz,0.5,13731,majority,-1,1.0,0.5,0.498779296875,3.3893183188229927,3.580455618536746,3.1981810191092395,True,11.86050566695728,12.192028985507246,11.552941176470588,1147,552,595,235,111,124,0.17004341534008682,resolved
c0_L128_rep006.npz,0.5,13731,matched,110,4.0,0.5,0.5,3.5552136226086066,3.701492537313433,3.4089347079037804,True,13.204819277108435,13.680672268907562,12.76923076923077,249,119,130,61,30,31,0.1967741935483871,resolved
c0_L128_rep006.npz,0.5,13731,matched,211,4.0,0.5,0.5,3.596276386521568,3.7718631178707223,3.4206896551724135,True,13.175510204081633,13.551724137931034,12.837209302325581,245,116,129,63,31,32,0.20454545454545456,resolved
c0_L128_rep006.npz,0.5,13731,matched,312,4.0,0.5,0.5,3.569129008087228,3.729323308270676,3.4089347079037804,True,13.258064516129032,13.694915254237289,12.861538461538462,248,118,130,61,30,31,0.19741100323624594,resolved
c0_L128_rep006.npz,0.5,13731,matched,413,4.0,0.5,0.5,3.5716206432929987,3.757575757575758,3.385665529010239,True,13.274193548387096,13.811965811965813,12.793893129770993,248,117,131,61,30,31,0.19741100323624594,resolved
c0_L128_rep006.npz,0.5,13731,matched,514,4.0,0.5,0.5,3.5473737888832226,3.743396226415094,3.3513513513513513,True,13.136,13.728813559322035,12.606060606060606,250,118,132,61,29,32,0.19614147909967847,resolved
c0_L128_rep006.npz,0.5,15565,native,-1,1.0,0.5,0.5,3.405777517649631,3.703674889021097,3.107880146278165,True,10.11192392099488,10.430769230769231,9.822873082287309,1367,650,717,250,126,124,0.15460729746444032,resolved
c0_L128_rep006.npz,0.5,15565,majority,-1,1.0,0.5,0.50006103515625,3.5474542195254037,3.8589390730960673,3.23596936595474,True,12.495421245421245,13.128205128205128,11.947008547008547,1092,507,585,248,123,125,0.18507462686567164,resolved
c0_L128_rep006.npz,0.5,15565,matched,110,4.0,0.5,0.5,3.6215873015873017,3.9365079365079367,3.3066666666666666,True,13.376518218623481,14.357142857142858,12.562962962962963,247,112,135,58,28,30,0.1901639344262295,resolved
c0_L128_rep006.npz,0.5,15565,matched,211,4.0,0.5,0.5,3.6138076416337284,3.92094861660079,3.3066666666666666,True,13.34412955465587,14.285714285714286,12.562962962962963,247,112,135,59,29,30,0.19281045751633988,resolved
c0_L128_rep006.npz,0.5,15565,matched,312,4.0,0.5,0.5,3.6373333333333333,3.968,3.3066666666666666,True,13.34959349593496,14.306306306306306,12.562962962962963,246,111,135,58,28,30,0.19078947368421054,resolved
c0_L128_rep006.npz,0.5,15565,matched,413,4.0,0.5,0.5,3.6398084030474056,3.983935742971888,3.2956810631229234,True,13.387755102040817,14.436363636363636,12.533333333333333,245,110,135,60,29,31,0.19672131147540983,resolved
c0_L128_rep006.npz,0.5,15565,matched,514,4.0,0.5,0.5,3.636963696369637,3.9999999999999996,3.273927392739274,True,13.333333333333334,14.436363636363636,12.441176470588236,246,110,136,59,28,31,0.19344262295081968,resolved
c0_L128_rep006.npz,0.5,17644,native,-1,1.0,0.5,0.5,3.48413809707954,3.7889321131044005,3.17934408105468,True,10.199703043801039,10.767295597484276,9.691983122362869,1347,636,711,262,133,129,0.16283405842137974,resolved
c0_L128_rep006.npz,0.5,17644,majority,-1,1.0,0.5,0.50054931640625,3.6461469747157764,3.988890778496689,3.3034031709348635,True,12.700094607379375,13.582644628099173,11.954624781849914,1057,484,573,258,132,126,0.1961977186311787,resolved
c0_L128_rep006.npz,0.5,17644,matched,110,4.0,0.5,0.5,3.829604717316582,4.1906779661016955,3.4685314685314683,True,14.0,15.132075471698114,13.0625,234,106,128,57,27,30,0.1958762886597938,resolved
c0_L128_rep006.npz,0.5,17644,matched,211,4.0,0.5,0.5,3.8019460086273176,4.147446024223276,3.456445993031359,True,13.94915254237288,14.953271028037383,13.116279069767442,236,107,129,56,27,29,0.1917808219178082,resolved
c0_L128_rep006.npz,0.5,17644,matched,312,4.0,0.5,0.5,3.814885038683666,4.149068322981367,3.480701754385965,True,14.025531914893618,14.990654205607477,13.21875,235,107,128,56,27,29,0.19243986254295534,resolved
c0_L128_rep006.npz,0.5,17644,matched,413,4.0,0.5,0.5,3.810707240768429,4.128456735057984,3.4929577464788735,True,13.931623931623932,14.878504672897197,13.133858267716535,234,107,127,58,28,30,0.19863013698630136,resolved
c0_L128_rep006.npz,0.5,17644,matched,514,4.0,0.5,0.5,3.787485532030503,4.106439595529538,3.4685314685314683,True,13.88135593220339,14.88888888888889,13.03125,236,108,128,57,27,30,0.1945392491467577,resolved
c0_L128_rep006.npz,0.5,20000,native,-1,1.0,0.5,0.5,3.6114268944535137,3.9339724151423265,3.2888813737647014,True,10.54095826893354,10.882636655948554,10.224702380952381,1294,622,672,257,125,132,0.16569954867827208,resolved
c0_L128_rep006.npz,0.5,20000,majority,-1,1.0,0.5,0.49993896484375,3.75766646075913,4.103799133324677,3.4115337881935828,True,13.0009765625,13.768907563025211,12.333941605839415,1024,476,548,258,125,133,0.20124804992199688,resolved
c0_L128_rep006.npz,0.5,20000,matched,110,4.0,0.5,0.5,3.93437031374048,4.375782881002087,3.4929577464788735,True,14.273127753303966,15.68,13.165354330708661,227,100,127,60,30,30,0.20905923344947736,resolved
c0_L128_rep006.npz,0.5,20000,matched,211,4.0,0.5,0.5,3.91214670223775,4.367847411444141,3.456445993031359,True,14.228070175438596,15.64,13.125,228,100,128,61,30,31,0.21107266435986158,resolved
c0_L128_rep006.npz,0.5,20000,matched,312,4.0,0.5,0.5,4.001391247110918,4.509824747742963,3.4929577464788735,True,14.535714285714286,16.164948453608247,13.291338582677165,224,97,127,60,30,30,0.2112676056338028,resolved
c0_L128_rep006.npz,0.5,20000,matched,413,4.0,0.5,0.5,3.947544145340745,4.438642297650131,3.456445993031359,True,14.353982300884956,15.918367346938776,13.15625,226,98,128,62,31,31,0.2152777777777778,resolved
c0_L128_rep006.npz,0.5,20000,matched,514,4.0,0.5,0.5,3.9453499780741192,4.409998201762273,3.480701754385965,True,14.283185840707965,15.797979797979798,13.10236220472441,226,99,127,62,31,31,0.2152777777777778,resolved
c0_L128_rep007.npz,0.5,1119,native,-1,1.0,0.5,0.5,1.7557157272558912,1.7869659873657162,1.7244654671460662,True,6.352130325814536,6.436967632027257,6.270491803278689,2394,1174,1220,265,141,124,0.0996615268898082,resolved
c0_L128_rep007.npz,0.5,1119,majority,-1,1.0,0.5,0.49908447265625,1.9012997033015986,1.9377516292507178,1.8648477773524792,True,7.419911286347955,7.544904137235116,7.300578034682081,2029,991,1038,262,138,124,0.11436054124836316,resolved
c0_L128_rep007.npz,0.5,1119,matched,110,4.0,0.5,0.5,2.2120398544239603,2.234234234234234,2.1898454746136866,True,8.561904761904762,8.444444444444445,8.67605633802817,420,207,213,57,30,27,0.11949685534591195,resolved
c0_L128_rep007.npz,0.5,1119,matched,211,4.0,0.5,0.5,2.195216763359526,2.2292134831460673,2.1612200435729845,True,8.547169811320755,8.48076923076923,8.61111111111111,424,208,216,56,29,27,0.11666666666666667,resolved
c0_L128_rep007.npz,0.5,1119,matched,312,4.0,0.5,0.5,2.202022192876993,2.2093541202672604,2.1946902654867255,True,8.576832151300236,8.41904761904762,8.732394366197184,423,210,213,55,29,26,0.11506276150627615,resolved
c0_L128_rep007.npz,0.5,1119,matched,413,4.0,0.5,0.5,2.1713437268002966,2.2093541202672604,2.1333333333333333,True,8.522144522144522,8.457142857142857,8.584474885844749,429,210,219,56,29,27,0.1154639175257732,resolved
c0_L128_rep007.npz,0.5,1119,matched,514,4.0,0.5,0.5,2.185541595694604,2.2192393736017895,2.1518438177874186,True,8.497652582159624,8.47846889952153,8.516129032258064,426,209,217,56,29,27,0.11618257261410789,resolved
c0_L128_rep007.npz,0.5,1268,native,-1,1.0,0.5,0.5,1.824772379869845,1.8651287036507562,1.7844160560889337,True,6.549522154648132,6.6892252894033835,6.416454622561493,2302,1123,1179,266,137,129,0.10358255451713395,resolved
c0_L128_rep007.npz,0.5,1268,majority,-1,1.0,0.5,0.4990234375,1.9512945134824666,1.9870625189328064,1.9155265080321269,True,7.612493651599797,7.749740394600208,7.481113320079523,1969,963,1006,266,137,129,0.11901565995525727,resolved
c0_L128_rep007.npz,0.5,1268,matched,110,4.0,0.5,0.5,2.282498307379824,2.3507109004739335,2.2142857142857144,True,8.869135802469136,8.938775510204081,8.803827751196172,405,196,209,60,30,30,0.12903225806451613,resolved
c0_L128_rep007.npz,0.5,1268,matched,211,4.0,0.5,0.5,2.239836901121305,2.2752293577981653,2.2044444444444444,True,8.697336561743342,8.650246305418719,8.742857142857142,413,203,210,60,30,30,0.12684989429175475,resolved
c0_L128_rep007.npz,0.5,1268,matched,312,4.0,0.5,0.5,2.283087027914614,2.2857142857142856,2.2804597701149425,True,8.898765432098765,8.693069306930694,9.10344827586207,405,202,203,59,30,29,0.1271551724137931,resolved
c0_L128_rep007.npz,0.5,1268,matched,413,4.0,0.5,0.5,2.2424521072796937,2.2804597701149425,2.2044444444444444,True,8.689320388349515,8.669950738916256,8.708133971291867,412,203,209,61,29,32,0.12896405919661733,resolved
c0_L128_rep007.npz,0.5,1268,matched,514,4.0,0.5,0.5,2.2616643815696538,2.328638497652582,2.1946902654867255,True,8.78239608801956,8.88888888888889,8.682464454976303,409,198,211,60,30,30,0.1279317697228145,resolved
c0_L128_rep007.npz,0.5,1438,native,-1,1.0,0.5,0.5,1.8334787728993036,1.8586556590061545,1.808301886792453,True,6.512753999135322,6.5292066259808195,6.496569468267581,2313,1147,1166,263,129,134,0.10209627329192547,resolved
c0_L128_rep007.npz,0.5,1438,majority,-1,1.0,0.5,0.4990234375,1.9855599439014475,2.010274308705654,1.9608455790972412,True,7.690965092402464,7.75625,7.627530364372469,1948,960,988,262,129,133,0.11855203619909502,resolved
c0_L128_rep007.npz,0.5,1438,matched,110,4.0,0.5,0.5,2.320547195622435,2.334117647058824,2.3069767441860467,True,9.1183879093199,8.969696969696969,9.266331658291458,397,198,199,61,29,32,0.1331877729257642,resolved
c0_L128_rep007.npz,0.5,1438,matched,211,4.0,0.5,0.5,2.3178708884946095,2.301624129930395,2.334117647058824,True,9.047858942065492,8.72,9.380710659898478,397,200,197,62,31,31,0.13507625272331156,resolved
c0_L128_rep007.npz,0.5,1438,matched,312,4.0,0.5,0.5,2.3289593333737484,2.301624129930395,2.3562945368171024,True,9.144303797468355,8.84,9.456410256410257,395,200,195,62,31,31,0.13566739606126915,resolved
c0_L128_rep007.npz,0.5,1438,matched,413,4.0,0.5,0.5,2.285726420854238,2.290993071593533,2.2804597701149425,True,8.90547263681592,8.676616915422885,9.134328358208956,402,201,201,64,31,33,0.13733905579399142,resolved
c0_L128_rep007.npz,0.5,1438,matched,514,4.0,0.5,0.5,2.312467396974439,2.2962962962962963,2.328638497652582,True,9.085427135678392,8.835820895522389,9.34010152284264,398,201,197,62,30,32,0.13478260869565217,resolved
c0_L128_rep007.npz,0.5,1630,native,-1,1.0,0.5,0.5,1.9019685130428532,1.9307860652457145,1.873150960839992,True,6.745953237410072,6.7752502274795265,6.717333333333333,2224,1099,1125,266,131,135,0.10682730923694779,resolved
c0_L128_rep007.npz,0.5,1630,majority,-1,1.0,0.5,0.49908447265625,2.042053986116219,2.077413116175575,2.0066948560568627,True,7.8657824933687,7.859442060085837,7.871983210912907,1885,932,953,267,132,135,0.12407063197026022,resolved
c0_L128_rep007.npz,0.5,1630,matched,110,4.0,0.5,0.5,2.3484848484848486,2.3846153846153846,2.312354312354312,True,9.241730279898219,9.139896373056995,9.34,393,193,200,59,30,29,0.13053097345132744,resolved
c0_L128_rep007.npz,0.5,1630,matched,211,4.0,0.5,0.5,2.3313780723557027,2.328638497652582,2.334117647058824,True,9.103797468354431,8.848484848484848,9.360406091370558,395,198,197,61,30,31,0.1337719298245614,resolved
c0_L128_rep007.npz,0.5,1630,matched,312,4.0,0.5,0.5,2.345206091937963,2.3562945368171024,2.334117647058824,True,9.204081632653061,9.046153846153846,9.360406091370558,392,195,197,62,31,31,0.13656387665198239,resolved
c0_L128_rep007.npz,0.5,1630,matched,413,4.0,0.5,0.5,2.3262954165566994,2.2962962962962963,2.3562945368171024,True,9.131313131313131,8.796019900497512,9.476923076923077,396,201,195,61,30,31,0.13347921225382933,resolved
c0_L128_rep007.npz,0.5,1630,matched,514,4.0,0.5,0.5,2.310041205812188,2.339622641509434,2.2804597701149425,True,9.072681704260651,8.99492385786802,9.148514851485148,399,197,202,61,30,31,0.13260869565217392,resolved
c0_L128_rep007.npz,0.5,1848,native,-1,1.0,0.5,0.5,1.9439163170121248,1.9649074329925393,1.92292520103171,True,6.869744058500914,6.826923076923077,6.912408759124087,2188,1092,1096,268,134,134,0.10912052117263844,resolved
c0_L128_rep007.npz,0.5,1848,majority,-1,1.0,0.5,0.49920654296875,2.1029052346069808,2.1272673224674876,2.0785431467464743,True,8.113710554951034,8.124724061810154,8.103004291845494,1838,906,932,264,134,130,0.12559467174119887,resolved
c0_L128_rep007.npz,0.5,1848,matched,110,4.0,0.5,0.5,2.3183771534660225,2.3562945368171024,2.2804597701149425,True,8.937027707808564,8.841025641025642,9.029702970297029,397,195,202,62,31,31,0.13507625272331156,resolved
c0_L128_rep007.npz,0.5,1848,matched,211,4.0,0.5,0.5,2.3150808779478242,2.323185011709602,2.3069767441860467,True,8.926952141057935,8.747474747474747,9.105527638190955,397,198,199,63,31,32,0.13695652173913042,resolved
c0_L128_rep007.npz,0.5,1848,matched,312,4.0,0.5,0.5,2.3150808779478242,2.323185011709602,2.3069767441860467,True,8.977329974811083,8.787878787878787,9.165829145728644,397,198,199,63,31,32,0.13695652173913042,resolved
c0_L128_rep007.npz,0.5,1848,matched,413,4.0,0.5,0.5,2.283328918790062,2.2596810933940774,2.3069767441860467,True,8.823821339950372,8.529411764705882,9.125628140703517,403,204,199,63,31,32,0.1351931330472103,resolved
c0_L128_rep007.npz,0.5,1848,matched,514,4.0,0.5,0.5,2.285908463417224,2.3069767441860467,2.2648401826484017,True,8.805970149253731,8.623115577889447,8.985221674876847,402,199,203,64,32,32,0.13733905579399142,resolved
c0_L128_rep007.npz,0.5,2094,native,-1,1.0,0.5,0.5,1.9957212558252646,2.011060046946646,1.9803824647038832,True,6.90129749768304,6.821661998132586,6.979760809567617,2158,1071,1087,268,141,127,0.11046990931574609,resolved
c0_L128_rep007.npz,0.5,2094,majority,-1,1.0,0.5,0.50018310546875,2.156800268480529,2.184761557863165,2.1288389790978925,True,8.240782122905028,8.185227272727273,8.294505494505495,1790,880,910,265,141,124,0.12895377128953772,resolved
c0_L128_rep007.npz,0.5,2094,matched,110,4.0,0.5,0.5,2.3675957096555535,2.3788968824940047,2.3562945368171024,True,9.061855670103093,8.907216494845361,9.216494845360824,388,194,194,62,29,33,0.13777777777777778,resolved
c0_L128_rep007.npz,0.5,2094,matched,211,4.0,0.5,0.5,2.390486365959028,2.407766990291262,2.373205741626794,True,9.159268929503916,9.026178010471204,9.291666666666666,383,191,192,64,30,34,0.14317673378076062,resolved
c0_L128_rep007.npz,0.5,2094,matched,312,4.0,0.5,0.5,2.3825252571850344,2.4254278728606353,2.339622641509434,True,9.166666666666666,9.142857142857142,9.189743589743589,384,189,195,65,31,34,0.1447661469933185,resolved
c0_L128_rep007.npz,0.5,2094,matched,413,4.0,0.5,0.5,2.3880693866672846,2.4254278728606353,2.3507109004739335,True,9.145833333333334,9.031578947368422,9.257731958762887,384,190,194,63,29,34,0.14093959731543623,resolved
c0_L128_rep007.npz,0.5,2094,matched,514,4.0,0.5,0.5,2.399316807243715,2.4254278728606358,2.373205741626794,True,9.157894736842104,9.063829787234043,9.25,380,188,192,67,33,34,0.14988814317673377,resolved
c0_L128_rep007.npz,0.5,2374,native,-1,1.0,0.5,0.5,2.0251623336889284,2.067350194857845,1.9829744725200116,True,7.0704158790170135,7.0343183984747375,7.105904404873477,2116,1049,1067,261,135,126,0.10980227177114009,resolved
c0_L128_rep007.npz,0.5,2374,majority,-1,1.0,0.5,0.4986572265625,2.189491971351897,2.245676804329893,2.1333071383739006,True,8.35070821529745,8.419767441860465,8.285082872928177,1765,860,905,263,136,127,0.1296844181459566,resolved
c0_L128_rep007.npz,0.5,2374,matched,110,4.0,0.5,0.5,2.4403776325344957,2.449382716049383,2.431372549019608,True,9.397333333333334,9.13978494623656,9.65079365079365,375,186,189,63,33,30,0.14383561643835616,resolved
c0_L128_rep007.npz,0.5,2374,matched,211,4.0,0.5,0.5,2.434447455585667,2.449382716049383,2.419512195121951,True,9.382978723404255,9.182795698924732,9.578947368421053,376,186,190,63,33,30,0.14350797266514806,resolved
c0_L128_rep007.npz,0.5,2374,matched,312,4.0,0.5,0.5,2.44336457669791,2.449382716049383,2.4373464373464375,True,9.411764705882353,9.182795698924732,9.638297872340425,374,186,188,64,33,31,0.1461187214611872,resolved
c0_L128_rep007.npz,0.5,2374,matched,413,4.0,0.5,0.5,2.44944244944245,2.4615384615384617,2.4373464373464375,True,9.383378016085791,9.18918918918919,9.574468085106384,373,185,188,64,33,31,0.14645308924485126,resolved
c0_L128_rep007.npz,0.5,2374,matched,514,4.0,0.5,0.5,2.4378762536757383,2.4738154613466334,2.401937046004843,True,9.393617021276595,9.282608695652174,9.5,376,184,192,62,33,29,0.1415525114155251,resolved
c0_L128_rep007.npz,0.5,2691,native,-1,1.0,0.5,0.5,2.112908002094429,2.1157825329293374,2.110033471259521,True,7.304347826086956,7.24251497005988,7.364970645792564,2024,1002,1022,273,144,129,0.11885067479320853,resolved
c0_L128_rep007.npz,0.5,2691,majority,-1,1.0,0.5,0.50079345703125,2.2584834905693496,2.268930156716312,2.2480368244223876,True,8.59988249118684,8.475739644970414,8.722287047841307,1702,845,857,273,142,131,0.13822784810126582,resolved
c0_L128_rep007.npz,0.5,2691,matched,110,4.0,0.5,0.5,2.5218818239375658,2.5699481865284977,2.4738154613466334,True,9.68131868131868,9.573033707865168,9.78494623655914,364,178,186,59,30,29,0.13947990543735225,resolved
c0_L128_rep007.npz,0.5,2691,matched,211,4.0,0.5,0.5,2.553922413221826,2.5900783289817233,2.517766497461929,True,9.682451253481894,9.514124293785311,9.846153846153847,359,177,182,59,29,30,0.14114832535885166,resolved
c0_L128_rep007.npz,0.5,2691,matched,312,4.0,0.5,0.5,2.5063451047947174,2.5633074935400515,2.449382716049383,True,9.530054644808743,9.385474860335195,9.668449197860962,366,179,187,60,29,31,0.14084507042253522,resolved
c0_L128_rep007.npz,0.5,2691,matched,413,4.0,0.5,0.5,2.5503982023065994,2.5766233766233766,2.524173027989822,True,9.597765363128492,9.348314606741573,9.844444444444445,358,178,180,62,29,33,0.14761904761904762,resolved
c0_L128_rep007.npz,0.5,2691,matched,514,4.0,0.5,0.5,2.512181361235062,2.5567010309278353,2.4676616915422884,True,9.604395604395604,9.497206703910615,9.708108108108108,364,179,185,62,30,32,0.14553990610328638,resolved
c0_L128_rep007.npz,0.5,3051,native,-1,1.0,0.5,0.5,2.1452980907702512,2.1860811313732786,2.1045150501672243,True,7.382513661202186,7.424089068825911,7.342439024390244,2013,988,1025,262,136,126,0.11516483516483517,resolved
c0_L128_rep007.npz,0.5,3051,majority,-1,1.0,0.5,0.499267578125,2.2916746268462136,2.3268803876634654,2.2564688660289614,True,8.701360141927854,8.762304921968788,8.642191142191143,1691,833,858,264,135,129,0.1350383631713555,resolved
c0_L128_rep007.npz,0.5,3051,matched,110,4.0,0.5,0.5,2.5019910181545235,2.517766497461929,2.4862155388471177,True,9.687671232876712,9.704918032786885,9.67032967032967,365,183,182,63,28,35,0.14719626168224298,resolved
c0_L128_rep007.npz,0.5,3051,matched,211,4.0,0.5,0.5,2.5209697627258754,2.517766497461929,2.524173027989822,True,9.785123966942148,9.76086956521739,9.810055865921788,363,184,179,61,26,35,0.14386792452830188,resolved
c0_L128_rep007.npz,0.5,3051,matched,312,4.0,0.5,0.5,2.5050664796097313,2.4987405541561714,2.511392405063291,True,9.6,9.47027027027027,9.733333333333333,365,185,180,62,27,35,0.1451990632318501,resolved
c0_L128_rep007.npz,0.5,3051,matched,413,4.0,0.5,0.5,2.5018955296033383,2.4987405541561714,2.505050505050505,True,9.676712328767124,9.6,9.755555555555556,365,185,180,63,27,36,0.14719626168224298,resolved
c0_L128_rep007.npz,0.5,3051,matched,514,4.0,0.5,0.5,2.498756408304147,2.505050505050505,2.4924623115577886,True,9.6,9.521739130434783,9.679558011049723,365,184,181,64,28,36,0.14918414918414918,resolved
c0_L128_rep007.npz,0.5,3458,native,-1,1.0,0.5,0.5,2.205539187652334,2.212748853789563,2.198329521515105,True,7.537909836065574,7.4468302658486705,7.629363449691992,1952,978,974,260,140,120,0.11754068716094032,resolved
c0_L128_rep007.npz,0.5,3458,majority,-1,1.0,0.5,0.49932861328125,2.3482616964800718,2.3588572950572484,2.337666097902895,True,8.859574468085107,8.763125763125764,8.955205811138015,1645,819,826,262,142,120,0.1373885684320923,resolved
c0_L128_rep007.npz,0.5,3458,matched,110,4.0,0.5,0.5,2.5675903727415186,2.6174142480211082,2.517766497461929,True,9.803921568627452,9.816091954022989,9.792349726775956,357,174,183,59,31,28,0.14182692307692307,resolved
c0_L128_rep007.npz,0.5,3458,matched,211,4.0,0.5,0.5,2.5635813639793525,2.5900783289817233,2.5370843989769822,True,9.887640449438202,9.886363636363637,9.88888888888889,356,176,180,62,31,31,0.14832535885167464,resolved
c0_L128_rep007.npz,0.5,3458,matched,312,4.0,0.5,0.5,2.5850864572871144,2.6524064171122994,2.517766497461929,True,10.01129943502825,10.162790697674419,9.868131868131869,354,172,182,60,30,30,0.14492753623188406,resolved
c0_L128_rep007.npz,0.5,3458,matched,413,4.0,0.5,0.5,2.5836136733586548,2.610526315789474,2.5567010309278353,True,9.926345609065155,9.931034482758621,9.921787709497206,353,174,179,62,32,30,0.1493975903614458,resolved
c0_L128_rep007.npz,0.5,3458,matched,514,4.0,0.5,0.5,2.5777363813689163,2.6312997347480107,2.524173027989822,True,9.983098591549295,10.091954022988507,9.878453038674033,355,174,181,60,29,31,0.14457831325301204,resolved
c0_L128_rep007.npz,0.5,3920,native,-1,1.0,0.5,0.5,2.2725214956025814,2.3064933728845527,2.2385496183206106,True,7.732776617954071,7.692954784437434,7.772020725388601,1916,951,965,240,134,106,0.11131725417439703,resolved
c0_L128_rep007.npz,0.5,3920,majority,-1,1.0,0.5,0.49871826171875,2.4119486386514275,2.4643536310544434,2.359543646248412,True,9.074303405572756,9.201787994891443,8.954326923076923,1615,783,832,239,134,105,0.12891046386192018,resolved
c0_L128_rep007.npz,0.5,3920,matched,110,4.0,0.5,0.5,2.638372520725462,2.624338624338624,2.6524064171122994,True,10.034682080924856,9.92,10.152046783625732,346,175,171,60,28,32,0.1477832512315271,resolved
c0_L128_rep007.npz,0.5,3920,matched,211,4.0,0.5,0.5,2.670492753623188,2.6453333333333333,2.6956521739130435,True,10.192419825072886,10.0,10.390532544378699,343,174,169,57,27,30,0.1425,resolved
c0_L128_rep007.npz,0.5,3920,matched,312,4.0,0.5,0.5,2.6667437490966903,2.6524064171122994,2.6810810810810812,True,10.215743440233236,10.080924855491329,10.352941176470589,343,173,170,58,28,30,0.14463840399002495,resolved
c0_L128_rep007.npz,0.5,3920,matched,413,4.0,0.5,0.5,2.6775848000932507,2.6595174262734584,2.6956521739130435,True,10.217008797653959,10.080924855491329,10.357142857142858,341,173,168,59,27,32,0.1475,resolved
c0_L128_rep007.npz,0.5,3920,matched,514,4.0,0.5,0.5,2.6524064171122994,2.6524064171122994,2.6524064171122994,True,10.09855072463768,10.034682080924856,10.162790697674419,345,173,172,58,28,30,0.14392059553349876,resolved
c0_L128_rep007.npz,0.5,4443,native,-1,1.0,0.5,0.5,2.378359634699424,2.431426505911709,2.3252927634871385,True,8.107901907356949,8.181919642857142,8.03727369542066,1835,896,939,224,121,103,0.10879067508499271,resolved
c0_L128_rep007.npz,0.5,4443,majority,-1,1.0,0.5,0.4996337890625,2.503261870428108,2.5767896336994096,2.4297341071568064,True,9.451633568225496,9.649076517150396,9.265255292652553,1561,758,803,224,120,104,0.12549019607843137,resolved
c0_L128_rep007.npz,0.5,4443,matched,110,4.0,0.5,0.5,2.7409372236958442,2.850574712643678,2.6312997347480107,True,10.498498498498499,10.742138364779874,10.275862068965518,333,159,174,59,30,29,0.15051020408163265,resolved
c0_L128_rep007.npz,0.5,4443,matched,211,4.0,0.5,0.5,2.766322036399792,2.8587896253602305,2.673854447439353,True,10.618181818181819,10.784810126582279,10.465116279069768,330,158,172,58,31,27,0.14948453608247422,resolved
c0_L128_rep007.npz,0.5,4443,matched,312,4.0,0.5,0.5,2.7496314496314493,2.818181818181818,2.6810810810810812,True,10.614457831325302,10.683229813664596,10.549707602339181,332,161,171,58,30,28,0.14871794871794872,resolved
c0_L128_rep007.npz,0.5,4443,matched,413,4.0,0.5,0.5,2.7344632768361583,2.80225988700565,2.6666666666666665,True,10.58682634730539,10.666666666666666,10.511627906976743,334,162,172,58,30,28,0.14795918367346939,resolved
c0_L128_rep007.npz,0.5,4443,matched,514,4.0,0.5,0.5,2.747406646951565,2.842406876790831,2.6524064171122994,True,10.493975903614459,10.641509433962264,10.358381502890174,332,159,173,59,31,28,0.15089514066496162,resolved
c0_L128_rep007.npz,0.5,5037,native,-1,1.0,0.5,0.5,2.4460003592868444,2.5096548267946965,2.382345891778993,True,8.148558758314856,8.230330672748005,8.071197411003237,1804,877,927,240,132,108,0.11741682974559686,resolved
c0_L128_rep007.npz,0.5,5037,majority,-1,1.0,0.5,0.4984130859375,2.588789653065515,2.664637761155382,2.512941544975647,True,9.67378252168112,9.846685082872929,9.512258064516129,1499,724,775,238,131,107,0.13701784686240645,resolved
c0_L128_rep007.npz,0.5,5037,matched,110,4.0,0.5,0.5,2.7975627775438707,2.892128279883382,2.7029972752043596,True,10.617283950617283,10.76923076923077,10.476190476190476,324,156,168,62,31,31,0.16062176165803108,resolved
c0_L128_rep007.npz,0.5,5037,matched,211,4.0,0.5,0.5,2.810322167013944,2.9176470588235293,2.7029972752043596,True,10.621118012422361,10.857142857142858,10.404761904761905,322,154,168,63,32,31,0.16363636363636364,resolved
c0_L128_rep007.npz,0.5,5037,matched,312,4.0,0.5,0.5,2.8276891137926556,2.952380952380952,2.7029972752043596,True,10.575,10.81578947368421,10.357142857142858,320,152,168,63,32,31,0.16449086161879894,resolved
c0_L128_rep007.npz,0.5,5037,matched,413,4.0,0.5,0.5,2.808737312740448,2.943620178041543,2.673854447439353,True,10.575851393188854,10.823529411764707,10.352941176470589,323,153,170,62,31,31,0.16103896103896104,resolved
c0_L128_rep007.npz,0.5,5037,matched,514,4.0,0.5,0.5,2.808737312740448,2.943620178041543,2.673854447439353,True,10.625386996904025,10.928104575163399,10.352941176470589,323,153,170,62,31,31,0.16103896103896104,resolved
c0_L128_rep007.npz,0.5,5709,native,-1,1.0,0.5,0.5,2.4908167949809723,2.5245720596355605,2.457061530326384,True,8.299602046617396,8.281818181818181,8.31740614334471,1759,880,879,259,129,130,0.12834489593657086,resolved
c0_L128_rep007.npz,0.5,5709,majority,-1,1.0,0.5,0.49908447265625,2.6343328808842004,2.678798182638136,2.5898675791302646,True,9.885088919288645,9.958448753462603,9.813513513513513,1462,722,740,256,130,126,0.1490104772991851,resolved
c0_L128_rep007.npz,0.5,5709,matched,110,4.0,0.5,0.5,2.8906194329923145,2.978978978978979,2.80225988700565,True,11.092651757188499,11.368421052631579,10.832298136645962,313,152,161,61,29,32,0.16310160427807488,resolved
c0_L128_rep007.npz,0.5,5709,matched,211,4.0,0.5,0.5,2.880808080808081,3.0060606060606063,2.7555555555555555,True,11.034920634920635,11.47019867549669,10.634146341463415,315,151,164,60,28,32,0.16,resolved
c0_L128_rep007.npz,0.5,5709,matched,312,4.0,0.5,0.5,2.886159883622586,2.9700598802395213,2.80225988700565,True,11.13375796178344,11.50326797385621,10.782608695652174,314,153,161,60,28,32,0.16042780748663102,resolved
c0_L128_rep007.npz,0.5,5709,matched,413,4.0,0.5,0.5,2.8738554418916653,2.961194029850746,2.786516853932584,True,11.047619047619047,11.34640522875817,10.765432098765432,315,153,162,61,29,32,0.1622340425531915,resolved
c0_L128_rep007.npz,0.5,5709,matched,514,4.0,0.5,0.5,2.891747852948165,2.996978851963746,2.786516853932584,True,11.118210862619808,11.443708609271523,10.814814814814815,313,151,162,61,29,32,0.16310160427807488,resolved
c0_L128_rep007.npz,0.5,6472,native,-1,1.0,0.5,0.5,2.5642388132511966,2.6420615224793673,2.486416104023026,True,8.423319931074095,8.451276102088167,8.395904436860068,1741,862,879,235,118,117,0.11892712550607287,resolved
c0_L128_rep007.npz,0.5,6472,majority,-1,1.0,0.5,0.4993896484375,2.7148740503087474,2.8058911364469594,2.623856964170535,True,10.123344947735191,10.388489208633093,9.874324324324323,1435,695,740,235,119,116,0.1407185628742515,resolved
c0_L128_rep007.npz,0.5,6472,matched,110,4.0,0.5,0.5,2.8686551718382267,2.996978851963746,2.7403314917127073,True,11.031446540880504,11.5,10.602409638554217,318,152,166,57,27,30,0.152,resolved
c0_L128_rep007.npz,0.5,6472,matched,211,4.0,0.5,0.5,2.8833316459113765,2.9879518072289155,2.7787114845938374,True,11.012658227848101,11.320261437908497,10.723926380368098,316,153,163,57,26,31,0.15281501340482573,resolved
c0_L128_rep007.npz,0.5,6472,matched,312,4.0,0.5,0.5,2.880808080808081,3.0060606060606063,2.7555555555555555,True,11.151898734177216,11.68421052631579,10.658536585365853,316,152,164,58,26,32,0.15508021390374332,resolved
c0_L128_rep007.npz,0.5,6472,matched,413,4.0,0.5,0.5,2.9047818827860783,3.0151975683890577,2.794366197183099,True,11.194888178913738,11.57615894039735,10.839506172839506,313,151,162,58,27,31,0.15633423180592992,resolved
c0_L128_rep007.npz,0.5,6472,matched,514,4.0,0.5,0.5,2.8738554418916653,2.961194029850746,2.786516853932584,True,11.116719242902208,11.483870967741936,10.765432098765432,317,155,162,57,25,32,0.15240641711229946,resolved
c0_L128_rep007.npz,0.5,7336,native,-1,1.0,0.5,0.5,2.696902922451578,2.904360075494406,2.4894457694087495,True,8.710101613867304,9.256962025316456,8.22083805209513,1673,790,883,239,104,135,0.125,resolved
c0_L128_rep007.npz,0.5,7336,majority,-1,1.0,0.5,0.50048828125,2.847951658297532,3.0689089752794687,2.626994341315595,True,10.5453216374269,11.335949764521192,9.856361149110807,1368,637,731,239,105,134,0.14872433105164903,resolved
c0_L128_rep007.npz,0.5,7336,matched,110,4.0,0.5,0.5,3.038057889822596,3.241830065359477,2.8342857142857145,True,11.613333333333333,12.4,10.925,300,140,160,56,26,30,0.15730337078651685,resolved
c0_L128_rep007.npz,0.5,7336,matched,211,4.0,0.5,0.5,3.035642532926557,3.2847682119205297,2.786516853932584,True,11.588039867109634,12.55072463768116,10.773006134969325,301,138,163,56,26,30,0.1568627450980392,resolved
c0_L128_rep007.npz,0.5,7336,matched,312,4.0,0.5,0.5,3.035676966711449,3.220779220779221,2.850574712643678,True,11.613333333333333,12.312056737588652,10.9937106918239,300,141,159,56,26,30,0.15730337078651685,resolved
c0_L128_rep007.npz,0.5,7336,matched,413,4.0,0.5,0.5,3.0317398482571836,3.2847682119205297,2.7787114845938374,True,11.549668874172186,12.55072463768116,10.707317073170731,302,138,164,55,26,29,0.15406162464985995,resolved
c0_L128_rep007.npz,0.5,7336,matched,514,4.0,0.5,0.5,3.001129943502825,3.2,2.80225988700565,True,11.473684210526315,12.225352112676056,10.814814814814815,304,142,162,56,26,30,0.15555555555555556,resolved
c0_L128_rep007.npz,0.5,8316,native,-1,1.0,0.5,0.5,2.738100783993138,2.9271532517344463,2.54904831625183,True,8.719856028794242,9.072049689440993,8.390951276102088,1667,805,862,225,104,121,0.11892177589852009,resolved
c0_L128_rep007.npz,0.5,8316,majority,-1,1.0,0.5,0.50079345703125,2.90574139428454,3.1149532031860887,2.696529585382992,True,10.67357512953368,11.364779874213836,10.058741258741259,1351,636,715,223,102,121,0.14167725540025414,resolved
c0_L128_rep007.npz,0.5,8316,matched,110,4.0,0.5,0.5,3.085632968596758,3.3288590604026846,2.842406876790831,True,11.865319865319865,12.875912408759124,11.0,297,137,160,53,24,29,0.15142857142857144,resolved
c0_L128_rep007.npz,0.5,8316,matched,211,4.0,0.5,0.5,3.0695286803429855,3.3288590604026846,2.810198300283286,True,11.799331103678929,12.875912408759124,10.88888888888889,299,137,162,53,24,29,0.15056818181818182,resolved
c0_L128_rep007.npz,0.5,8316,matched,312,4.0,0.5,0.5,3.066438746438746,3.3066666666666666,2.826210826210826,True,11.799331103678929,12.782608695652174,10.956521739130435,299,138,161,53,24,29,0.15056818181818182,resolved
c0_L128_rep007.npz,0.5,8316,matched,413,4.0,0.5,0.5,3.0775349433067554,3.3288590604026846,2.826210826210826,True,11.825503355704697,12.875912408759124,10.93167701863354,298,137,161,53,24,29,0.150997150997151,resolved
c0_L128_rep007.npz,0.5,8316,matched,514,4.0,0.5,0.5,3.085632968596758,3.3288590604026846,2.842406876790831,True,11.865319865319865,12.875912408759124,11.0,297,137,160,53,24,29,0.15142857142857144,resolved
c0_L128_rep007.npz,0.5,9427,native,-1,1.0,0.5,0.5,2.8227181673879334,2.9918275571314297,2.653608777644437,True,9.031855090568396,9.369987063389392,8.716183574879228,1601,773,828,243,120,123,0.13177874186550975,resolved
c0_L128_rep007.npz,0.5,9427,majority,-1,1.0,0.5,0.50018310546875,2.9759499238970895,3.173714514200974,2.778185333593205,True,10.899770466717674,11.558966074313409,10.306686046511627,1307,619,688,240,118,122,0.15513897866839044,resolved
c0_L128_rep007.npz,0.5,9427,matched,110,4.0,0.5,0.5,3.220947892118356,3.480701754385965,2.961194029850746,True,12.157706093189963,13.259842519685039,11.236842105263158,279,127,152,62,31,31,0.18181818181818182,resolved
c0_L128_rep007.npz,0.5,9427,matched,211,4.0,0.5,0.5,3.217688777638715,3.5177304964539005,2.9176470588235293,True,12.199288256227758,13.428571428571429,11.2,281,126,155,60,30,30,0.17595307917888564,resolved
c0_L128_rep007.npz,0.5,9427,matched,312,4.0,0.5,0.5,3.1446942769279924,3.397260273972603,2.892128279883382,True,12.013986013986013,13.015384615384615,11.179487179487179,286,130,156,63,32,31,0.18051575931232092,resolved
c0_L128_rep007.npz,0.5,9427,matched,413,4.0,0.5,0.5,3.1967712709002556,3.4929577464788735,2.9005847953216377,True,12.127659574468085,13.32283464566929,11.148387096774194,282,127,155,62,30,32,0.18023255813953487,resolved
c0_L128_rep007.npz,0.5,9427,matched,514,4.0,0.5,0.5,3.184160032659727,3.4929577464788735,2.8753623188405797,True,12.070422535211268,13.448818897637794,10.955414012738853,284,127,157,61,30,31,0.17681159420289855,resolved
c0_L128_rep007.npz,0.5,10686,native,-1,1.0,0.5,0.5,2.95721283642408,3.117943548387097,2.796482124461063,True,9.47568988173456,9.689280868385346,9.27515923566879,1522,737,785,234,121,113,0.13325740318906606,resolved
c0_L128_rep007.npz,0.5,10686,majority,-1,1.0,0.5,0.499755859375,3.089073809375261,3.2766616609997734,2.9014859577507486,True,11.34952229299363,11.971283783783784,10.795180722891565,1256,592,664,237,124,113,0.15874079035498995,resolved
c0_L128_rep007.npz,0.5,10686,matched,110,4.0,0.5,0.5,3.2712107333369254,3.5812274368231045,2.961194029850746,True,12.44927536231884,13.528455284552846,11.581699346405228,276,123,153,60,31,29,0.17857142857142858,resolved
c0_L128_rep007.npz,0.5,10686,matched,211,4.0,0.5,0.5,3.273662151359993,3.5683453237410068,2.978978978978979,True,12.521739130434783,13.67741935483871,11.578947368421053,276,124,152,59,30,29,0.1761194029850746,resolved
c0_L128_rep007.npz,0.5,10686,matched,312,4.0,0.5,0.5,3.243895188346711,3.5177304964539005,2.9700598802395213,True,12.489208633093526,13.65079365079365,11.526315789473685,278,126,152,60,30,30,0.17751479289940827,resolved
c0_L128_rep007.npz,0.5,10686,matched,413,4.0,0.5,0.5,3.2801032079010417,3.5812274368231045,2.978978978978979,True,12.494545454545454,13.560975609756097,11.631578947368421,275,123,152,60,31,29,0.1791044776119403,resolved
c0_L128_rep007.npz,0.5,10686,matched,514,4.0,0.5,0.5,3.2762672037596507,3.5555555555555554,2.996978851963746,True,12.567272727272726,13.709677419354838,11.629139072847682,275,124,151,60,31,29,0.1791044776119403,resolved
c0_L128_rep007.npz,0.5,12113,native,-1,1.0,0.5,0.5,2.99251956054737,3.114680494514181,2.8703586265805585,True,9.627922511690047,9.849389416553596,9.413157894736843,1497,737,760,238,111,127,0.1371757925072046,resolved
c0_L128_rep007.npz,0.5,12113,majority,-1,1.0,0.5,0.4996337890625,3.147334886548265,3.3008949128169487,2.9937748602795815,True,11.633825944170772,12.201022146507666,11.106180665610143,1218,587,631,236,110,126,0.1623108665749656,resolved
c0_L128_rep007.npz,0.5,12113,matched,110,4.0,0.5,0.5,3.303885987430291,3.4685314685314683,3.1392405063291138,True,12.661764705882353,13.557251908396946,11.829787234042554,272,131,141,58,24,34,0.17575757575757575,resolved
c0_L128_rep007.npz,0.5,12113,matched,211,4.0,0.5,0.5,3.3151245551601427,3.530249110320285,3.1,True,12.752767527675276,13.875,11.748251748251748,271,128,143,59,25,34,0.1787878787878788,resolved
c0_L128_rep007.npz,0.5,12113,matched,312,4.0,0.5,0.5,3.2903508771929824,3.480701754385965,3.1,True,12.659340659340659,13.661538461538461,11.748251748251748,273,130,143,59,25,34,0.17771084337349397,resolved
c0_L128_rep007.npz,0.5,12113,matched,413,4.0,0.5,0.5,3.305019646909071,3.480701754385965,3.1293375394321763,True,12.693726937269373,13.63076923076923,11.829787234042554,271,130,141,60,25,35,0.18126888217522658,resolved
c0_L128_rep007.npz,0.5,12113,matched,514,4.0,0.5,0.5,3.3151245551601427,3.530249110320285,3.1,True,12.693726937269373,13.84375,11.664335664335665,271,128,143,59,25,34,0.1787878787878788,resolved
c0_L128_rep007.npz,0.5,13731,native,-1,1.0,0.5,0.5,3.032696180694153,3.2005164965124413,2.8648758648758648,True,9.561744966442953,9.895747599451303,9.241787122207622,1490,729,761,248,114,134,0.142692750287687,resolved
c0_L128_rep007.npz,0.5,13731,majority,-1,1.0,0.5,0.49969482421875,3.1705756948958594,3.3481091736155926,2.993042216176126,True,11.642739273927393,12.190800681431005,11.128,1212,587,625,251,116,135,0.17156527682843473,resolved
c0_L128_rep007.npz,0.5,13731,matched,110,4.0,0.5,0.5,3.333468422830125,3.5177304964539005,3.1492063492063496,True,12.773234200743495,13.5,12.113475177304965,269,128,141,59,26,33,0.1798780487804878,resolved
c0_L128_rep007.npz,0.5,13731,matched,211,4.0,0.5,0.5,3.32725335128162,3.5053003533568905,3.1492063492063496,True,12.743494423791821,13.4375,12.113475177304965,269,128,141,60,27,33,0.182370820668693,resolved
c0_L128_rep007.npz,0.5,13731,matched,312,4.0,0.5,0.5,3.3028261711188542,3.456445993031359,3.1492063492063496,True,12.546125461254613,13.23076923076923,11.914893617021276,271,130,141,60,27,33,0.18126888217522658,resolved
c0_L128_rep007.npz,0.5,13731,matched,413,4.0,0.5,0.5,3.3373147134196595,3.5053003533568905,3.169329073482428,True,12.761194029850746,13.375,12.2,268,128,140,60,27,33,0.18292682926829268,resolved
c0_L128_rep007.npz,0.5,13731,matched,514,4.0,0.5,0.5,3.292891766231768,3.456445993031359,3.1293375394321763,True,12.617647058823529,13.261538461538462,12.028169014084508,272,130,142,60,27,33,0.18072289156626506,resolved
c0_L128_rep007.npz,0.5,15565,native,-1,1.0,0.5,0.5,3.2080790832214907,3.436365451489992,2.97979271495299,True,10.064971751412429,10.492774566473988,9.6560773480663,1416,692,724,227,85,142,0.13816189896530737,resolved
c0_L128_rep007.npz,0.5,15565,majority,-1,1.0,0.5,0.49920654296875,3.335169621446061,3.5707658852593784,3.0995733576327433,True,12.096995708154507,12.676106194690265,11.551666666666666,1165,565,600,227,84,143,0.16307471264367815,resolved
c0_L128_rep007.npz,0.5,15565,matched,110,4.0,0.5,0.5,3.4926131458872858,3.743396226415094,3.241830065359477,True,13.395348837209303,14.347107438016529,12.554744525547445,258,121,137,55,23,32,0.1757188498402556,resolved
c0_L128_rep007.npz,0.5,15565,matched,211,4.0,0.5,0.5,3.4507462686567165,3.701492537313433,3.2,True,13.210727969348659,14.163934426229508,12.37410071942446,261,122,139,56,24,32,0.17665615141955837,resolved
c0_L128_rep007.npz,0.5,15565,matched,312,4.0,0.5,0.5,3.449758919961427,3.647058823529412,3.252459016393442,True,13.118773946360154,13.741935483870968,12.554744525547445,261,124,137,55,24,31,0.17405063291139242,resolved
c0_L128_rep007.npz,0.5,15565,matched,413,4.0,0.5,0.5,3.5015667380884556,3.7718631178707223,3.2312703583061886,True,13.29182879377432,14.252100840336135,12.46376811594203,257,119,138,56,25,31,0.17891373801916932,resolved
c0_L128_rep007.npz,0.5,15565,matched,514,4.0,0.5,0.5,3.4750512645249483,3.729323308270676,3.220779220779221,True,13.297297297297296,14.24793388429752,12.46376811594203,259,121,138,56,24,32,0.17777777777777778,resolved
c0_L128_rep007.npz,0.5,17644,native,-1,1.0,0.5,0.5,3.2976776115522166,3.5790061467300975,3.0163490763743357,True,10.262927895120175,10.851963746223564,9.714486638537272,1373,662,711,245,105,140,0.15142150803461063,resolved
c0_L128_rep007.npz,0.5,17644,majority,-1,1.0,0.5,0.5009765625,3.4108882077718023,3.6915841054384,3.130192310105205,True,12.28888888888889,13.083798882681565,11.562925170068027,1125,537,588,250,106,144,0.18181818181818182,resolved
c0_L128_rep007.npz,0.5,17644,matched,110,4.0,0.5,0.5,3.570863918690006,3.920948616600791,3.220779220779221,True,13.408,14.912280701754385,12.147058823529411,250,114,136,61,25,36,0.19614147909967847,resolved
c0_L128_rep007.npz,0.5,17644,matched,211,4.0,0.5,0.5,3.576632408227158,3.983935742971888,3.169329073482428,True,13.376,15.142857142857142,11.942028985507246,250,112,138,62,25,37,0.1987179487179487,resolved
c0_L128_rep007.npz,0.5,17644,matched,312,4.0,0.5,0.5,3.5891779935275077,3.968,3.210355987055016,True,13.290322580645162,14.714285714285714,12.117647058823529,248,112,136,63,26,37,0.20257234726688103,resolved
c0_L128_rep007.npz,0.5,17644,matched,413,4.0,0.5,0.5,3.5424994952554005,3.905511811023622,3.1794871794871793,True,13.079365079365079,14.456140350877194,11.942028985507246,252,114,138,62,26,36,0.19745222929936307,resolved
c0_L128_rep007.npz,0.5,17644,matched,514,4.0,0.5,0.5,3.6,4.0,3.2,True,13.274193548387096,14.81081081081081,12.02919708029197,248,111,137,62,26,36,0.2,resolved
c0_L128_rep007.npz,0.5,20000,native,-1,1.0,0.5,0.5,3.362638191895703,3.623115577889447,3.102160805901959,True,10.089530685920577,10.61037037037037,9.5943661971831,1385,675,710,243,94,149,0.14926289926289926,resolved
c0_L128_rep007.npz,0.5,20000,majority,-1,1.0,0.5,0.4996337890625,3.5148945134993923,3.7927618373985994,3.2370271896001848,True,12.434389140271493,13.240601503759398,11.68586387434555,1105,532,573,240,89,151,0.17843866171003717,resolved
c0_L128_rep007.npz,0.5,20000,matched,110,4.0,0.5,0.5,3.7261006692574608,4.043266630611141,3.4089347079037804,True,13.740585774058577,15.163636363636364,12.527131782945736,239,110,129,59,26,33,0.19798657718120805,resolved
c0_L128_rep007.npz,0.5,20000,matched,211,4.0,0.5,0.5,3.68846735395189,3.968,3.4089347079037804,True,13.609958506224066,14.857142857142858,12.527131782945736,241,112,129,59,26,33,0.19666666666666666,resolved
c0_L128_rep007.npz,0.5,20000,matched,312,4.0,0.5,0.5,3.6572232594637013,3.905511811023622,3.4089347079037804,True,13.497942386831276,14.596491228070175,12.527131782945736,243,114,129,59,26,33,0.19536423841059603,resolved
c0_L128_rep007.npz,0.5,20000,matched,413,4.0,0.5,0.5,3.735870005731374,4.062805303558967,3.4089347079037804,True,13.663865546218487,15.009174311926605,12.527131782945736,238,109,129,60,27,33,0.20134228187919462,resolved
c0_L128_rep007.npz,0.5,20000,matched,514,4.0,0.5,0.5,3.6805629714817707,3.9521912350597606,3.4089347079037804,True,13.477178423236515,14.571428571428571,12.527131782945736,241,112,129,60,27,33,0.19933554817275748,resolved
c1_L128_rep000.npz,0.15,1119,native,-1,1.0,0.1500244140625,0.1500244140625,1.4592273137413452,1.5042729595247613,1.4141816679579293,True,3.075679172056921,3.155263157894737,2.9987277353689565,1546,760,786,59,25,34,0.0367601246105919,resolved
c1_L128_rep000.npz,0.15,1119,majority,-1,1.0,0.1500244140625,0.1343994140625,1.6487323262662628,1.698521271507248,1.5989433810252773,True,3.685121107266436,3.8206039076376554,3.5564924114671164,1156,563,593,49,20,29,0.04066390041493776,resolved
c1_L128_rep000.npz,0.15,1119,matched,110,4.0,0.1500244140625,0.150390625,2.1288622395593464,2.117235051231075,2.1404894278876183,True,5.012875536480687,4.983050847457627,5.043478260869565,233,118,115,14,6,8,0.05668016194331984,resolved
c1_L128_rep000.npz,0.15,1119,matched,211,4.0,0.1500244140625,0.150390625,2.112470902374713,2.0996984961204883,2.125243308628937,True,4.9914529914529915,4.9411764705882355,5.043478260869565,234,119,115,15,6,9,0.060240963855421686,resolved
c1_L128_rep000.npz,0.15,1119,matched,312,4.0,0.1500244140625,0.150390625,2.130591777489764,2.0996984961204883,2.16148505885904,True,5.0344827586206895,4.9411764705882355,5.132743362831858,232,119,113,15,6,9,0.06072874493927125,resolved
c1_L128_rep000.npz,0.15,1119,matched,413,4.0,0.1500244140625,0.150390625,2.1037159516445367,2.117235051231075,2.0901968520579985,True,4.970212765957447,4.983050847457627,4.957264957264957,235,118,117,15,6,9,0.06,resolved
c1_L128_rep000.npz,0.15,1119,matched,514,4.0,0.1500244140625,0.150390625,2.121454739297259,2.0996984961204883,2.143210982474029,True,5.012875536480687,4.9411764705882355,5.087719298245614,233,119,114,15,6,9,0.06048387096774194,resolved
c1_L128_rep000.npz,0.15,1268,native,-1,1.0,0.1500244140625,0.1500244140625,1.4780661843258396,1.4980539614119777,1.4580784072397017,True,3.0948332243296273,3.1323722149410225,3.0574412532637076,1529,763,766,66,24,42,0.041379310344827586,resolved
c1_L128_rep000.npz,0.15,1268,majority,-1,1.0,0.1500244140625,0.1351318359375,1.686220598382361,1.7161496869930284,1.6562915097716937,True,3.765017667844523,3.842857142857143,3.6888111888111887,1132,560,572,55,20,35,0.04633529907329402,resolved
c1_L128_rep000.npz,0.15,1268,matched,110,4.0,0.1500244140625,0.150390625,2.1668756480938858,2.1932618683001532,2.1404894278876183,True,5.12280701754386,5.168141592920354,5.078260869565217,228,113,115,15,7,8,0.06172839506172839,resolved
c1_L128_rep000.npz,0.15,1268,matched,211,4.0,0.1500244140625,0.150390625,2.1560684422894507,2.171647456691283,2.1404894278876183,True,5.095652173913043,5.147826086956521,5.043478260869565,230,115,115,14,6,8,0.05737704918032787,resolved
c1_L128_rep000.npz,0.15,1268,matched,312,4.0,0.1500244140625,0.150390625,2.157469150146615,2.1744488724056112,2.1404894278876183,True,5.100436681222708,5.157894736842105,5.043478260869565,229,114,115,15,7,8,0.06147540983606557,resolved
c1_L128_rep000.npz,0.15,1268,matched,413,4.0,0.1500244140625,0.150390625,2.140599591139788,2.1559558736506395,2.125243308628937,True,5.078260869565217,5.113043478260869,5.043478260869565,230,115,115,16,7,9,0.06504065040650407,resolved
c1_L128_rep000.npz,0.15,1268,matched,514,4.0,0.1500244140625,0.150390625,2.17456436278383,2.190411799823222,2.158716925744437,True,5.140350877192983,5.192982456140351,5.087719298245614,228,114,114,14,6,8,0.05785123966942149,resolved
c1_L128_rep000.npz,0.15,1438,native,-1,1.0,0.1500244140625,0.1500244140625,1.5719004107204992,1.593849059954598,1.5499517614864005,True,3.284130284130284,3.3273231622746184,3.2409972299168976,1443,721,722,52,17,35,0.034782608695652174,resolved
c1_L128_rep000.npz,0.15,1438,majority,-1,1.0,0.1500244140625,0.136962890625,1.7429448654419117,1.7702747758655772,1.7156149550182462,True,3.911472448057814,3.9746376811594204,3.848648648648649,1107,552,555,41,14,27,0.03571428571428571,resolved
c1_L128_rep000.npz,0.15,1438,matched,110,4.0,0.1500244140625,0.150390625,2.199906049646354,2.271885892075328,2.12792620721738,True,5.165919282511211,5.3577981651376145,4.982456140350878,223,109,114,17,7,10,0.07083333333333333,resolved
c1_L128_rep000.npz,0.15,1438,matched,211,4.0,0.1500244140625,0.150390625,2.199906049646354,2.271885892075328,2.12792620721738,True,5.165919282511211,5.3577981651376145,4.982456140350878,223,109,114,17,7,10,0.07083333333333333,resolved
c1_L128_rep000.npz,0.15,1438,matched,312,4.0,0.1500244140625,0.150390625,2.199906049646354,2.271885892075328,2.12792620721738,True,5.147982062780269,5.3577981651376145,4.947368421052632,223,109,114,17,7,10,0.07083333333333333,resolved
c1_L128_rep000.npz,0.15,1438,matched,413,4.0,0.1500244140625,0.150390625,2.2101784277650447,2.2924306483127093,2.12792620721738,True,5.1891891891891895,5.407407407407407,4.982456140350878,222,108,114,17,7,10,0.07112970711297072,resolved
c1_L128_rep000.npz,0.15,1438,matched,514,4.0,0.1500244140625,0.150390625,2.1988227878086297,2.251706109030505,2.1459394665867544,True,5.147982062780269,5.3090909090909095,4.991150442477876,223,110,113,17,7,10,0.07083333333333333,resolved
c1_L128_rep000.npz,0.15,1630,native,-1,1.0,0.1500244140625,0.1500244140625,1.5664038380137186,1.5843044465587117,1.5485032294687255,True,3.254109589041096,3.2789115646258504,3.228965517241379,1460,735,725,58,18,40,0.03820816864295125,resolved
c1_L128_rep000.npz,0.15,1630,majority,-1,1.0,0.1500244140625,0.13671875,1.7578385015153963,1.7972752680702637,1.7184017349605292,True,3.9596700274977086,4.057301293900185,3.8636363636363638,1091,541,550,53,15,38,0.04632867132867133,resolved
c1_L128_rep000.npz,0.15,1630,matched,110,4.0,0.1500244140625,0.150390625,2.185474830024778,2.2457063514206186,2.125243308628937,True,5.127753303964758,5.25,5.008695652173913,227,112,115,14,5,9,0.058091286307053944,resolved
c1_L128_rep000.npz,0.15,1630,matched,211,4.0,0.1500244140625,0.150390625,2.175615126493517,2.2259869443580973,2.125243308628937,True,5.105263157894737,5.20353982300885,5.008695652173913,228,113,115,14,5,9,0.05785123966942149,resolved
c1_L128_rep000.npz,0.15,1630,matched,312,4.0,0.1500244140625,0.150390625,2.185474830024778,2.2457063514206186,2.125243308628937,True,5.127753303964758,5.25,5.008695652173913,227,112,115,14,5,9,0.058091286307053944,resolved
c1_L128_rep000.npz,0.15,1630,matched,413,4.0,0.1500244140625,0.150390625,2.1955107837198664,2.2657782588107964,2.125243308628937,True,5.150442477876106,5.297297297297297,5.008695652173913,226,111,115,14,5,9,0.058333333333333334,resolved
c1_L128_rep000.npz,0.15,1630,matched,514,4.0,0.1500244140625,0.150390625,2.18413675908129,2.2457063514206186,2.1225671667419608,True,5.12280701754386,5.25,5.0,228,112,116,13,5,8,0.05394190871369295,resolved
c1_L128_rep000.npz,0.15,1848,native,-1,1.0,0.1500244140625,0.1500244140625,1.588802308394987,1.6271577060723317,1.5504469107176422,True,3.2919254658385095,3.3453536754507627,3.239010989010989,1449,721,728,55,16,39,0.036569148936170214,resolved
c1_L128_rep000.npz,0.15,1848,majority,-1,1.0,0.1500244140625,0.13690185546875,1.782953035164669,1.8400423314122092,1.725863738917129,True,4.007380073800738,4.112359550561798,3.9054545454545453,1084,534,550,47,10,37,0.04155614500442087,resolved
c1_L128_rep000.npz,0.15,1848,matched,110,4.0,0.1500244140625,0.150390625,2.231290811347592,2.3346554154778048,2.12792620721738,True,5.2,5.39622641509434,5.017543859649122,220,106,114,17,7,10,0.07172995780590717,resolved
c1_L128_rep000.npz,0.15,1848,matched,211,4.0,0.1500244140625,0.150390625,2.2030711553481073,2.313350369500656,2.0927919411955584,True,5.147982062780269,5.383177570093458,4.931034482758621,223,107,116,17,7,10,0.07083333333333333,resolved
c1_L128_rep000.npz,0.15,1848,matched,312,4.0,0.1500244140625,0.150390625,2.2296762538279467,2.3314263004385127,2.12792620721738,True,5.212669683257919,5.420560747663552,5.017543859649122,221,107,114,16,6,10,0.06751054852320675,resolved
c1_L128_rep000.npz,0.15,1848,matched,413,4.0,0.1500244140625,0.150390625,2.1895204031216435,2.26882796504806,2.1102128411952275,True,5.12,5.2727272727272725,4.973913043478261,225,110,115,16,6,10,0.06639004149377593,resolved
c1_L128_rep000.npz,0.15,1848,matched,514,4.0,0.1500244140625,0.150390625,2.2128447408531535,2.3101798805246236,2.115509601181684,True,5.158371040723982,5.37037037037037,4.95575221238938,221,108,113,18,6,12,0.07531380753138076,resolved
c1_L128_rep000.npz,0.15,2094,native,-1,1.0,0.1500244140625,0.1500244140625,1.6099732133885178,1.6617312129668642,1.5582152138101715,True,3.346723044397463,3.4174894217207332,3.276056338028169,1419,709,710,62,12,50,0.04186360567184335,resolved
c1_L128_rep000.npz,0.15,2094,majority,-1,1.0,0.1500244140625,0.1373291015625,1.7851618900934478,1.8559180797210262,1.7144057004658695,True,4.0427509293680295,4.151401869158878,3.9353049907578557,1076,535,541,55,7,48,0.04862953138815208,resolved
c1_L128_rep000.npz,0.15,2094,matched,110,4.0,0.1500244140625,0.150390625,2.2415912936405498,2.313350369500656,2.1698322177804434,True,5.1981566820276495,5.308411214953271,5.090909090909091,217,107,110,19,7,12,0.08050847457627118,resolved
c1_L128_rep000.npz,0.15,2094,matched,211,4.0,0.1500244140625,0.150390625,2.2401965234459014,2.313350369500656,2.1670426773911466,True,5.2110091743119265,5.308411214953271,5.117117117117117,218,107,111,18,7,11,0.07627118644067797,resolved
c1_L128_rep000.npz,0.15,2094,matched,312,4.0,0.1500244140625,0.150390625,2.2401965234459014,2.313350369500656,2.1670426773911466,True,5.2110091743119265,5.308411214953271,5.117117117117117,218,107,111,18,7,11,0.07627118644067797,resolved
c1_L128_rep000.npz,0.15,2094,matched,413,4.0,0.1500244140625,0.150390625,2.2233313733069995,2.313350369500656,2.1333123771133424,True,5.187214611872146,5.345794392523365,5.035714285714286,219,107,112,19,7,12,0.07983193277310924,resolved
c1_L128_rep000.npz,0.15,2094,matched,514,4.0,0.1500244140625,0.150390625,2.2311314330465764,2.2924306483127093,2.1698322177804434,True,5.192660550458716,5.296296296296297,5.090909090909091,218,108,110,19,7,12,0.08016877637130802,resolved
c1_L128_rep000.npz,0.15,2374,native,-1,1.0,0.1500244140625,0.1500244140625,1.6542035245719435,1.727313309887089,1.581093739256798,True,3.429920116194626,3.551824817518248,3.3092485549132946,1377,685,692,65,7,58,0.04507628294036061,resolved
c1_L128_rep000.npz,0.15,2374,majority,-1,1.0,0.1500244140625,0.13751220703125,1.8324659296452388,1.8994384095711712,1.7654934497193064,True,4.170520231213873,4.292543021032505,4.046601941747573,1038,523,515,58,2,56,0.05291970802919708,resolved
c1_L128_rep000.npz,0.15,2374,matched,110,4.0,0.1500244140625,0.150390625,2.2792222408553755,2.3314263004385127,2.2270181812722387,True,5.289719626168225,5.345794392523365,5.233644859813084,214,107,107,18,6,12,0.07758620689655173,resolved
c1_L128_rep000.npz,0.15,2374,matched,211,4.0,0.1500244140625,0.150390625,2.2708161090577907,2.353067148907819,2.1885650692077623,True,5.265116279069767,5.39622641509434,5.137614678899083,215,106,109,18,6,12,0.07725321888412018,resolved
c1_L128_rep000.npz,0.15,2374,matched,312,4.0,0.1500244140625,0.150390625,2.2589020356391094,2.3101798805246236,2.2076241907535956,True,5.2407407407407405,5.296296296296297,5.185185185185185,216,108,108,18,6,12,0.07692307692307693,resolved
c1_L128_rep000.npz,0.15,2374,matched,413,4.0,0.1500244140625,0.150390625,2.2930709829541898,2.3975768967006172,2.1885650692077623,True,5.314553990610329,5.5,5.137614678899083,213,104,109,18,6,12,0.07792207792207792,resolved
c1_L128_rep000.npz,0.15,2374,matched,514,4.0,0.1500244140625,0.150390625,2.2614496833441313,2.353067148907819,2.1698322177804434,True,5.222222222222222,5.39622641509434,5.054545454545455,216,106,110,18,6,12,0.07692307692307693,resolved
c1_L128_rep000.npz,0.15,2691,native,-1,1.0,0.1500244140625,0.1500244140625,1.6800918187492573,1.7351596937085252,1.6250239437899894,True,3.4288808664259927,3.514367816091954,3.3425253991291726,1385,696,689,55,5,50,0.03819444444444445,resolved
c1_L128_rep000.npz,0.15,2691,majority,-1,1.0,0.1500244140625,0.1375732421875,1.8639380991298218,1.9349883260885141,1.7928878721711294,True,4.174664107485604,4.309751434034417,4.038535645472062,1042,523,519,47,0,47,0.04315886134067952,resolved
c1_L128_rep000.npz,0.15,2691,matched,110,4.0,0.1500244140625,0.150390625,2.2845099365861388,2.3907757769166476,2.17824409625563,True,5.333333333333333,5.509433962264151,5.158878504672897,213,106,107,19,4,15,0.08189655172413793,resolved
c1_L128_rep000.npz,0.15,2691,matched,211,4.0,0.1500244140625,0.150390625,2.295890957771088,2.4135378192865464,2.17824409625563,True,5.3584905660377355,5.561904761904762,5.158878504672897,212,105,107,19,4,15,0.08225108225108226,resolved
c1_L128_rep000.npz,0.15,2691,matched,312,4.0,0.1500244140625,0.150390625,2.283104338107919,2.3907757769166476,2.17543289929919,True,5.327102803738318,5.509433962264151,5.148148148148148,214,106,108,18,4,14,0.07758620689655173,resolved
c1_L128_rep000.npz,0.15,2691,matched,413,4.0,0.1500244140625,0.150390625,2.3039004096781417,2.4135378192865464,2.1942630000697365,True,5.377358490566038,5.561904761904762,5.196261682242991,212,105,107,18,4,14,0.0782608695652174,resolved
c1_L128_rep000.npz,0.15,2691,matched,514,4.0,0.1500244140625,0.150390625,2.2799688923191637,2.3465158585778694,2.2134219260604584,True,5.308411214953271,5.407407407407407,5.2075471698113205,214,108,106,18,4,14,0.07758620689655173,resolved
c1_L128_rep000.npz,0.15,3051,native,-1,1.0,0.1500244140625,0.1500244140625,1.7416323571516292,1.8089463407749429,1.6743183735283156,True,3.5195861049519586,3.6552238805970148,3.3865300146412882,1353,670,683,50,3,47,0.03563791874554526,resolved
c1_L128_rep000.npz,0.15,3051,majority,-1,1.0,0.1500244140625,0.13836669921875,1.9486337514040641,2.0304644656222837,1.8668030371858446,True,4.370517928286852,4.51593625498008,4.225099601593626,1004,502,502,46,0,46,0.04380952380952381,resolved
c1_L128_rep000.npz,0.15,3051,matched,110,4.0,0.1500244140625,0.150390625,2.3836866647972546,2.643868543070808,2.1235047865237013,True,5.482926829268293,6.063157894736842,4.9818181818181815,205,95,110,20,5,15,0.08888888888888889,resolved
c1_L128_rep000.npz,0.15,3051,matched,211,4.0,0.1500244140625,0.150390625,2.3747671706359874,2.5898475789977775,2.1596867622741973,True,5.482926829268293,5.938144329896907,5.074074074074074,205,97,108,20,5,15,0.08888888888888889,resolved
c1_L128_rep000.npz,0.15,3051,matched,312,4.0,0.1500244140625,0.150390625,2.363658755747955,2.5858745595138775,2.141442951982033,True,5.48792270531401,6.0,5.027522935779817,207,98,109,19,4,15,0.084070796460177,resolved
c1_L128_rep000.npz,0.15,3051,matched,413,4.0,0.1500244140625,0.150390625,2.386751248331378,2.616579266341257,2.156923230321499,True,5.5024390243902435,6.0,5.064220183486238,205,96,109,19,5,14,0.08482142857142858,resolved
c1_L128_rep000.npz,0.15,3051,matched,514,4.0,0.1500244140625,0.150390625,2.370950330332617,2.5636565644096043,2.17824409625563,True,5.482926829268293,5.877551020408164,5.121495327102804,205,98,107,20,5,15,0.08888888888888889,resolved
c1_L128_rep000.npz,0.15,3458,native,-1,1.0,0.1500244140625,0.1500244140625,1.8418799721255086,1.888154138718983,1.7956058055320343,True,3.7036163522012577,3.78516228748068,3.6192,1272,647,625,59,3,56,0.04432757325319309,resolved
c1_L128_rep000.npz,0.15,3458,majority,-1,1.0,0.1500244140625,0.1396484375,2.0610018559368326,2.14965791212674,1.9723457997469258,True,4.598317560462671,4.762004175365345,4.432203389830509,951,479,472,55,1,54,0.05467196819085487,resolved
c1_L128_rep000.npz,0.15,3458,matched,110,4.0,0.1500244140625,0.150390625,2.432642595086035,2.612523870987221,2.2527613191848497,True,5.6716417910447765,6.020618556701031,5.346153846153846,201,97,104,18,4,14,0.0821917808219178,resolved
c1_L128_rep000.npz,0.15,3458,matched,211,4.0,0.1500244140625,0.150390625,2.4427419880301398,2.612523870987221,2.2729601050730586,True,5.7,6.020618556701031,5.398058252427185,200,97,103,18,4,14,0.08256880733944955,resolved
c1_L128_rep000.npz,0.15,3458,matched,312,4.0,0.1500244140625,0.150390625,2.432642595086035,2.612523870987221,2.2527613191848497,True,5.6716417910447765,6.020618556701031,5.346153846153846,201,97,104,18,4,14,0.0821917808219178,resolved
c1_L128_rep000.npz,0.15,3458,matched,413,4.0,0.1500244140625,0.150390625,2.4363232747538426,2.6397281830823713,2.2329183664253134,True,5.6716417910447765,6.083333333333333,5.295238095238095,201,96,105,18,4,14,0.0821917808219178,resolved
c1_L128_rep000.npz,0.15,3458,matched,514,4.0,0.1500244140625,0.150390625,2.434259568522161,2.6356007706190083,2.2329183664253134,True,5.663366336633663,6.061855670103093,5.295238095238095,202,97,105,17,3,14,0.0776255707762557,resolved
c1_L128_rep000.npz,0.15,3920,native,-1,1.0,0.1500244140625,0.1500244140625,1.8780233897899516,1.9443662742483956,1.8116805053315077,True,3.7789389067524115,3.8803827751196174,3.6758508914100485,1244,627,617,68,6,62,0.051829268292682924,resolved
c1_L128_rep000.npz,0.15,3920,majority,-1,1.0,0.1500244140625,0.138916015625,2.0652181195536428,2.142060514250104,1.9883757248571812,True,4.6677454153182305,4.836909871244635,4.496746203904555,927,466,461,69,4,65,0.06927710843373494,resolved
c1_L128_rep000.npz,0.15,3920,matched,110,4.0,0.1500244140625,0.150390625,2.4631519497796766,2.667505015966315,2.258798883593038,True,5.725888324873097,6.105263157894737,5.372549019607843,197,95,102,20,4,16,0.09216589861751152,resolved
c1_L128_rep000.npz,0.15,3920,matched,211,4.0,0.1500244140625,0.150390625,2.4631519497796766,2.667505015966315,2.258798883593038,True,5.725888324873097,6.105263157894737,5.372549019607843,197,95,102,20,4,16,0.09216589861751152,resolved
c1_L128_rep000.npz,0.15,3920,matched,312,4.0,0.1500244140625,0.150390625,2.4631519497796766,2.667505015966315,2.258798883593038,True,5.725888324873097,6.105263157894737,5.372549019607843,197,95,102,20,4,16,0.09216589861751152,resolved
c1_L128_rep000.npz,0.15,3920,matched,413,4.0,0.1500244140625,0.150390625,2.4631519497796766,2.667505015966315,2.258798883593038,True,5.725888324873097,6.105263157894737,5.372549019607843,197,95,102,20,4,16,0.09216589861751152,resolved
c1_L128_rep000.npz,0.15,3920,matched,514,4.0,0.1500244140625,0.150390625,2.4631519497796766,2.667505015966315,2.258798883593038,True,5.725888324873097,6.105263157894737,5.372549019607843,197,95,102,20,4,16,0.09216589861751152,resolved
c1_L128_rep000.npz,0.15,4443,native,-1,1.0,0.1500244140625,0.1500244140625,1.8770745939223459,1.941560685741158,1.8125885021035337,True,3.7550362610797743,3.837025316455696,3.6699507389162562,1241,632,609,75,6,69,0.056990881458966566,resolved
c1_L128_rep000.npz,0.15,4443,majority,-1,1.0,0.1500244140625,0.13861083984375,2.1136766147527606,2.228957843207281,1.9983953862982404,True,4.726072607260726,4.9144736842105265,4.5364238410596025,909,456,453,69,4,65,0.0705521472392638,resolved
c1_L128_rep000.npz,0.15,4443,matched,110,4.0,0.1500244140625,0.150390625,2.5272051618070446,2.708869774831535,2.345540548782554,True,5.8936170212765955,6.197802197802198,5.608247422680412,188,91,97,24,7,17,0.11320754716981132,resolved
c1_L128_rep000.npz,0.15,4443,matched,211,4.0,0.1500244140625,0.150390625,2.5272051618070446,2.708869774831535,2.345540548782554,True,5.8936170212765955,6.197802197802198,5.608247422680412,188,91,97,24,7,17,0.11320754716981132,resolved
c1_L128_rep000.npz,0.15,4443,matched,312,4.0,0.1500244140625,0.150390625,2.5349963785770626,2.6802294216190123,2.389763335535113,True,5.925133689839572,6.130434782608695,5.726315789473684,187,92,95,24,7,17,0.11374407582938388,resolved
c1_L128_rep000.npz,0.15,4443,matched,413,4.0,0.1500244140625,0.150390625,2.512884985200783,2.6802294216190123,2.345540548782554,True,5.841269841269841,6.130434782608695,5.56701030927835,189,92,97,24,7,17,0.11267605633802817,resolved
c1_L128_rep000.npz,0.15,4443,matched,514,4.0,0.1500244140625,0.150390625,2.496086695223637,2.6247279455815327,2.367445444865741,True,5.810526315789474,6.0,5.625,190,94,96,24,7,17,0.11214953271028037,resolved
c1_L128_rep000.npz,0.15,5037,native,-1,1.0,0.1500244140625,0.1500244140625,1.9689838740039862,2.094077843940961,1.8438899040670114,True,3.831275720164609,4.042016806722689,3.629032258064516,1215,595,620,75,11,64,0.05813953488372093,resolved
c1_L128_rep000.npz,0.15,5037,majority,-1,1.0,0.1500244140625,0.1390380859375,2.2166287167475645,2.358226073426969,2.0750313600681602,True,4.878270762229807,5.117241379310345,4.6441441441441444,879,435,444,71,7,64,0.07473684210526316,resolved
c1_L128_rep000.npz,0.15,5037,matched,110,4.0,0.1500244140625,0.150390625,2.570406943521603,2.7248500911917914,2.415963795851414,True,6.021505376344086,6.236559139784946,5.806451612903226,186,93,93,22,4,18,0.10576923076923077,resolved
c1_L128_rep000.npz,0.15,5037,matched,211,4.0,0.1500244140625,0.150390625,2.6003393493904152,2.784714902929416,2.415963795851414,True,6.065217391304348,6.329670329670329,5.806451612903226,184,91,93,22,4,18,0.10679611650485436,resolved
c1_L128_rep000.npz,0.15,5037,matched,312,4.0,0.1500244140625,0.150390625,2.58203020335191,2.7248500911917914,2.4392103155120286,True,6.054054054054054,6.236559139784946,5.869565217391305,185,93,92,22,4,18,0.10628019323671498,resolved
c1_L128_rep000.npz,0.15,5037,matched,413,4.0,0.1500244140625,0.150390625,2.615804240425375,2.8156446849993357,2.415963795851414,True,6.120218579234972,6.444444444444445,5.806451612903226,183,90,93,22,4,18,0.1073170731707317,resolved
c1_L128_rep000.npz,0.15,5037,matched,514,4.0,0.1500244140625,0.150390625,2.6026433817930354,2.7893229677346567,2.415963795851414,True,6.076502732240437,6.355555555555555,5.806451612903226,183,90,93,23,5,18,0.11165048543689321,resolved
c1_L128_rep000.npz,0.15,5709,native,-1,1.0,0.1500244140625,0.1500244140625,2.0170896862311314,2.0771162872535487,1.957063085208714,True,3.969257045260461,4.013333333333334,3.9229422066549913,1171,600,571,86,12,74,0.06841686555290374,resolved
c1_L128_rep000.npz,0.15,5709,majority,-1,1.0,0.1500244140625,0.13916015625,2.2746198344442226,2.3397050218399333,2.2095346470485113,True,5.0765606595995285,5.123006833712984,5.0268292682926825,849,439,410,79,5,74,0.08512931034482758,resolved
c1_L128_rep000.npz,0.15,5709,matched,110,4.0,0.1500244140625,0.150390625,2.658784248991089,2.7589656519278445,2.5586028460543337,True,6.279329608938547,6.373626373626373,6.181818181818182,179,91,88,22,5,17,0.10945273631840796,resolved
c1_L128_rep000.npz,0.15,5709,matched,211,4.0,0.1500244140625,0.150390625,2.658784248991089,2.7589656519278445,2.5586028460543337,True,6.279329608938547,6.373626373626373,6.181818181818182,179,91,88,22,5,17,0.10945273631840796,resolved
c1_L128_rep000.npz,0.15,5709,matched,312,4.0,0.1500244140625,0.150390625,2.658784248991089,2.7589656519278445,2.5586028460543337,True,6.279329608938547,6.373626373626373,6.181818181818182,179,91,88,22,5,17,0.10945273631840796,resolved
c1_L128_rep000.npz,0.15,5709,matched,413,4.0,0.1500244140625,0.150390625,2.658784248991089,2.7589656519278445,2.5586028460543337,True,6.279329608938547,6.373626373626373,6.181818181818182,179,91,88,22,5,17,0.10945273631840796,resolved
c1_L128_rep000.npz,0.15,5709,matched,514,4.0,0.1500244140625,0.150390625,2.658784248991089,2.7589656519278445,2.5586028460543337,True,6.279329608938547,6.373626373626373,6.181818181818182,179,91,88,22,5,17,0.10945273631840796,resolved
c1_L128_rep000.npz,0.15,6472,native,-1,1.0,0.1500244140625,0.1500244140625,2.1035296461741337,2.178260923886078,2.0287983684621893,True,4.035714285714286,4.104991394148021,3.964726631393298,1148,581,567,81,11,70,0.06590724165988608,resolved
c1_L128_rep000.npz,0.15,6472,majority,-1,1.0,0.1500244140625,0.13916015625,2.3684167237042635,2.447629367078676,2.289204080329851,True,5.205596107055961,5.261904761904762,5.146766169154229,822,420,402,78,10,68,0.08666666666666667,resolved
c1_L128_rep000.npz,0.15,6472,matched,110,4.0,0.1500244140625,0.150390625,2.670762663205679,2.8617711178420926,2.4797542085692656,True,6.269662921348314,6.558139534883721,6.0,178,86,92,23,7,16,0.11442786069651742,resolved
c1_L128_rep000.npz,0.15,6472,matched,211,4.0,0.1500244140625,0.150390625,2.683010932444138,2.8617711178420926,2.504250747046183,True,6.305084745762712,6.558139534883721,6.065934065934066,177,86,91,23,7,16,0.115,resolved
c1_L128_rep000.npz,0.15,6472,matched,312,4.0,0.1500244140625,0.150390625,2.6731960815827716,2.866637954596278,2.4797542085692656,True,6.2824858757062145,6.588235294117647,6.0,177,85,92,24,8,16,0.11940298507462686,resolved
c1_L128_rep000.npz,0.15,6472,matched,413,4.0,0.1500244140625,0.150390625,2.6571691468820835,2.8345840851949013,2.4797542085692656,True,6.247191011235955,6.511627906976744,6.0,178,86,92,24,8,16,0.1188118811881188,resolved
c1_L128_rep000.npz,0.15,6472,matched,514,4.0,0.1500244140625,0.150390625,2.6854443508212302,2.866637954596278,2.504250747046183,True,6.318181818181818,6.588235294117647,6.065934065934066,176,85,91,24,8,16,0.12,resolved
c1_L128_rep000.npz,0.15,7336,native,-1,1.0,0.1500244140625,0.1500244140625,2.159865896317374,2.211853693384685,2.107878099250063,True,4.223934723481414,4.302491103202847,4.142329020332717,1103,562,541,73,14,59,0.06207482993197279,resolved
c1_L128_rep000.npz,0.15,7336,majority,-1,1.0,0.1500244140625,0.14044189453125,2.399929931721477,2.453416997343882,2.3464428660990717,True,5.32640586797066,5.387706855791962,5.260759493670886,818,423,395,67,10,57,0.07570621468926554,resolved
c1_L128_rep000.npz,0.15,7336,matched,110,4.0,0.1500244140625,0.150390625,2.681431121002701,2.82982538856291,2.5330368534424923,True,6.2272727272727275,6.390804597701149,6.067415730337078,176,87,89,24,7,17,0.12,resolved
c1_L128_rep000.npz,0.15,7336,matched,211,4.0,0.1500244140625,0.150390625,2.681431121002701,2.82982538856291,2.5330368534424923,True,6.2272727272727275,6.390804597701149,6.067415730337078,176,87,89,24,7,17,0.12,resolved
c1_L128_rep000.npz,0.15,7336,matched,312,4.0,0.1500244140625,0.150390625,2.6974039856422927,2.8617711178420926,2.5330368534424923,True,6.2628571428571425,6.465116279069767,6.067415730337078,175,86,89,24,7,17,0.12060301507537688,resolved
c1_L128_rep000.npz,0.15,7336,matched,413,4.0,0.1500244140625,0.150390625,2.686742462992396,2.8617711178420926,2.5117138081426993,True,6.217142857142857,6.4186046511627906,6.022471910112359,175,86,89,25,7,18,0.125,resolved
c1_L128_rep000.npz,0.15,7336,matched,514,4.0,0.1500244140625,0.150390625,2.6974039856422927,2.8617711178420926,2.5330368534424923,True,6.2628571428571425,6.465116279069767,6.067415730337078,175,86,89,24,7,17,0.12060301507537688,resolved
c1_L128_rep000.npz,0.15,8316,native,-1,1.0,0.1500244140625,0.1500244140625,2.279060512370339,2.3224270607319992,2.2356939640086786,True,4.378403755868544,4.339382940108893,4.42023346303502,1065,551,514,84,19,65,0.0731070496083551,resolved
c1_L128_rep000.npz,0.15,8316,majority,-1,1.0,0.1500244140625,0.14154052734375,2.5229965433890724,2.5498226899371383,2.4961703968410065,True,5.589743589743589,5.548387096774194,5.63395225464191,780,403,377,79,15,64,0.0919674039580908,resolved
c1_L128_rep000.npz,0.15,8316,matched,110,4.0,0.1500244140625,0.150390625,2.8490246099121053,2.9329708353929806,2.76507838443123,True,6.658682634730539,6.650602409638554,6.666666666666667,167,83,84,21,8,13,0.11170212765957446,resolved
c1_L128_rep000.npz,0.15,8316,matched,211,4.0,0.1500244140625,0.150390625,2.8490246099121053,2.9329708353929806,2.76507838443123,True,6.634730538922156,6.602409638554217,6.666666666666667,167,83,84,21,8,13,0.11170212765957446,resolved
c1_L128_rep000.npz,0.15,8316,matched,312,4.0,0.1500244140625,0.150390625,2.8347496508105996,2.9044209171899698,2.76507838443123,True,6.610778443113772,6.554216867469879,6.666666666666667,167,83,84,22,9,13,0.1164021164021164,resolved
c1_L128_rep000.npz,0.15,8316,matched,413,4.0,0.1500244140625,0.150390625,2.8347496508105996,2.9044209171899698,2.76507838443123,True,6.610778443113772,6.554216867469879,6.666666666666667,167,83,84,22,9,13,0.1164021164021164,resolved
c1_L128_rep000.npz,0.15,8316,matched,514,4.0,0.1500244140625,0.150390625,2.8617237353670344,2.927876359473383,2.795571111260686,True,6.682634730538922,6.619047619047619,6.746987951807229,167,84,83,20,7,13,0.10695187165775401,resolved
c1_L128_rep000.npz,0.15,9427,native,-1,1.0,0.1500244140625,0.1500244140625,2.398968502454223,2.5363227985363506,2.261614206372096,True,4.51819075712881,4.678,4.363636363636363,1017,500,517,93,25,68,0.08378378378378379,resolved
c1_L128_rep000.npz,0.15,9427,majority,-1,1.0,0.1500244140625,0.141357421875,2.630006184653884,2.7853041283339697,2.474708240973798,True,5.7882037533512065,5.991825613079019,5.591029023746702,746,367,379,85,21,64,0.1022864019253911,resolved
c1_L128_rep000.npz,0.15,9427,matched,110,4.0,0.1500244140625,0.150390625,2.9722752051934362,3.1130582080378963,2.831492202348976,True,6.943396226415095,7.0256410256410255,6.864197530864198,159,78,81,22,8,14,0.12154696132596685,resolved
c1_L128_rep000.npz,0.15,9427,matched,211,4.0,0.1500244140625,0.150390625,2.9694058639834333,3.107319525617891,2.831492202348976,True,6.925,6.987341772151899,6.864197530864198,160,79,81,21,7,14,0.11602209944751381,resolved
c1_L128_rep000.npz,0.15,9427,matched,312,4.0,0.1500244140625,0.150390625,2.97304778101598,3.1458803568993985,2.8002152051325613,True,6.925,7.076923076923077,6.780487804878049,160,78,82,21,7,14,0.11602209944751381,resolved
c1_L128_rep000.npz,0.15,9427,matched,413,4.0,0.1500244140625,0.150390625,2.9853976570610072,3.107319525617891,2.863475788504124,True,6.968553459119497,6.987341772151899,6.95,159,79,80,21,7,14,0.11666666666666667,resolved
c1_L128_rep000.npz,0.15,9427,matched,514,4.0,0.1500244140625,0.150390625,2.956636706585229,3.1130582080378963,2.8002152051325613,True,6.9,7.0256410256410255,6.780487804878049,160,78,82,22,8,14,0.12087912087912088,resolved
c1_L128_rep000.npz,0.15,10686,native,-1,1.0,0.1500244140625,0.1500244140625,2.5339061501514752,2.553888712679997,2.513923587622953,True,4.656534954407295,4.704590818363274,4.606995884773663,987,501,486,87,21,66,0.08100558659217877,resolved
c1_L128_rep000.npz,0.15,10686,majority,-1,1.0,0.1500244140625,0.14093017578125,2.753684213577479,2.757899903281253,2.7494685238737055,True,6.020979020979021,5.898666666666666,6.155882352941177,715,375,340,79,18,61,0.09949622166246852,resolved
c1_L128_rep000.npz,0.15,10686,matched,110,4.0,0.1500244140625,0.150390625,2.981198636836804,2.9329708353929806,3.0294264382806277,True,6.943396226415095,6.554216867469879,7.368421052631579,159,83,76,21,8,13,0.11666666666666667,resolved
c1_L128_rep000.npz,0.15,10686,matched,211,4.0,0.1500244140625,0.150390625,2.986481917513939,2.938083070889536,3.034880764138342,True,6.980891719745223,6.585365853658536,7.413333333333333,157,82,75,23,9,14,0.12777777777777777,resolved
c1_L128_rep000.npz,0.15,10686,matched,312,4.0,0.1500244140625,0.150390625,2.9857561140105853,2.9725346608915215,2.9989775671296495,True,6.955414012738854,6.617283950617284,7.315789473684211,157,81,76,23,9,14,0.12777777777777777,resolved
c1_L128_rep000.npz,0.15,10686,matched,413,4.0,0.1500244140625,0.150390625,3.0010913512657797,2.967301938393217,3.034880764138342,True,6.980891719745223,6.585365853658536,7.413333333333333,157,82,75,22,8,14,0.12290502793296089,resolved
c1_L128_rep000.npz,0.15,10686,matched,514,4.0,0.1500244140625,0.150390625,2.9857561140105853,2.9725346608915215,2.9989775671296495,True,6.955414012738854,6.617283950617284,7.315789473684211,157,81,76,23,9,14,0.12777777777777777,resolved
c1_L128_rep000.npz,0.15,12113,native,-1,1.0,0.1500244140625,0.1500244140625,2.6246935659355963,2.7393285528128146,2.510058579058378,True,4.779381443298969,4.820202020202021,4.7368421052631575,970,495,475,81,19,62,0.07706945765937202,resolved
c1_L128_rep000.npz,0.15,12113,majority,-1,1.0,0.1500244140625,0.14190673828125,2.874780324252944,3.0395337669533955,2.710026881552492,True,6.3604651162790695,6.540462427745664,6.178362573099415,688,346,342,73,13,60,0.09592641261498029,resolved
c1_L128_rep000.npz,0.15,12113,matched,110,4.0,0.1500244140625,0.150390625,3.109798837170457,3.225946258306848,2.9936514160340666,True,7.241830065359477,7.2631578947368425,7.220779220779221,153,76,77,20,7,13,0.11560693641618497,resolved
c1_L128_rep000.npz,0.15,12113,matched,211,4.0,0.1500244140625,0.150390625,3.061068219817569,3.225946258306848,2.896190181328291,True,7.096774193548387,7.2105263157894735,6.987341772151899,155,76,79,21,7,14,0.11931818181818182,resolved
c1_L128_rep000.npz,0.15,12113,matched,312,4.0,0.1500244140625,0.150390625,3.0690567361810817,3.179401993355482,2.9587114790066815,True,7.153846153846154,7.17948717948718,7.128205128205129,156,78,78,19,6,13,0.10857142857142857,resolved
c1_L128_rep000.npz,0.15,12113,matched,413,4.0,0.1500244140625,0.150390625,3.1159963692861785,3.2383413225382904,2.9936514160340666,True,7.178807947019868,7.135135135135135,7.220779220779221,151,74,77,22,9,13,0.12716763005780346,resolved
c1_L128_rep000.npz,0.15,12113,matched,514,4.0,0.1500244140625,0.150390625,3.096052476519821,3.2675272282134955,2.924577724826147,True,7.1688311688311686,7.306666666666667,7.037974683544304,154,75,79,20,7,13,0.11494252873563218,resolved
c1_L128_rep000.npz,0.15,13731,native,-1,1.0,0.1500244140625,0.1500244140625,2.7897094471067496,2.96484661320929,2.614572281004209,True,4.9330499468650375,5.167741935483871,4.703781512605042,941,465,476,76,12,64,0.07472959685349066,resolved
c1_L128_rep000.npz,0.15,13731,majority,-1,1.0,0.1500244140625,0.140869140625,3.0544294657469893,3.230138360630589,2.878720570863389,True,6.708782742681048,6.860182370820668,6.553125,649,329,320,71,11,60,0.09861111111111111,resolved
c1_L128_rep000.npz,0.15,13731,matched,110,4.0,0.1500244140625,0.150390625,3.246766704290393,3.5638726905163156,2.9296607180644707,True,7.416666666666667,7.696969696969697,7.17948717948718,144,66,78,24,10,14,0.14285714285714285,resolved
c1_L128_rep000.npz,0.15,13731,matched,211,4.0,0.1500244140625,0.150390625,3.272175349754829,3.614689981445187,2.9296607180644707,True,7.4125874125874125,7.6923076923076925,7.17948717948718,143,65,78,24,10,14,0.1437125748502994,resolved
c1_L128_rep000.npz,0.15,13731,matched,312,4.0,0.1500244140625,0.150390625,3.263893305715328,3.5638726905163156,2.96391392091434,True,7.440559440559441,7.636363636363637,7.2727272727272725,143,66,77,24,10,14,0.1437125748502994,resolved
c1_L128_rep000.npz,0.15,13731,matched,413,4.0,0.1500244140625,0.150390625,3.27766557630652,3.5563535854833908,2.9989775671296495,True,7.496503496503497,7.641791044776119,7.368421052631579,143,67,76,23,9,14,0.13855421686746988,resolved
c1_L128_rep000.npz,0.15,13731,matched,514,4.0,0.1500244140625,0.150390625,3.2601337531988657,3.5563535854833908,2.96391392091434,True,7.416666666666667,7.582089552238806,7.2727272727272725,144,67,77,23,9,14,0.1377245508982036,resolved
c1_L128_rep000.npz,0.15,15565,native,-1,1.0,0.1500244140625,0.1500244140625,2.772560950850932,2.8101717652492484,2.734950136452616,True,4.862683438155137,4.863543788187373,4.861771058315335,954,491,463,67,14,53,0.06562193927522038,resolved
c1_L128_rep000.npz,0.15,15565,majority,-1,1.0,0.1500244140625,0.14111328125,3.060326623613795,3.09153135025762,3.02912189696997,True,6.656488549618321,6.587719298245614,6.731629392971246,655,342,313,60,9,51,0.08391608391608392,resolved
c1_L128_rep000.npz,0.15,15565,matched,110,4.0,0.1500244140625,0.150390625,3.305754483239488,3.360676961119077,3.250832005359899,True,7.555555555555555,7.222222222222222,7.888888888888889,144,72,72,19,8,11,0.1165644171779141,resolved
c1_L128_rep000.npz,0.15,15565,matched,211,4.0,0.1500244140625,0.150390625,3.326869070798444,3.360676961119077,3.293061180477811,True,7.608391608391608,7.222222222222222,8.0,143,72,71,19,8,11,0.11728395061728394,resolved
c1_L128_rep000.npz,0.15,15565,matched,312,4.0,0.1500244140625,0.150390625,3.308107269000706,3.3167073930333957,3.2995071449680164,True,7.608391608391608,7.178082191780822,8.057142857142857,143,73,70,20,8,12,0.12269938650306748,resolved
c1_L128_rep000.npz,0.15,15565,matched,413,4.0,0.1500244140625,0.150390625,3.2840762357272686,3.2383413225382904,3.329811148916247,True,7.503448275862069,7.027027027027027,8.0,145,74,71,19,9,10,0.11585365853658537,resolved
c1_L128_rep000.npz,0.15,15565,matched,514,4.0,0.1500244140625,0.150390625,3.283467351063849,3.2738735216498873,3.293061180477811,True,7.475862068965517,7.027027027027027,7.943661971830986,145,74,71,19,8,11,0.11585365853658537,resolved
c1_L128_rep000.npz,0.15,17644,native,-1,1.0,0.1500244140625,0.1500244140625,2.9554349427999393,2.9717642120824794,2.9391056735173993,True,5.1715575620767495,5.14,5.204128440366972,886,450,436,81,26,55,0.08376421923474664,resolved
c1_L128_rep000.npz,0.15,17644,majority,-1,1.0,0.1500244140625,0.14239501953125,3.2199051288928864,3.2329857332767253,3.206824524509048,True,7.1480263157894735,6.921383647798742,7.396551724137931,608,318,290,77,23,54,0.11240875912408758,resolved
c1_L128_rep000.npz,0.15,17644,matched,110,4.0,0.1500244140625,0.150390625,3.495274781265315,3.7207998136634837,3.2697497488671465,True,8.090909090909092,8.063492063492063,8.115942028985508,132,63,69,24,10,14,0.15384615384615385,resolved
c1_L128_rep000.npz,0.15,17644,matched,211,4.0,0.1500244140625,0.150390625,3.464383608404262,3.6590174679413767,3.2697497488671465,True,8.08955223880597,8.061538461538461,8.115942028985508,134,65,69,23,9,14,0.1464968152866242,resolved
c1_L128_rep000.npz,0.15,17644,matched,312,4.0,0.1500244140625,0.150390625,3.463582529203763,3.614689981445187,3.3124750769623397,True,8.030075187969924,7.815384615384615,8.235294117647058,133,65,68,24,10,14,0.15286624203821655,resolved
c1_L128_rep000.npz,0.15,17644,matched,413,4.0,0.1500244140625,0.150390625,3.416811219691731,3.5638726905163156,3.2697497488671465,True,7.911111111111111,7.696969696969697,8.115942028985508,135,66,69,24,10,14,0.1509433962264151,resolved
c1_L128_rep000.npz,0.15,17644,matched,514,4.0,0.1500244140625,0.150390625,3.438173883739328,3.5638726905163156,3.3124750769623397,True,7.970149253731344,7.696969696969697,8.235294117647058,134,66,68,24,10,14,0.1518987341772152,resolved
c1_L128_rep000.npz,0.15,20000,native,-1,1.0,0.1500244140625,0.1500244140625,3.0356846651853626,3.137033708443729,2.934335621926996,True,5.4070175438596495,5.4,5.414285714285715,855,435,420,77,21,56,0.08261802575107297,resolved
c1_L128_rep000.npz,0.15,20000,majority,-1,1.0,0.1500244140625,0.14239501953125,3.322086419096216,3.405657546291481,3.2385152919009514,True,7.289735099337748,7.3019480519480515,7.277027027027027,604,308,296,69,17,52,0.1025260029717682,resolved
c1_L128_rep000.npz,0.15,20000,matched,110,4.0,0.1500244140625,0.150390625,3.6543613413807052,3.737299024953839,3.5714236578075713,True,8.380952380952381,7.934426229508197,8.8,126,61,65,23,12,11,0.15436241610738255,resolved
c1_L128_rep000.npz,0.15,20000,matched,211,4.0,0.1500244140625,0.150390625,3.6056514213403057,3.7847043772074667,3.426598465473145,True,8.310077519379846,8.19672131147541,8.411764705882353,129,61,68,22,11,11,0.1456953642384106,resolved
c1_L128_rep000.npz,0.15,20000,matched,312,4.0,0.1500244140625,0.150390625,3.6333859030759914,3.7932212305972524,3.473550575554731,True,8.31496062992126,8.066666666666666,8.537313432835822,127,60,67,23,12,11,0.15333333333333332,resolved
c1_L128_rep000.npz,0.15,20000,matched,413,4.0,0.1500244140625,0.150390625,3.6333859030759914,3.7932212305972524,3.473550575554731,True,8.31496062992126,8.066666666666666,8.537313432835822,127,60,67,23,12,11,0.15333333333333332,resolved
c1_L128_rep000.npz,0.15,20000,matched,514,4.0,0.1500244140625,0.150390625,3.6013393699503338,3.8596598829105098,3.343018856990158,True,8.188976377952756,8.137931034482758,8.231884057971014,127,58,69,25,13,12,0.16447368421052633,resolved
c1_L128_rep001.npz,0.15,1119,native,-1,1.0,0.1500244140625,0.1500244140625,1.4675138276175557,1.4363310298376204,1.4986966253974907,True,3.094039735099338,3.0300261096605743,3.15994623655914,1510,766,744,91,52,39,0.05683947532792005,resolved
c1_L128_rep001.npz,0.15,1119,majority,-1,1.0,0.1500244140625,0.13525390625,1.660875517046092,1.6416210019160098,1.6801300321761743,True,3.7486583184257602,3.695729537366548,3.802158273381295,1118,562,556,87,52,35,0.07219917012448132,resolved
c1_L128_rep001.npz,0.15,1119,matched,110,4.0,0.1500244140625,0.150390625,2.1362068794373914,2.201856748738806,2.070557010135977,True,5.03056768558952,5.2,4.873949579831932,229,110,119,18,10,8,0.0728744939271255,resolved
c1_L128_rep001.npz,0.15,1119,matched,211,4.0,0.1500244140625,0.150390625,2.1190506050939106,2.112857901558885,2.125243308628937,True,4.978165938864628,4.982456140350878,4.973913043478261,229,114,115,20,11,9,0.08032128514056225,resolved
c1_L128_rep001.npz,0.15,1119,matched,312,4.0,0.1500244140625,0.150390625,2.143441341210835,2.201856748738806,2.0850259336828643,True,5.03056768558952,5.163636363636364,4.907563025210084,229,110,119,17,10,7,0.06910569105691057,resolved
c1_L128_rep001.npz,0.15,1119,matched,413,4.0,0.1500244140625,0.150390625,2.099978858913399,2.1486749067251045,2.0512828111016943,True,4.8927038626609445,4.964285714285714,4.8264462809917354,233,112,121,18,11,7,0.07171314741035857,resolved
c1_L128_rep001.npz,0.15,1119,matched,514,4.0,0.1500244140625,0.150390625,2.1458530524827495,2.2211490948295225,2.070557010135977,True,5.035087719298246,5.2110091743119265,4.873949579831932,228,109,119,18,10,8,0.07317073170731707,resolved
c1_L128_rep001.npz,0.15,1268,native,-1,1.0,0.1500244140625,0.1500244140625,1.4706330604257154,1.4606713757920153,1.4805947450594157,True,3.0968812209688124,3.0601604278074865,3.1330698287220025,1507,748,759,98,63,35,0.06105919003115265,resolved
c1_L128_rep001.npz,0.15,1268,majority,-1,1.0,0.1500244140625,0.134033203125,1.673991711516809,1.6769290082779893,1.6710544147556285,True,3.78,3.771799628942486,3.787878787878788,1100,539,561,88,59,29,0.07407407407407407,resolved
c1_L128_rep001.npz,0.15,1268,matched,110,4.0,0.1500244140625,0.150390625,2.1221818069056075,2.154166761753216,2.0901968520579985,True,4.969162995594714,5.0181818181818185,4.923076923076923,227,110,117,22,13,9,0.08835341365461848,resolved
c1_L128_rep001.npz,0.15,1268,matched,211,4.0,0.1500244140625,0.150390625,2.1130598665269504,2.1698322177804434,2.056287515273457,True,4.943231441048035,5.054545454545455,4.840336134453781,229,110,119,21,12,9,0.084,resolved
c1_L128_rep001.npz,0.15,1268,matched,312,4.0,0.1500244140625,0.150390625,2.139509260828212,2.19141033081834,2.087608190838083,True,5.008849557522124,5.111111111111111,4.915254237288136,226,108,118,21,13,8,0.08502024291497975,resolved
c1_L128_rep001.npz,0.15,1268,matched,413,4.0,0.1500244140625,0.150390625,2.101466631835504,2.1006160164271046,2.1023172472439033,True,4.917748917748917,4.884955752212389,4.9491525423728815,231,113,118,20,13,7,0.0796812749003984,resolved
c1_L128_rep001.npz,0.15,1268,matched,514,4.0,0.1500244140625,0.150390625,2.129554650254194,2.154166761753216,2.104942538755172,True,4.986784140969163,5.0181818181818185,4.957264957264957,227,110,117,21,13,8,0.0846774193548387,resolved
c1_L128_rep001.npz,0.15,1438,native,-1,1.0,0.1500244140625,0.1500244140625,1.5295862953151345,1.5445483292299942,1.5146242614002747,True,3.19306594153637,3.2072322670375524,3.179521276595745,1471,719,752,83,59,24,0.05341055341055341,resolved
c1_L128_rep001.npz,0.15,1438,majority,-1,1.0,0.1500244140625,0.13629150390625,1.7392471128379663,1.7735572879872596,1.704936937688673,True,3.926851851851852,4.0019342359767895,3.857904085257549,1080,517,563,79,58,21,0.06816220880069025,resolved
c1_L128_rep001.npz,0.15,1438,matched,110,4.0,0.1500244140625,0.150390625,2.1334033860607775,2.2105192568480976,2.056287515273457,True,4.991150442477876,5.158878504672897,4.840336134453781,226,107,119,22,13,9,0.08870967741935484,resolved
c1_L128_rep001.npz,0.15,1438,matched,211,4.0,0.1500244140625,0.150390625,2.1490637238430903,2.2105192568480976,2.087608190838083,True,5.0311111111111115,5.158878504672897,4.915254237288136,225,107,118,21,13,8,0.08536585365853659,resolved
c1_L128_rep001.npz,0.15,1438,matched,312,4.0,0.1500244140625,0.150390625,2.1238489230458986,2.19141033081834,2.056287515273457,True,4.969162995594714,5.111111111111111,4.840336134453781,227,108,119,22,13,9,0.08835341365461848,resolved
c1_L128_rep001.npz,0.15,1438,matched,413,4.0,0.1500244140625,0.150390625,2.1221818069056075,2.154166761753216,2.0901968520579985,True,4.969162995594714,5.0181818181818185,4.923076923076923,227,110,117,22,13,9,0.08835341365461848,resolved
c1_L128_rep001.npz,0.15,1438,matched,514,4.0,0.1500244140625,0.150390625,2.122596222557735,2.19141033081834,2.05378211429713,True,4.964912280701754,5.111111111111111,4.833333333333333,228,108,120,21,13,8,0.08433734939759036,resolved
c1_L128_rep001.npz,0.15,1630,native,-1,1.0,0.1500244140625,0.1500244140625,1.5341437564525435,1.5559206142062751,1.5123668986988121,True,3.163292847503374,3.159122085048011,3.1673306772908365,1482,729,753,80,51,29,0.05121638924455826,resolved
c1_L128_rep001.npz,0.15,1630,majority,-1,1.0,0.1500244140625,0.1357421875,1.7427235651346078,1.7913449929035035,1.694102137365712,True,3.9486940298507465,4.078585461689587,3.831261101243339,1072,509,563,75,48,27,0.06538796861377506,resolved
c1_L128_rep001.npz,0.15,1630,matched,110,4.0,0.1500244140625,0.150390625,2.1671820676490174,2.2467559444599514,2.087608190838083,True,5.035714285714286,5.169811320754717,4.915254237288136,224,106,118,20,12,8,0.08196721311475409,resolved
c1_L128_rep001.npz,0.15,1630,matched,211,4.0,0.1500244140625,0.150390625,2.165095678747778,2.2076241907535956,2.1225671667419608,True,5.071428571428571,5.148148148148148,5.0,224,108,116,20,12,8,0.08196721311475409,resolved
c1_L128_rep001.npz,0.15,1630,matched,312,4.0,0.1500244140625,0.150390625,2.1586075166651186,2.2270181812722387,2.0901968520579985,True,5.053571428571429,5.196261682242991,4.923076923076923,224,107,117,21,12,9,0.08571428571428572,resolved
c1_L128_rep001.npz,0.15,1630,matched,413,4.0,0.1500244140625,0.150390625,2.1569887487801505,2.19141033081834,2.1225671667419608,True,5.035714285714286,5.074074074074074,5.0,224,108,116,21,13,8,0.08571428571428572,resolved
c1_L128_rep001.npz,0.15,1630,matched,514,4.0,0.1500244140625,0.150390625,2.1659803600137053,2.2270181812722387,2.104942538755172,True,5.035714285714286,5.121495327102804,4.957264957264957,224,107,117,20,12,8,0.08196721311475409,resolved
c1_L128_rep001.npz,0.15,1848,native,-1,1.0,0.1500244140625,0.1500244140625,1.5811024190525151,1.606550720077653,1.5556541180273773,True,3.294076163610719,3.2947976878612715,3.293388429752066,1418,692,726,71,46,25,0.04768300873069174,resolved
c1_L128_rep001.npz,0.15,1848,majority,-1,1.0,0.1500244140625,0.1365966796875,1.7552448398726326,1.7840828074000656,1.7264068723451995,True,3.9451162790697674,3.9616122840690977,3.9296028880866425,1075,521,554,66,44,22,0.057843996494303246,resolved
c1_L128_rep001.npz,0.15,1848,matched,110,4.0,0.1500244140625,0.150390625,2.156451194191358,2.1514173295236754,2.16148505885904,True,4.982142857142857,4.864864864864865,5.097345132743363,224,111,113,21,12,9,0.08571428571428572,resolved
c1_L128_rep001.npz,0.15,1848,matched,211,4.0,0.1500244140625,0.150390625,2.176412684738634,2.1885650692077623,2.164260300269505,True,5.067873303167421,5.027522935779817,5.107142857142857,221,109,112,22,12,10,0.09053497942386832,resolved
c1_L128_rep001.npz,0.15,1848,matched,312,4.0,0.1500244140625,0.150390625,2.167046259024974,2.1698322177804434,2.164260300269505,True,5.045045045045045,4.9818181818181815,5.107142857142857,222,110,112,22,12,10,0.09016393442622951,resolved
c1_L128_rep001.npz,0.15,1848,matched,413,4.0,0.1500244140625,0.150390625,2.184319256006223,2.1885650692077623,2.1800734428046837,True,5.067873303167421,4.990825688073395,5.142857142857143,221,109,112,21,12,9,0.08677685950413223,resolved
c1_L128_rep001.npz,0.15,1848,matched,514,4.0,0.1500244140625,0.150390625,2.14875037945616,2.13601570005328,2.16148505885904,True,5.0,4.900900900900901,5.097345132743363,224,111,113,22,13,9,0.08943089430894309,resolved
c1_L128_rep001.npz,0.15,2094,native,-1,1.0,0.1500244140625,0.1500244140625,1.6771504458636861,1.7182290951810417,1.6360717965463307,True,3.449852507374631,3.463157894736842,3.4370477568740956,1356,665,691,70,42,28,0.04908835904628331,resolved
c1_L128_rep001.npz,0.15,2094,majority,-1,1.0,0.1500244140625,0.13739013671875,1.8575257540014012,1.8994425109580928,1.8156089970447098,True,4.169921875,4.234343434343434,4.109640831758034,1024,495,529,66,40,26,0.060550458715596334,resolved
c1_L128_rep001.npz,0.15,2094,matched,110,4.0,0.1500244140625,0.150390625,2.2696960567104734,2.2047366979431415,2.3346554154778048,True,5.227906976744186,4.990825688073395,5.471698113207547,215,109,106,18,11,7,0.07725321888412018,resolved
c1_L128_rep001.npz,0.15,2094,matched,211,4.0,0.1500244140625,0.150390625,2.2902181486848807,2.2240797660994076,2.3563565312703534,True,5.276995305164319,5.074074074074074,5.485714285714286,213,108,105,18,11,7,0.07792207792207792,resolved
c1_L128_rep001.npz,0.15,2094,matched,312,4.0,0.1500244140625,0.150390625,2.242058821333231,2.1885650692077623,2.2955525734586995,True,5.222222222222222,5.027522935779817,5.420560747663552,216,109,107,20,12,8,0.0847457627118644,resolved
c1_L128_rep001.npz,0.15,2094,matched,413,4.0,0.1500244140625,0.150390625,2.2930445279578118,2.2076241907535956,2.3784648651620275,True,5.320754716981132,5.037037037037037,5.615384615384615,212,108,104,19,12,7,0.08225108225108226,resolved
c1_L128_rep001.npz,0.15,2094,matched,514,4.0,0.1500244140625,0.150390625,2.2696960567104734,2.2047366979431415,2.3346554154778048,True,5.246511627906977,4.990825688073395,5.509433962264151,215,109,106,18,11,7,0.07725321888412018,resolved
c1_L128_rep001.npz,0.15,2374,native,-1,1.0,0.1500244140625,0.1500244140625,1.6999836904660424,1.7189595954091725,1.6810077855229122,True,3.4446096654275093,3.4324734446130503,3.456268221574344,1345,659,686,81,50,31,0.056802244039270686,resolved
c1_L128_rep001.npz,0.15,2374,majority,-1,1.0,0.1500244140625,0.13739013671875,1.9109981101070037,1.9326061781386223,1.889390042075385,True,4.299492385786802,4.304166666666666,4.295049504950495,985,480,505,72,44,28,0.06811731315042574,resolved
c1_L128_rep001.npz,0.15,2374,matched,110,4.0,0.1500244140625,0.150390625,2.293462640104462,2.13601570005328,2.4509095801556446,True,5.308056872037914,4.900900900900901,5.76,211,111,100,21,13,8,0.09051724137931035,resolved
c1_L128_rep001.npz,0.15,2374,matched,211,4.0,0.1500244140625,0.150390625,2.3106366830006397,2.2134219260604584,2.4078514399408206,True,5.333333333333333,5.018867924528302,5.663366336633663,207,106,101,23,14,9,0.1,resolved
c1_L128_rep001.npz,0.15,2374,matched,312,4.0,0.1500244140625,0.150390625,2.279291791686868,2.154166761753216,2.40441682162052,True,5.283018867924528,4.945454545454545,5.647058823529412,212,110,102,21,13,8,0.09012875536480687,resolved
c1_L128_rep001.npz,0.15,2374,matched,413,4.0,0.1500244140625,0.150390625,2.3149556534147147,2.17543289929919,2.4544784075302393,True,5.333333333333333,4.925925925925926,5.777777777777778,207,108,99,23,14,9,0.1,resolved
c1_L128_rep001.npz,0.15,2374,matched,514,4.0,0.1500244140625,0.150390625,2.313553678333092,2.172628949135945,2.4544784075302393,True,5.365384615384615,4.990825688073395,5.777777777777778,208,109,99,22,13,9,0.09565217391304348,resolved
c1_L128_rep001.npz,0.15,2691,native,-1,1.0,0.1500244140625,0.1500244140625,1.7582051331516528,1.8086320200667756,1.70777824623653,True,3.59738260200154,3.6119873817034702,3.5834586466165415,1299,634,665,70,40,30,0.05113221329437546,resolved
c1_L128_rep001.npz,0.15,2691,majority,-1,1.0,0.1500244140625,0.1380615234375,1.9303202964699606,1.98168800536238,1.8789525875775412,True,4.315895372233401,4.384937238493724,4.251937984496124,994,478,516,62,36,26,0.058712121212121215,resolved
c1_L128_rep001.npz,0.15,2691,matched,110,4.0,0.1500244140625,0.150390625,2.33288243775767,2.287300010353312,2.3784648651620275,True,5.365384615384615,5.153846153846154,5.576923076923077,208,104,104,19,12,7,0.08370044052863436,resolved
c1_L128_rep001.npz,0.15,2691,matched,211,4.0,0.1500244140625,0.150390625,2.344145999072116,2.287300010353312,2.4009919877909196,True,5.4106280193236715,5.1923076923076925,5.631067961165049,207,104,103,19,12,7,0.084070796460177,resolved
c1_L128_rep001.npz,0.15,2691,matched,312,4.0,0.1500244140625,0.150390625,2.36445974465261,2.3049695769632903,2.4239499123419295,True,5.436893203883495,5.1923076923076925,5.686274509803922,206,104,102,18,11,7,0.08035714285714286,resolved
c1_L128_rep001.npz,0.15,2691,matched,413,4.0,0.1500244140625,0.150390625,2.344145999072116,2.287300010353312,2.4009919877909196,True,5.391304347826087,5.153846153846154,5.631067961165049,207,104,103,19,12,7,0.084070796460177,resolved
c1_L128_rep001.npz,0.15,2691,matched,514,4.0,0.1500244140625,0.150390625,2.3339193451377724,2.2668467024846253,2.4009919877909196,True,5.403846153846154,5.180952380952381,5.631067961165049,208,105,103,19,12,7,0.08370044052863436,resolved
c1_L128_rep001.npz,0.15,3051,native,-1,1.0,0.1500244140625,0.1500244140625,1.7913640749572768,1.8252531489232804,1.7574750009912732,True,3.5778120184899844,3.5676100628930816,3.5876132930513593,1298,636,662,75,45,30,0.05462490895848507,resolved
c1_L128_rep001.npz,0.15,3051,majority,-1,1.0,0.1500244140625,0.13818359375,2.020167552102853,2.060754397484755,1.9795807067209512,True,4.506892895015906,4.536263736263736,4.479508196721311,943,455,488,69,44,25,0.06818181818181818,resolved
c1_L128_rep001.npz,0.15,3051,matched,110,4.0,0.1500244140625,0.150390625,2.404160578230193,2.284200476486932,2.5241206799734544,True,5.603960396039604,5.219047619047619,6.020618556701031,202,105,97,19,11,8,0.08597285067873303,resolved
c1_L128_rep001.npz,0.15,3051,matched,211,4.0,0.1500244140625,0.150390625,2.427237841102369,2.3049695769632903,2.549506105241447,True,5.66,5.269230769230769,6.083333333333333,200,104,96,19,11,8,0.0867579908675799,resolved
c1_L128_rep001.npz,0.15,3051,matched,312,4.0,0.1500244140625,0.150390625,2.425120254634397,2.326119829295339,2.5241206799734544,True,5.66,5.320388349514563,6.020618556701031,200,103,97,19,11,8,0.0867579908675799,resolved
c1_L128_rep001.npz,0.15,3051,matched,413,4.0,0.1500244140625,0.150390625,2.427237841102369,2.3049695769632903,2.549506105241447,True,5.66,5.269230769230769,6.083333333333333,200,104,96,19,11,8,0.0867579908675799,resolved
c1_L128_rep001.npz,0.15,3051,matched,514,4.0,0.1500244140625,0.150390625,2.437812967268393,2.326119829295339,2.549506105241447,True,5.688442211055277,5.320388349514563,6.083333333333333,199,103,96,19,11,8,0.0871559633027523,resolved
c1_L128_rep001.npz,0.15,3458,native,-1,1.0,0.1500244140625,0.1500244140625,1.8327705753401011,1.821038121367954,1.8445030293122482,True,3.6911532385466033,3.6333333333333333,3.748427672955975,1266,630,636,71,44,27,0.053103964098728494,resolved
c1_L128_rep001.npz,0.15,3458,majority,-1,1.0,0.1500244140625,0.13873291015625,2.0445444047996206,2.0471073707623706,2.04198143883687,True,4.581023454157783,4.539130434782609,4.621338912133891,938,460,478,63,44,19,0.06293706293706294,resolved
c1_L128_rep001.npz,0.15,3458,matched,110,4.0,0.1500244140625,0.150390625,2.3883426837527697,2.3293342515966793,2.4473511159088606,True,5.5763546798029555,5.372549019607843,5.782178217821782,203,102,101,19,12,7,0.08558558558558559,resolved
c1_L128_rep001.npz,0.15,3458,matched,211,4.0,0.1500244140625,0.150390625,2.3750348708186344,2.326119829295339,2.4239499123419295,True,5.560975609756097,5.398058252427185,5.7254901960784315,205,103,102,18,11,7,0.08071748878923767,resolved
c1_L128_rep001.npz,0.15,3458,matched,312,4.0,0.1500244140625,0.150390625,2.3667747789423985,2.3325575700938774,2.4009919877909196,True,5.490196078431373,5.306930693069307,5.669902912621359,204,101,103,20,13,7,0.08928571428571429,resolved
c1_L128_rep001.npz,0.15,3458,matched,413,4.0,0.1500244140625,0.150390625,2.4323944778561257,2.3729423621442627,2.4918465935679883,True,5.64,5.4,5.88,200,100,100,18,12,6,0.08256880733944955,resolved
c1_L128_rep001.npz,0.15,3458,matched,514,4.0,0.1500244140625,0.150390625,2.3967058046603684,2.3729423621442627,2.4204692471764746,True,5.556650246305419,5.4,5.70873786407767,203,100,103,18,12,6,0.08144796380090498,resolved
c1_L128_rep001.npz,0.15,3920,native,-1,1.0,0.1500244140625,0.1500244140625,1.8718750953978285,1.868315054496001,1.875435136299656,True,3.719551282051282,3.6768982229402263,3.7615262321144676,1248,619,629,79,49,30,0.059532780708364735,resolved
c1_L128_rep001.npz,0.15,3920,majority,-1,1.0,0.1500244140625,0.1385498046875,2.1045626636858006,2.104650797573188,2.1044745297984133,True,4.691208791208791,4.633333333333334,4.747826086956522,910,450,460,71,47,24,0.07237512742099898,resolved
c1_L128_rep001.npz,0.15,3920,matched,110,4.0,0.1500244140625,0.150390625,2.4525798646342274,2.3885759110033513,2.5165838182651035,True,5.72,5.5049504950495045,5.9393939393939394,200,101,99,16,10,6,0.07407407407407407,resolved
c1_L128_rep001.npz,0.15,3920,matched,211,4.0,0.1500244140625,0.150390625,2.416189440360074,2.3885759110033513,2.4438029697167964,True,5.615763546798029,5.465346534653466,5.764705882352941,203,101,102,16,10,6,0.0730593607305936,resolved
c1_L128_rep001.npz,0.15,3920,matched,312,4.0,0.1500244140625,0.150390625,2.4178841799703203,2.3919653902238442,2.4438029697167964,True,5.643564356435643,5.52,5.764705882352941,202,100,102,17,11,6,0.0776255707762557,resolved
c1_L128_rep001.npz,0.15,3920,matched,413,4.0,0.1500244140625,0.150390625,2.416935521621184,2.3662800899708074,2.467590953271561,True,5.635467980295567,5.450980392156863,5.821782178217822,203,102,101,16,10,6,0.0730593607305936,resolved
c1_L128_rep001.npz,0.15,3920,matched,514,4.0,0.1500244140625,0.150390625,2.4414319541179554,2.3662800899708074,2.5165838182651035,True,5.691542288557214,5.450980392156863,5.9393939393939394,201,102,99,16,10,6,0.07373271889400922,resolved
c1_L128_rep001.npz,0.15,4443,native,-1,1.0,0.1500244140625,0.1500244140625,1.9422629093022858,1.9378314837410548,1.9466943348635166,True,3.840531561461794,3.8016666666666667,3.879139072847682,1204,600,604,89,46,43,0.06883217324052592,resolved
c1_L128_rep001.npz,0.15,4443,majority,-1,1.0,0.1500244140625,0.13897705078125,2.161653550376574,2.1671467725838585,2.156160328169289,True,4.840136054421769,4.810068649885584,4.869662921348315,882,437,445,85,44,41,0.08790072388831438,resolved
c1_L128_rep001.npz,0.15,4443,matched,110,4.0,0.1500244140625,0.150390625,2.55974952954643,2.5216687025978155,2.5978303564950447,True,5.925133689839572,5.695652173913044,6.147368421052631,187,92,95,21,14,7,0.10096153846153846,resolved
c1_L128_rep001.npz,0.15,4443,matched,211,4.0,0.1500244140625,0.150390625,2.55974952954643,2.5216687025978155,2.5978303564950447,True,5.946524064171123,5.739130434782608,6.147368421052631,187,92,95,21,14,7,0.10096153846153846,resolved
c1_L128_rep001.npz,0.15,4443,matched,312,4.0,0.1500244140625,0.150390625,2.5724174705258926,2.54700458455674,2.5978303564950447,True,5.956989247311828,5.758241758241758,6.147368421052631,186,91,95,21,14,7,0.10144927536231885,resolved
c1_L128_rep001.npz,0.15,4443,matched,413,4.0,0.1500244140625,0.150390625,2.55974952954643,2.5216687025978155,2.5978303564950447,True,5.925133689839572,5.695652173913044,6.147368421052631,187,92,95,21,14,7,0.10096153846153846,resolved
c1_L128_rep001.npz,0.15,4443,matched,514,4.0,0.1500244140625,0.150390625,2.55974952954643,2.5216687025978155,2.5978303564950447,True,5.925133689839572,5.695652173913044,6.147368421052631,187,92,95,21,14,7,0.10096153846153846,resolved
c1_L128_rep001.npz,0.15,5037,native,-1,1.0,0.1500244140625,0.1500244140625,1.9596815984374583,1.9742447161876346,1.9451184806872819,True,3.8990670059372348,3.8632478632478633,3.9343434343434343,1179,585,594,106,55,51,0.08249027237354085,resolved
c1_L128_rep001.npz,0.15,5037,majority,-1,1.0,0.1500244140625,0.13995361328125,2.191674434682483,2.2238866786933533,2.159462190671612,True,4.897935779816514,4.92235294117647,4.874720357941834,872,425,447,101,53,48,0.10380267214799589,resolved
c1_L128_rep001.npz,0.15,5037,matched,110,4.0,0.1500244140625,0.150390625,2.52700001647481,2.452159805025966,2.6018402279236548,True,5.8936170212765955,5.659574468085107,6.127659574468085,188,94,94,23,15,8,0.10900473933649289,resolved
c1_L128_rep001.npz,0.15,5037,matched,211,4.0,0.1500244140625,0.150390625,2.5146301569053566,2.4797542085692656,2.549506105241447,True,5.851063829787234,5.695652173913044,6.0,188,92,96,24,16,8,0.11320754716981132,resolved
c1_L128_rep001.npz,0.15,5037,matched,312,4.0,0.1500244140625,0.150390625,2.5147398133944727,2.4761115549249424,2.553368071864003,True,5.872340425531915,5.720430107526882,6.021052631578947,188,93,95,24,15,9,0.11320754716981132,resolved
c1_L128_rep001.npz,0.15,5037,matched,413,4.0,0.1500244140625,0.150390625,2.500072724054839,2.4286669925643865,2.5714784555452916,True,5.821989528795812,5.6,6.041666666666667,191,95,96,22,15,7,0.10328638497652583,resolved
c1_L128_rep001.npz,0.15,5037,matched,514,4.0,0.1500244140625,0.150390625,2.5020371599336415,2.4286669925643865,2.5754073273028966,True,5.831578947368421,5.6,6.063157894736842,190,95,95,23,15,8,0.107981220657277,resolved
c1_L128_rep001.npz,0.15,5709,native,-1,1.0,0.1500244140625,0.1500244140625,2.010692678978698,2.020146370716689,2.0012389872407073,True,3.957044673539519,3.911304347826087,4.00169779286927,1164,575,589,100,58,42,0.07911392405063292,resolved
c1_L128_rep001.npz,0.15,5709,majority,-1,1.0,0.1500244140625,0.13812255859375,2.269784392094007,2.2748449479612836,2.2647238362267306,True,5.044152744630072,5.044334975369458,5.043981481481482,838,406,432,83,53,30,0.09011943539630836,resolved
c1_L128_rep001.npz,0.15,5709,matched,110,4.0,0.1500244140625,0.150390625,2.5947023868736165,2.5330368534424923,2.6563679203047412,True,6.143646408839779,5.977528089887641,6.304347826086956,181,89,92,25,17,8,0.12135922330097088,resolved
c1_L128_rep001.npz,0.15,5709,matched,211,4.0,0.1500244140625,0.150390625,2.5694496753880047,2.5330368534424923,2.6058624973335176,True,6.087912087912088,5.977528089887641,6.193548387096774,182,89,93,26,17,9,0.125,resolved
c1_L128_rep001.npz,0.15,5709,matched,312,4.0,0.1500244140625,0.150390625,2.5561281881502937,2.536849048997691,2.5754073273028966,True,6.0109289617486334,5.909090909090909,6.105263157894737,183,88,95,26,18,8,0.12440191387559808,resolved
c1_L128_rep001.npz,0.15,5709,matched,413,4.0,0.1500244140625,0.150390625,2.5802215369889945,2.5586028460543337,2.6018402279236548,True,6.1098901098901095,6.045454545454546,6.170212765957447,182,88,94,25,17,8,0.12077294685990338,resolved
c1_L128_rep001.npz,0.15,5709,matched,514,4.0,0.1500244140625,0.150390625,2.582982195425176,2.5330368534424923,2.6329275374078596,True,6.121546961325967,5.977528089887641,6.260869565217392,181,89,92,26,17,9,0.12560386473429952,resolved
c1_L128_rep001.npz,0.15,6472,native,-1,1.0,0.1500244140625,0.1500244140625,2.0822997179902254,2.050987807760085,2.113611628220366,True,3.993913043478261,3.8961937716262978,4.0926573426573425,1150,578,572,95,57,38,0.07630522088353414,resolved
c1_L128_rep001.npz,0.15,6472,majority,-1,1.0,0.1500244140625,0.1385498046875,2.359251918350288,2.327415079371707,2.391088757328869,True,5.228287841191067,5.168341708542713,5.286764705882353,806,398,408,92,58,34,0.10244988864142539,resolved
c1_L128_rep001.npz,0.15,6472,matched,110,4.0,0.1500244140625,0.150390625,2.6326154313986674,2.5807329530626704,2.6844979097346644,True,6.212290502793296,6.045454545454546,6.373626373626373,179,88,91,24,16,8,0.11822660098522167,resolved
c1_L128_rep001.npz,0.15,6472,matched,211,4.0,0.1500244140625,0.150390625,2.642828801467003,2.5767878281024714,2.708869774831535,True,6.222222222222222,6.022471910112359,6.417582417582418,180,89,91,22,15,7,0.10891089108910891,resolved
c1_L128_rep001.npz,0.15,6472,matched,312,4.0,0.1500244140625,0.150390625,2.6326154313986674,2.5807329530626704,2.6844979097346644,True,6.212290502793296,6.045454545454546,6.373626373626373,179,88,91,24,16,8,0.11822660098522167,resolved
c1_L128_rep001.npz,0.15,6472,matched,413,4.0,0.1500244140625,0.150390625,2.6491686676897546,2.5807329530626704,2.7176043823168388,True,6.259887005649717,6.045454545454546,6.47191011235955,177,88,89,25,16,9,0.12376237623762376,resolved
c1_L128_rep001.npz,0.15,6472,matched,514,4.0,0.1500244140625,0.150390625,2.6327839217420097,2.5767878281024714,2.688780015381548,True,6.212290502793296,6.022471910112359,6.4,179,89,90,24,15,9,0.11822660098522167,resolved
c1_L128_rep001.npz,0.15,7336,native,-1,1.0,0.1500244140625,0.1500244140625,2.1913505746513797,2.1532691452208867,2.2294320040818723,True,4.181238615664845,4.125230202578269,4.236036036036036,1098,543,555,94,65,29,0.07885906040268456,resolved
c1_L128_rep001.npz,0.15,7336,majority,-1,1.0,0.1500244140625,0.14056396484375,2.4692855954724693,2.42271916845034,2.5158520224945984,True,5.448407643312102,5.407792207792208,5.4875,785,385,400,90,63,27,0.10285714285714286,resolved
c1_L128_rep001.npz,0.15,7336,matched,110,4.0,0.1500244140625,0.150390625,2.7568181139267085,2.710397105693858,2.803239122159559,True,6.558139534883721,6.447058823529412,6.666666666666667,172,85,87,22,14,8,0.1134020618556701,resolved
c1_L128_rep001.npz,0.15,7336,matched,211,4.0,0.1500244140625,0.150390625,2.7724905954443795,2.710397105693858,2.8345840851949013,True,6.5964912280701755,6.447058823529412,6.744186046511628,171,85,86,22,14,8,0.11398963730569948,resolved
c1_L128_rep001.npz,0.15,7336,matched,312,4.0,0.1500244140625,0.150390625,2.771464231674316,2.7396893411890737,2.803239122159559,True,6.5964912280701755,6.523809523809524,6.666666666666667,171,84,87,22,14,8,0.11398963730569948,resolved
c1_L128_rep001.npz,0.15,7336,matched,413,4.0,0.1500244140625,0.150390625,2.771464231674316,2.7396893411890737,2.803239122159559,True,6.5964912280701755,6.523809523809524,6.666666666666667,171,84,87,22,14,8,0.11398963730569948,resolved
c1_L128_rep001.npz,0.15,7336,matched,514,4.0,0.1500244140625,0.150390625,2.7724905954443795,2.710397105693858,2.8345840851949013,True,6.5964912280701755,6.447058823529412,6.744186046511628,171,85,86,22,14,8,0.11398963730569948,resolved
c1_L128_rep001.npz,0.15,8316,native,-1,1.0,0.1500244140625,0.1500244140625,2.3616633750163913,2.358174189313491,2.3651525607192916,True,4.5250245338567225,4.5560081466395115,4.496212121212121,1019,491,528,101,65,36,0.09017857142857143,resolved
c1_L128_rep001.npz,0.15,8316,majority,-1,1.0,0.1500244140625,0.14056396484375,2.603159388786856,2.586294428390567,2.620024349183145,True,5.80188679245283,5.862359550561798,5.746113989637306,742,356,386,96,63,33,0.11455847255369929,resolved
c1_L128_rep001.npz,0.15,8316,matched,110,4.0,0.1500244140625,0.150390625,2.8892288001950175,2.8267438726591148,2.9517137277309202,True,6.802395209580839,6.634146341463414,6.964705882352941,167,82,85,18,13,5,0.0972972972972973,resolved
c1_L128_rep001.npz,0.15,8316,matched,211,4.0,0.1500244140625,0.150390625,2.920133807894794,2.853780002143746,2.986487613645842,True,6.867469879518072,6.682926829268292,7.0476190476190474,166,82,84,17,12,5,0.09289617486338798,resolved
c1_L128_rep001.npz,0.15,8316,matched,312,4.0,0.1500244140625,0.150390625,2.8857601598082763,2.853780002143746,2.9177403174728065,True,6.761904761904762,6.634146341463414,6.883720930232558,168,82,86,17,12,5,0.0918918918918919,resolved
c1_L128_rep001.npz,0.15,8316,matched,413,4.0,0.1500244140625,0.150390625,2.8857601598082763,2.853780002143746,2.9177403174728065,True,6.761904761904762,6.634146341463414,6.883720930232558,168,82,86,17,12,5,0.0918918918918919,resolved
c1_L128_rep001.npz,0.15,8316,matched,514,4.0,0.1500244140625,0.150390625,2.8857601598082763,2.853780002143746,2.9177403174728065,True,6.785714285714286,6.682926829268292,6.883720930232558,168,82,86,17,12,5,0.0918918918918919,resolved
c1_L128_rep001.npz,0.15,9427,native,-1,1.0,0.1500244140625,0.1500244140625,2.4510650067298068,2.3335139389230375,2.5686160745365765,True,4.625877632898696,4.482965931863728,4.769076305220883,997,499,498,84,59,25,0.07770582793709528,resolved
c1_L128_rep001.npz,0.15,9427,majority,-1,1.0,0.1500244140625,0.14190673828125,2.688431548617138,2.555729704801684,2.821133392432592,True,5.994467496542185,5.739010989010989,6.2534818941504176,723,364,359,82,59,23,0.10186335403726708,resolved
c1_L128_rep001.npz,0.15,9427,matched,110,4.0,0.1500244140625,0.150390625,2.896001743433265,2.8002152051325613,2.9917882817339696,True,6.836363636363636,6.634146341463414,7.036144578313253,165,82,83,20,14,6,0.10810810810810811,resolved
c1_L128_rep001.npz,0.15,9427,matched,211,4.0,0.1500244140625,0.150390625,2.911152904311118,2.8002152051325613,3.022090603489675,True,6.86060606060606,6.634146341463414,7.0843373493975905,165,82,83,19,14,5,0.10326086956521739,resolved
c1_L128_rep001.npz,0.15,9427,matched,312,4.0,0.1500244140625,0.150390625,2.8807049596077325,2.769621637481495,2.9917882817339696,True,6.795180722891566,6.554216867469879,7.036144578313253,166,83,83,20,14,6,0.10752688172043011,resolved
c1_L128_rep001.npz,0.15,9427,matched,413,4.0,0.1500244140625,0.150390625,2.878553386693789,2.8002152051325613,2.9568915682550165,True,6.819277108433735,6.634146341463414,7.0,166,82,84,20,14,6,0.10752688172043011,resolved
c1_L128_rep001.npz,0.15,9427,matched,514,4.0,0.1500244140625,0.150390625,2.8941918853019963,2.831492202348976,2.9568915682550165,True,6.836363636363636,6.716049382716049,6.9523809523809526,165,81,84,20,14,6,0.10810810810810811,resolved
c1_L128_rep001.npz,0.15,10686,native,-1,1.0,0.1500244140625,0.1500244140625,2.4691951020537792,2.4432496450836205,2.495140559023938,True,4.658215010141988,4.615384615384615,4.699009900990099,986,481,505,92,68,24,0.08534322820037106,resolved
c1_L128_rep001.npz,0.15,10686,majority,-1,1.0,0.1500244140625,0.14202880859375,2.714018937386588,2.690578456103854,2.7374594186693226,True,6.054469273743017,5.985714285714286,6.120218579234972,716,350,366,86,62,24,0.10723192019950124,resolved
c1_L128_rep001.npz,0.15,10686,matched,110,4.0,0.1500244140625,0.150390625,2.9095727154338795,2.9296607180644707,2.8894847128032883,True,6.853658536585366,6.923076923076923,6.790697674418604,164,78,86,20,14,6,0.10869565217391304,resolved
c1_L128_rep001.npz,0.15,10686,matched,211,4.0,0.1500244140625,0.150390625,2.9071003878402717,2.9296607180644707,2.8845400576160727,True,6.836363636363636,6.923076923076923,6.758620689655173,165,78,87,19,14,5,0.10326086956521739,resolved
c1_L128_rep001.npz,0.15,10686,matched,312,4.0,0.1500244140625,0.150390625,2.893137669625946,2.863475788504124,2.9227995507477686,True,6.86060606060606,6.85,6.870588235294117,165,80,85,20,14,6,0.10810810810810811,resolved
c1_L128_rep001.npz,0.15,10686,matched,413,4.0,0.1500244140625,0.150390625,2.9265408747916535,2.896190181328291,2.9568915682550165,True,6.895705521472393,6.8354430379746836,6.9523809523809526,163,79,84,20,14,6,0.1092896174863388,resolved
c1_L128_rep001.npz,0.15,10686,matched,514,4.0,0.1500244140625,0.150390625,2.9432761431597436,2.9296607180644707,2.9568915682550165,True,6.938271604938271,6.923076923076923,6.9523809523809526,162,78,84,20,14,6,0.10989010989010989,resolved
c1_L128_rep001.npz,0.15,12113,native,-1,1.0,0.1500244140625,0.1500244140625,2.499114244233027,2.511792357614168,2.486436130851886,True,4.599202392821535,4.550308008213553,4.645348837209302,1003,487,516,79,59,20,0.07301293900184842,resolved
c1_L128_rep001.npz,0.15,12113,majority,-1,1.0,0.1500244140625,0.1414794921875,2.7704327245218883,2.7930531837214208,2.7478122653223553,True,6.0886075949367084,6.08235294117647,6.09433962264151,711,340,371,76,58,18,0.096569250317662,resolved
c1_L128_rep001.npz,0.15,12113,matched,110,4.0,0.1500244140625,0.150390625,2.993159003267822,3.0294264382806277,2.9568915682550165,True,7.0,7.052631578947368,6.9523809523809526,160,76,84,19,13,6,0.10614525139664804,resolved
c1_L128_rep001.npz,0.15,12113,matched,211,4.0,0.1500244140625,0.150390625,2.993159003267822,3.0294264382806277,2.9568915682550165,True,7.0,7.052631578947368,6.9523809523809526,160,76,84,19,13,6,0.10614525139664804,resolved
c1_L128_rep001.npz,0.15,12113,matched,312,4.0,0.1500244140625,0.150390625,2.993159003267822,3.0294264382806277,2.9568915682550165,True,7.0,7.052631578947368,6.9523809523809526,160,76,84,19,13,6,0.10614525139664804,resolved
c1_L128_rep001.npz,0.15,12113,matched,413,4.0,0.1500244140625,0.150390625,2.993159003267822,3.0294264382806277,2.9568915682550165,True,7.0,7.052631578947368,6.9523809523809526,160,76,84,19,13,6,0.10614525139664804,resolved
c1_L128_rep001.npz,0.15,12113,matched,514,4.0,0.1500244140625,0.150390625,2.993159003267822,3.0294264382806277,2.9568915682550165,True,7.0,7.052631578947368,6.9523809523809526,160,76,84,19,13,6,0.10614525139664804,resolved
c1_L128_rep001.npz,0.15,13731,native,-1,1.0,0.1500244140625,0.1500244140625,2.6653806116147147,2.687996716770921,2.6427645064585086,True,4.8575949367088604,4.7935483870967746,4.919254658385094,948,465,483,84,54,30,0.08139534883720931,resolved
c1_L128_rep001.npz,0.15,13731,majority,-1,1.0,0.1500244140625,0.1424560546875,2.9024649091511554,2.933580970805793,2.8713488474965176,True,6.397360703812317,6.460122699386503,6.339887640449438,682,326,356,77,52,25,0.10144927536231885,resolved
c1_L128_rep001.npz,0.15,13731,matched,110,4.0,0.1500244140625,0.150390625,3.1394499255762547,3.0239916824174577,3.254908168735051,True,7.324675324675325,7.012987012987013,7.636363636363637,154,77,77,17,12,5,0.09941520467836257,resolved
c1_L128_rep001.npz,0.15,13731,matched,211,4.0,0.1500244140625,0.150390625,3.1394499255762547,3.0239916824174577,3.254908168735051,True,7.324675324675325,7.012987012987013,7.636363636363637,154,77,77,17,12,5,0.09941520467836257,resolved
c1_L128_rep001.npz,0.15,13731,matched,312,4.0,0.1500244140625,0.150390625,3.1394499255762547,3.0239916824174577,3.254908168735051,True,7.324675324675325,7.012987012987013,7.636363636363637,154,77,77,17,12,5,0.09941520467836257,resolved
c1_L128_rep001.npz,0.15,13731,matched,413,4.0,0.1500244140625,0.150390625,3.1394499255762547,3.0239916824174577,3.254908168735051,True,7.324675324675325,7.012987012987013,7.636363636363637,154,77,77,17,12,5,0.09941520467836257,resolved
c1_L128_rep001.npz,0.15,13731,matched,514,4.0,0.1500244140625,0.150390625,3.1394499255762547,3.0239916824174577,3.254908168735051,True,7.324675324675325,7.012987012987013,7.636363636363637,154,77,77,17,12,5,0.09941520467836257,resolved
c1_L128_rep001.npz,0.15,15565,native,-1,1.0,0.1500244140625,0.1500244140625,2.7651533908656587,2.7978693646318793,2.7324374170994385,True,5.0344827586206895,4.965986394557823,5.100436681222708,899,441,458,101,67,34,0.101,resolved
c1_L128_rep001.npz,0.15,15565,majority,-1,1.0,0.1500244140625,0.14227294921875,2.9958969757470326,3.038867210154548,2.9529267413395166,True,6.677621283255086,6.697068403908795,6.659638554216867,639,307,332,95,65,30,0.12942779291553133,resolved
c1_L128_rep001.npz,0.15,15565,matched,110,4.0,0.1500244140625,0.150390625,3.2256348166219473,3.2995071449680164,3.1517624882758786,True,7.619047619047619,7.771428571428571,7.48051948051948,147,70,77,20,12,8,0.11976047904191617,resolved
c1_L128_rep001.npz,0.15,15565,matched,211,4.0,0.1500244140625,0.150390625,3.201496953535727,3.2571135501720554,3.1458803568993985,True,7.543624161073826,7.661971830985915,7.435897435897436,149,71,78,19,12,7,0.1130952380952381,resolved
c1_L128_rep001.npz,0.15,15565,matched,312,4.0,0.1500244140625,0.150390625,3.2242774231206237,3.2571135501720554,3.1914412960691925,True,7.619047619047619,7.661971830985915,7.578947368421052,147,71,76,20,12,8,0.11976047904191617,resolved
c1_L128_rep001.npz,0.15,15565,matched,413,4.0,0.1500244140625,0.150390625,3.2062826765029566,3.2995071449680164,3.1130582080378963,True,7.5675675675675675,7.771428571428571,7.384615384615385,148,70,78,20,12,8,0.11904761904761904,resolved
c1_L128_rep001.npz,0.15,15565,matched,514,4.0,0.1500244140625,0.150390625,3.2226937509337077,3.2995071449680164,3.1458803568993985,True,7.594594594594595,7.771428571428571,7.435897435897436,148,70,78,19,12,7,0.11377245508982035,resolved
c1_L128_rep001.npz,0.15,17644,native,-1,1.0,0.1500244140625,0.1500244140625,2.8287226237934537,2.7417693588668293,2.915675888720078,True,5.062844542447629,4.885209713024283,5.240088105726873,907,453,454,74,51,23,0.07543323139653414,resolved
c1_L128_rep001.npz,0.15,17644,majority,-1,1.0,0.1500244140625,0.14239501953125,3.0930285218339764,3.0148018675758523,3.1712551760921,True,6.807210031347962,6.551724137931035,7.06269592476489,638,319,319,71,50,21,0.1001410437235543,resolved
c1_L128_rep001.npz,0.15,17644,matched,110,4.0,0.1500244140625,0.150390625,3.3961210821305654,3.250832005359899,3.5414101589012312,True,7.971631205673759,7.555555555555555,8.405797101449275,141,72,69,18,11,7,0.11320754716981132,resolved
c1_L128_rep001.npz,0.15,17644,matched,211,4.0,0.1500244140625,0.150390625,3.3961210821305654,3.250832005359899,3.5414101589012312,True,7.971631205673759,7.555555555555555,8.405797101449275,141,72,69,18,11,7,0.11320754716981132,resolved
c1_L128_rep001.npz,0.15,17644,matched,312,4.0,0.1500244140625,0.150390625,3.3961210821305654,3.250832005359899,3.5414101589012312,True,7.971631205673759,7.555555555555555,8.405797101449275,141,72,69,18,11,7,0.11320754716981132,resolved
c1_L128_rep001.npz,0.15,17644,matched,413,4.0,0.1500244140625,0.150390625,3.3961210821305654,3.250832005359899,3.5414101589012312,True,7.971631205673759,7.555555555555555,8.405797101449275,141,72,69,18,11,7,0.11320754716981132,resolved
c1_L128_rep001.npz,0.15,17644,matched,514,4.0,0.1500244140625,0.150390625,3.3961210821305654,3.250832005359899,3.5414101589012312,True,7.971631205673759,7.555555555555555,8.405797101449275,141,72,69,18,11,7,0.11320754716981132,resolved
c1_L128_rep001.npz,0.15,20000,native,-1,1.0,0.1500244140625,0.1500244140625,2.8971925595657377,2.9929972322696865,2.801387886861789,True,5.194630872483222,5.23943661971831,5.153846153846154,894,426,468,65,52,13,0.06777893639207508,resolved
c1_L128_rep001.npz,0.15,20000,majority,-1,1.0,0.1500244140625,0.14239501953125,3.103200853779076,3.1960205986879906,3.010381108870162,True,6.7746913580246915,7.060402684563758,6.531428571428571,648,298,350,64,51,13,0.0898876404494382,resolved
c1_L128_rep001.npz,0.15,20000,matched,110,4.0,0.1500244140625,0.150390625,3.351662424742462,3.454689730204517,3.2486351192804066,True,7.830985915492958,8.0625,7.641025641025641,142,64,78,19,15,4,0.11801242236024845,resolved
c1_L128_rep001.npz,0.15,20000,matched,211,4.0,0.1500244140625,0.150390625,3.2819311589416262,3.35633175916139,3.2075305587218628,True,7.698630136986301,7.880597014925373,7.544303797468355,146,67,79,18,14,4,0.10975609756097561,resolved
c1_L128_rep001.npz,0.15,20000,matched,312,4.0,0.1500244140625,0.150390625,3.3547989494697843,3.454689730204517,3.254908168735051,True,7.829787234042553,8.0625,7.636363636363637,141,64,77,20,15,5,0.12422360248447205,resolved
c1_L128_rep001.npz,0.15,20000,matched,413,4.0,0.1500244140625,0.150390625,3.3271162393414446,3.440586759798935,3.2136457188839542,True,7.777777777777778,8.06060606060606,7.538461538461538,144,66,78,18,13,5,0.1111111111111111,resolved
c1_L128_rep001.npz,0.15,20000,matched,514,4.0,0.1500244140625,0.150390625,3.330634770710102,3.4476238225362494,3.2136457188839542,True,7.748251748251748,8.0,7.538461538461538,143,65,78,19,14,5,0.11728395061728394,resolved
c1_L128_rep002.npz,0.15,1119,native,-1,1.0,0.1500244140625,0.1500244140625,1.5001167032638685,1.4773560944660744,1.5228773120616625,True,3.1312997347480107,3.1193029490616624,3.143044619422572,1508,746,762,66,47,19,0.04193138500635324,resolved
c1_L128_rep002.npz,0.15,1119,majority,-1,1.0,0.1500244140625,0.13531494140625,1.6826820069598245,1.6354217567102447,1.7299422572094043,True,3.735733099209833,3.6475694444444446,3.8259325044404973,1139,576,563,56,40,16,0.04686192468619247,resolved
c1_L128_rep002.npz,0.15,1119,matched,110,4.0,0.1500244140625,0.150390625,2.232681100932293,2.2076241907535956,2.25773801111099,True,5.185185185185185,5.148148148148148,5.222222222222222,216,108,108,21,12,9,0.08860759493670886,resolved
c1_L128_rep002.npz,0.15,1119,matched,211,4.0,0.1500244140625,0.150390625,2.1852979563349377,2.112857901558885,2.25773801111099,True,5.099099099099099,4.982456140350878,5.222222222222222,222,114,108,20,11,9,0.08264462809917356,resolved
c1_L128_rep002.npz,0.15,1119,matched,312,4.0,0.1500244140625,0.150390625,2.2047366979431415,2.2047366979431415,2.2047366979431415,True,5.155963302752293,5.174311926605505,5.137614678899083,218,109,109,22,11,11,0.09166666666666666,resolved
c1_L128_rep002.npz,0.15,1119,matched,413,4.0,0.1500244140625,0.150390625,2.202425177264887,2.1670426773911466,2.237807677138627,True,5.090909090909091,5.081081081081081,5.10091743119266,220,111,109,20,11,9,0.08333333333333333,resolved
c1_L128_rep002.npz,0.15,1119,matched,514,4.0,0.1500244140625,0.150390625,2.193241291931866,2.1486749067251045,2.237807677138627,True,5.067873303167421,5.035714285714286,5.10091743119266,221,112,109,20,11,9,0.08298755186721991,resolved
c1_L128_rep002.npz,0.15,1268,native,-1,1.0,0.1500244140625,0.1500244140625,1.544044750783375,1.5262386133143526,1.5618508882523974,True,3.189502385821404,3.2,3.179384203480589,1467,720,747,78,54,24,0.05048543689320388,resolved
c1_L128_rep002.npz,0.15,1268,majority,-1,1.0,0.1500244140625,0.1341552734375,1.7412817760323007,1.693911534498473,1.7886520175661285,True,3.8790697674418606,3.811918063314711,3.946096654275093,1075,537,538,69,52,17,0.06031468531468531,resolved
c1_L128_rep002.npz,0.15,1268,matched,110,4.0,0.1500244140625,0.150390625,2.222614430464465,2.2240797660994076,2.2211490948295225,True,5.161290322580645,5.222222222222222,5.10091743119266,217,108,109,21,11,10,0.08823529411764706,resolved
c1_L128_rep002.npz,0.15,1268,matched,211,4.0,0.1500244140625,0.150390625,2.211767431780234,2.18572718642184,2.237807677138627,True,5.132420091324201,5.163636363636364,5.10091743119266,219,110,109,20,11,9,0.08368200836820083,resolved
c1_L128_rep002.npz,0.15,1268,matched,312,4.0,0.1500244140625,0.150390625,2.2032967233409737,2.2047366979431415,2.201856748738806,True,5.114155251141552,5.174311926605505,5.054545454545455,219,109,110,21,11,10,0.0875,resolved
c1_L128_rep002.npz,0.15,1268,matched,413,4.0,0.1500244140625,0.150390625,2.2047404697462007,2.2076241907535956,2.201856748738806,True,5.10091743119266,5.185185185185185,5.0181818181818185,218,108,110,22,12,10,0.09166666666666666,resolved
c1_L128_rep002.npz,0.15,1268,matched,514,4.0,0.1500244140625,0.150390625,2.1971123356757256,2.2299643710819463,2.164260300269505,True,5.08256880733945,5.245283018867925,4.928571428571429,218,106,112,23,13,10,0.0954356846473029,resolved
c1_L128_rep002.npz,0.15,1438,native,-1,1.0,0.1500244140625,0.1500244140625,1.5881792514184407,1.5983604733274466,1.577998029509435,True,3.2385892116182573,3.284900284900285,3.1948924731182795,1446,702,744,74,54,20,0.04868421052631579,resolved
c1_L128_rep002.npz,0.15,1438,majority,-1,1.0,0.1500244140625,0.135498046875,1.7775690402678306,1.7736432157989732,1.781494864736688,True,3.953183520599251,3.9561068702290076,3.9503676470588234,1068,524,544,65,49,16,0.05736981465136805,resolved
c1_L128_rep002.npz,0.15,1438,matched,110,4.0,0.1500244140625,0.150390625,2.21161311969105,2.2299643710819463,2.1932618683001532,True,5.095890410958904,5.245283018867925,4.95575221238938,219,106,113,20,13,7,0.08368200836820083,resolved
c1_L128_rep002.npz,0.15,1438,matched,211,4.0,0.1500244140625,0.150390625,2.1832850006358813,2.154166761753216,2.212403239518547,True,5.045045045045045,5.090909090909091,5.0,222,110,112,20,13,7,0.08264462809917356,resolved
c1_L128_rep002.npz,0.15,1438,matched,312,4.0,0.1500244140625,0.150390625,2.21161311969105,2.2299643710819463,2.1932618683001532,True,5.095890410958904,5.245283018867925,4.95575221238938,219,106,113,20,13,7,0.08368200836820083,resolved
c1_L128_rep002.npz,0.15,1438,matched,413,4.0,0.1500244140625,0.150390625,2.2114612481833222,2.2105192568480976,2.212403239518547,True,5.095890410958904,5.196261682242991,5.0,219,107,112,20,13,7,0.08368200836820083,resolved
c1_L128_rep002.npz,0.15,1438,matched,514,4.0,0.1500244140625,0.150390625,2.2135060746532944,2.2497546242229767,2.177257525083612,True,5.10091743119266,5.295238095238095,4.920353982300885,218,105,113,21,13,8,0.08786610878661087,resolved
c1_L128_rep002.npz,0.15,1630,native,-1,1.0,0.1500244140625,0.1500244140625,1.6105475186770173,1.6044747248715767,1.6166203124824579,True,3.2953586497890295,3.300709219858156,3.2900976290097628,1422,705,717,75,47,28,0.050100200400801605,resolved
c1_L128_rep002.npz,0.15,1630,majority,-1,1.0,0.1500244140625,0.1357421875,1.816226936187964,1.799939313364177,1.8325145590117509,True,4.0556621880998085,4.071705426356589,4.0399239543726235,1042,516,526,66,42,24,0.05956678700361011,resolved
c1_L128_rep002.npz,0.15,1630,matched,110,4.0,0.1500244140625,0.150390625,2.216263330584906,2.1514173295236754,2.281109331646137,True,5.142857142857143,5.081081081081081,5.2075471698113205,217,111,106,22,12,10,0.09205020920502092,resolved
c1_L128_rep002.npz,0.15,1630,matched,211,4.0,0.1500244140625,0.150390625,2.2072108543797397,2.1333123771133424,2.281109331646137,True,5.10091743119266,5.0,5.2075471698113205,218,112,106,22,12,10,0.09166666666666666,resolved
c1_L128_rep002.npz,0.15,1630,matched,312,4.0,0.1500244140625,0.150390625,2.2160964167444526,2.19141033081834,2.2407825026705654,True,5.12962962962963,5.148148148148148,5.111111111111111,216,108,108,23,13,10,0.09623430962343096,resolved
c1_L128_rep002.npz,0.15,1630,matched,413,4.0,0.1500244140625,0.150390625,2.214386642791559,2.2076241907535956,2.2211490948295225,True,5.124423963133641,5.185185185185185,5.064220183486238,217,108,109,22,12,10,0.09205020920502092,resolved
c1_L128_rep002.npz,0.15,1630,matched,514,4.0,0.1500244140625,0.150390625,2.195490656304983,2.1698322177804434,2.2211490948295225,True,5.077625570776256,5.090909090909091,5.064220183486238,219,110,109,22,12,10,0.0912863070539419,resolved
c1_L128_rep002.npz,0.15,1848,native,-1,1.0,0.1500244140625,0.1500244140625,1.6747943665775589,1.6647506745204075,1.68483805863471,True,3.4223512336719883,3.429618768328446,3.4152298850574714,1378,682,696,66,42,24,0.045706371191135735,resolved
c1_L128_rep002.npz,0.15,1848,majority,-1,1.0,0.1500244140625,0.136474609375,1.872909074170749,1.8598126179497894,1.886005530391709,True,4.1946902654867255,4.200396825396825,4.189083820662768,1017,504,513,61,39,22,0.05658627087198516,resolved
c1_L128_rep002.npz,0.15,1848,matched,110,4.0,0.1500244140625,0.150390625,2.2485836731279254,2.2047366979431415,2.2924306483127093,True,5.216589861751152,5.137614678899083,5.296296296296297,217,109,108,18,11,7,0.07659574468085106,resolved
c1_L128_rep002.npz,0.15,1848,matched,211,4.0,0.1500244140625,0.150390625,2.2560183146317145,2.201856748738806,2.3101798805246236,True,5.247706422018348,5.163636363636364,5.333333333333333,218,110,108,16,10,6,0.06837606837606838,resolved
c1_L128_rep002.npz,0.15,1848,matched,312,4.0,0.1500244140625,0.150390625,2.2378234535929273,2.2437652478882555,2.231881659297599,True,5.2110091743119265,5.233644859813084,5.1891891891891895,218,107,111,18,11,7,0.07627118644067797,resolved
c1_L128_rep002.npz,0.15,1848,matched,413,4.0,0.1500244140625,0.150390625,2.2666065754916374,2.2407825026705654,2.2924306483127093,True,5.2592592592592595,5.2592592592592595,5.2592592592592595,216,108,108,17,10,7,0.07296137339055794,resolved
c1_L128_rep002.npz,0.15,1848,matched,514,4.0,0.1500244140625,0.150390625,2.2493641808911122,2.2668467024846253,2.231881659297599,True,5.222222222222222,5.295238095238095,5.153153153153153,216,105,111,19,12,7,0.08085106382978724,resolved
c1_L128_rep002.npz,0.15,2094,native,-1,1.0,0.1500244140625,0.1500244140625,1.6849522512289228,1.6875863094639585,1.682318192993887,True,3.4133430021754894,3.4252199413489737,3.4017216642754664,1379,682,697,61,40,21,0.04236111111111111,resolved
c1_L128_rep002.npz,0.15,2094,majority,-1,1.0,0.1500244140625,0.13671875,1.9046911803905657,1.905557599515844,1.9038247612652874,True,4.273726273726274,4.315040650406504,4.233791748526523,1001,492,509,55,38,17,0.052083333333333336,resolved
c1_L128_rep002.npz,0.15,2094,matched,110,4.0,0.1500244140625,0.150390625,2.2971263255596006,2.301822002806492,2.2924306483127093,True,5.295774647887324,5.371428571428571,5.222222222222222,213,105,108,17,10,7,0.07391304347826087,resolved
c1_L128_rep002.npz,0.15,2094,matched,211,4.0,0.1500244140625,0.150390625,2.2868175432533357,2.29868301332926,2.2749520731774115,True,5.271028037383178,5.39622641509434,5.148148148148148,214,106,108,17,9,8,0.0735930735930736,resolved
c1_L128_rep002.npz,0.15,2094,matched,312,4.0,0.1500244140625,0.150390625,2.259458504392382,2.281109331646137,2.237807677138627,True,5.227906976744186,5.320754716981132,5.137614678899083,215,106,109,19,10,9,0.0811965811965812,resolved
c1_L128_rep002.npz,0.15,2094,matched,413,4.0,0.1500244140625,0.150390625,2.2973347997724094,2.3197175263674077,2.2749520731774115,True,5.295774647887324,5.447619047619048,5.148148148148148,213,105,108,17,9,8,0.07391304347826087,resolved
c1_L128_rep002.npz,0.15,2094,matched,514,4.0,0.1500244140625,0.150390625,2.268331371299311,2.301822002806492,2.23484073979213,True,5.209302325581396,5.333333333333333,5.090909090909091,215,105,110,18,10,8,0.07725321888412018,resolved
c1_L128_rep002.npz,0.15,2374,native,-1,1.0,0.1500244140625,0.1500244140625,1.7583237461201477,1.682482202527142,1.8341652897131537,True,3.5359032501889645,3.4760479041916166,3.596946564885496,1323,668,655,72,51,21,0.05161290322580645,resolved
c1_L128_rep002.npz,0.15,2374,majority,-1,1.0,0.1500244140625,0.13836669921875,1.9500964132936907,1.8592679227683262,2.040924903819055,True,4.370558375634518,4.252988047808765,4.492753623188406,985,502,483,65,48,17,0.06190476190476191,resolved
c1_L128_rep002.npz,0.15,2374,matched,110,4.0,0.1500244140625,0.150390625,2.383192463031355,2.326119829295339,2.4402650967673702,True,5.533980582524272,5.475728155339806,5.592233009708738,206,103,103,16,11,5,0.07207207207207207,resolved
c1_L128_rep002.npz,0.15,2374,matched,211,4.0,0.1500244140625,0.150390625,2.3758957148792463,2.284200476486932,2.467590953271561,True,5.514563106796117,5.371428571428571,5.663366336633663,206,105,101,17,11,6,0.07623318385650224,resolved
c1_L128_rep002.npz,0.15,2374,matched,312,4.0,0.1500244140625,0.150390625,2.355820539445328,2.284200476486932,2.4274406024037236,True,5.456310679611651,5.371428571428571,5.544554455445544,206,105,101,19,11,8,0.08444444444444445,resolved
c1_L128_rep002.npz,0.15,2374,matched,413,4.0,0.1500244140625,0.150390625,2.3745865593576765,2.301822002806492,2.4473511159088606,True,5.514563106796117,5.447619047619048,5.584158415841584,206,105,101,17,10,7,0.07623318385650224,resolved
c1_L128_rep002.npz,0.15,2374,matched,514,4.0,0.1500244140625,0.150390625,2.3761589468760533,2.281109331646137,2.4712085621059696,True,5.514563106796117,5.3584905660377355,5.68,206,106,100,17,10,7,0.07623318385650224,resolved
c1_L128_rep002.npz,0.15,2691,native,-1,1.0,0.1500244140625,0.1500244140625,1.794960084833558,1.7237199919835777,1.8662001776835386,True,3.567300380228137,3.4743975903614457,3.662058371735791,1315,664,651,64,52,12,0.046410442349528645,resolved
c1_L128_rep002.npz,0.15,2691,majority,-1,1.0,0.1500244140625,0.13677978515625,2.0175436028506253,1.9184604574383406,2.1166267482629104,True,4.493150684931507,4.361169102296451,4.627659574468085,949,479,470,61,51,10,0.060396039603960394,resolved
c1_L128_rep002.npz,0.15,2691,matched,110,4.0,0.1500244140625,0.150390625,2.427239524625466,2.379642255554664,2.474836793696268,True,5.624365482233503,5.673469387755102,5.575757575757576,197,98,99,22,14,8,0.1004566210045662,resolved
c1_L128_rep002.npz,0.15,2691,matched,211,4.0,0.1500244140625,0.150390625,2.4042108550218213,2.3575121298879984,2.4509095801556446,True,5.567839195979899,5.616161616161616,5.52,199,99,100,22,14,8,0.09954751131221719,resolved
c1_L128_rep002.npz,0.15,2691,matched,312,4.0,0.1500244140625,0.150390625,2.4161744617921332,2.3575121298879984,2.474836793696268,True,5.595959595959596,5.616161616161616,5.575757575757576,198,99,99,22,14,8,0.1,resolved
c1_L128_rep002.npz,0.15,2691,matched,413,4.0,0.1500244140625,0.150390625,2.4042108550218213,2.3575121298879984,2.4509095801556446,True,5.567839195979899,5.616161616161616,5.52,199,99,100,22,14,8,0.09954751131221719,resolved
c1_L128_rep002.npz,0.15,2691,matched,514,4.0,0.1500244140625,0.150390625,2.403541428979194,2.379642255554664,2.4274406024037236,True,5.567839195979899,5.673469387755102,5.465346534653466,199,98,101,22,14,8,0.09954751131221719,resolved
c1_L128_rep002.npz,0.15,3051,native,-1,1.0,0.1500244140625,0.1500244140625,1.8006400265798415,1.7305558828942211,1.870724170265462,True,3.5821812596006146,3.4819277108433737,3.6865203761755487,1302,664,638,71,49,22,0.051711580480699196,resolved
c1_L128_rep002.npz,0.15,3051,majority,-1,1.0,0.1500244140625,0.13726806640625,2.0314302228201573,1.9678885720433952,2.09497187359692,True,4.510117145899893,4.443736730360934,4.576923076923077,939,471,468,69,49,20,0.06845238095238096,resolved
c1_L128_rep002.npz,0.15,3051,matched,110,4.0,0.1500244140625,0.150390625,2.442662186427916,2.4379732569469716,2.4473511159088606,True,5.648241206030151,5.755102040816326,5.544554455445544,199,98,101,18,11,7,0.08294930875576037,resolved
c1_L128_rep002.npz,0.15,3051,matched,211,4.0,0.1500244140625,0.150390625,2.409984673998027,2.4415044828340258,2.3784648651620275,True,5.5721393034825875,5.77319587628866,5.384615384615385,201,97,104,19,12,7,0.08636363636363636,resolved
c1_L128_rep002.npz,0.15,3051,matched,312,4.0,0.1500244140625,0.150390625,2.4566131486832665,2.4857856949628094,2.4274406024037236,True,5.66497461928934,5.875,5.465346534653466,197,96,101,19,11,8,0.08796296296296297,resolved
c1_L128_rep002.npz,0.15,3051,matched,413,4.0,0.1500244140625,0.150390625,2.4309615846444506,2.4379732569469716,2.4239499123419295,True,5.62,5.755102040816326,5.490196078431373,200,98,102,18,11,7,0.08256880733944955,resolved
c1_L128_rep002.npz,0.15,3051,matched,514,4.0,0.1500244140625,0.150390625,2.421248235312473,2.4415044828340258,2.4009919877909196,True,5.6,5.77319587628866,5.436893203883495,200,97,103,19,12,7,0.0867579908675799,resolved
c1_L128_rep002.npz,0.15,3458,native,-1,1.0,0.1500244140625,0.1500244140625,1.9308899854145067,1.9054389311447117,1.9563410396843017,True,3.9341772151898735,3.9432013769363166,3.9254966887417218,1185,581,604,68,53,15,0.05426975259377494,resolved
c1_L128_rep002.npz,0.15,3458,majority,-1,1.0,0.1500244140625,0.14013671875,2.097622936121235,2.075335166304319,2.119910705938151,True,4.694474539544962,4.722838137472284,4.6673728813559325,923,451,472,65,51,14,0.06578947368421052,resolved
c1_L128_rep002.npz,0.15,3458,matched,110,4.0,0.1500244140625,0.150390625,2.4433248495871807,2.4321712916441216,2.4544784075302393,True,5.637305699481865,5.702127659574468,5.575757575757576,193,94,99,25,16,9,0.11467889908256881,resolved
c1_L128_rep002.npz,0.15,3458,matched,211,4.0,0.1500244140625,0.150390625,2.4317682594636185,2.409058111396998,2.4544784075302393,True,5.608247422680412,5.6421052631578945,5.575757575757576,194,95,99,25,16,9,0.1141552511415525,resolved
c1_L128_rep002.npz,0.15,3458,matched,312,4.0,0.1500244140625,0.150390625,2.4317682594636185,2.409058111396998,2.4544784075302393,True,5.608247422680412,5.6421052631578945,5.575757575757576,194,95,99,25,16,9,0.1141552511415525,resolved
c1_L128_rep002.npz,0.15,3458,matched,413,4.0,0.1500244140625,0.150390625,2.4317682594636185,2.409058111396998,2.4544784075302393,True,5.608247422680412,5.6421052631578945,5.575757575757576,194,95,99,25,16,9,0.1141552511415525,resolved
c1_L128_rep002.npz,0.15,3458,matched,514,4.0,0.1500244140625,0.150390625,2.4204292486500116,2.386380089769784,2.4544784075302393,True,5.579487179487179,5.583333333333333,5.575757575757576,195,96,99,25,16,9,0.11363636363636363,resolved
c1_L128_rep002.npz,0.15,3920,native,-1,1.0,0.1500244140625,0.1500244140625,1.9530670838541404,1.9211939341160176,1.9849402335922632,True,3.920741989881956,3.8839590443686007,3.9566666666666666,1186,586,600,75,59,16,0.05947660586835844,resolved
c1_L128_rep002.npz,0.15,3920,majority,-1,1.0,0.1500244140625,0.14068603515625,2.160158297887128,2.1309307245668982,2.1893858712073575,True,4.829810901001112,4.824601366742597,4.834782608695652,899,439,460,70,57,13,0.07223942208462332,resolved
c1_L128_rep002.npz,0.15,3920,matched,110,4.0,0.1500244140625,0.150390625,2.468027497383719,2.5508589706109954,2.3851960241564423,True,5.75,6.133333333333334,5.411764705882353,192,90,102,24,15,9,0.1111111111111111,resolved
c1_L128_rep002.npz,0.15,3920,matched,211,4.0,0.1500244140625,0.150390625,2.4945624026089903,2.6261618422550175,2.362962962962963,True,5.738219895287958,6.181818181818182,5.359223300970874,191,88,103,23,14,9,0.10747663551401869,resolved
c1_L128_rep002.npz,0.15,3920,matched,312,4.0,0.1500244140625,0.150390625,2.4649317765646144,2.5254467315087084,2.40441682162052,True,5.72020725388601,6.021978021978022,5.450980392156863,193,91,102,23,15,8,0.10648148148148148,resolved
c1_L128_rep002.npz,0.15,3920,matched,413,4.0,0.1500244140625,0.150390625,2.492537454340596,2.6032492196607873,2.381825689020404,True,5.738219895287958,6.136363636363637,5.398058252427185,191,88,103,23,15,8,0.10747663551401869,resolved
c1_L128_rep002.npz,0.15,3920,matched,514,4.0,0.1500244140625,0.150390625,2.468221475573912,2.5767878281024714,2.3596551230453526,True,5.678756476683938,6.067415730337078,5.346153846153846,193,89,104,23,15,8,0.10648148148148148,resolved
c1_L128_rep002.npz,0.15,4443,native,-1,1.0,0.1500244140625,0.1500244140625,1.9501833409437501,1.90849378635169,1.99187289553581,True,3.793131643499591,3.734527687296417,3.852216748768473,1223,614,609,71,47,24,0.05486862442040186,resolved
c1_L128_rep002.npz,0.15,4443,majority,-1,1.0,0.1500244140625,0.13763427734375,2.210387483127768,2.1733835571086346,2.2473914091469007,True,4.907514450867052,4.88785046728972,4.926773455377575,865,428,437,65,45,20,0.06989247311827956,resolved
c1_L128_rep002.npz,0.15,4443,matched,110,4.0,0.1500244140625,0.150390625,2.534211434168938,2.613944460807637,2.4544784075302393,True,5.894736842105263,6.197802197802198,5.616161616161616,190,91,99,20,11,9,0.09523809523809523,resolved
c1_L128_rep002.npz,0.15,4443,matched,211,4.0,0.1500244140625,0.150390625,2.546210077853961,2.613944460807637,2.4784756949002853,True,5.925925925925926,6.197802197802198,5.673469387755102,189,91,98,20,11,9,0.09569377990430622,resolved
c1_L128_rep002.npz,0.15,4443,matched,312,4.0,0.1500244140625,0.150390625,2.546210077853961,2.613944460807637,2.4784756949002853,True,5.925925925925926,6.197802197802198,5.673469387755102,189,91,98,20,11,9,0.09569377990430622,resolved
c1_L128_rep002.npz,0.15,4443,matched,413,4.0,0.1500244140625,0.150390625,2.520872357611465,2.587266307692691,2.4544784075302393,True,5.863874345549738,6.130434782608695,5.616161616161616,191,92,99,20,11,9,0.0947867298578199,resolved
c1_L128_rep002.npz,0.15,4443,matched,514,4.0,0.1500244140625,0.150390625,2.5328710012964883,2.587266307692691,2.4784756949002853,True,5.894736842105263,6.130434782608695,5.673469387755102,190,92,98,20,11,9,0.09523809523809523,resolved
c1_L128_rep002.npz,0.15,5037,native,-1,1.0,0.1500244140625,0.1500244140625,2.099176917234015,2.0941905824941003,2.1041632519739295,True,4.110215053763441,4.122262773722627,4.098591549295775,1116,548,568,86,59,27,0.07154742096505824,resolved
c1_L128_rep002.npz,0.15,5037,majority,-1,1.0,0.1500244140625,0.14044189453125,2.302777294578921,2.301524637313145,2.304029951844697,True,5.101431980906921,5.181818181818182,5.025522041763341,838,407,431,83,55,28,0.09011943539630836,resolved
c1_L128_rep002.npz,0.15,5037,matched,110,4.0,0.1500244140625,0.150390625,2.6912767639120467,2.721992843380127,2.660560684443966,True,6.189944134078212,6.454545454545454,5.934065934065934,179,88,91,19,10,9,0.09595959595959595,resolved
c1_L128_rep002.npz,0.15,5037,matched,211,4.0,0.1500244140625,0.150390625,2.680949472808305,2.7560364482830924,2.6058624973335176,True,6.145251396648045,6.511627906976744,5.806451612903226,179,86,93,20,11,9,0.10050251256281408,resolved
c1_L128_rep002.npz,0.15,5037,matched,312,4.0,0.1500244140625,0.150390625,2.6766889238004734,2.751537619677292,2.6018402279236548,True,6.165745856353591,6.528735632183908,5.829787234042553,181,87,94,18,10,8,0.09045226130653267,resolved
c1_L128_rep002.npz,0.15,5037,matched,413,4.0,0.1500244140625,0.150390625,2.680949472808305,2.7560364482830924,2.6058624973335176,True,6.122905027932961,6.465116279069767,5.806451612903226,179,86,93,20,11,9,0.10050251256281408,resolved
c1_L128_rep002.npz,0.15,5037,matched,514,4.0,0.1500244140625,0.150390625,2.6789383381033733,2.7560364482830924,2.6018402279236548,True,6.133333333333334,6.465116279069767,5.829787234042553,180,86,94,19,11,8,0.09547738693467336,resolved
c1_L128_rep002.npz,0.15,5709,native,-1,1.0,0.1500244140625,0.1500244140625,2.130955770539728,2.176201465883666,2.0857100751957898,True,4.042477876106195,4.073873873873874,4.012173913043478,1130,555,575,82,50,32,0.06765676567656766,resolved
c1_L128_rep002.npz,0.15,5709,majority,-1,1.0,0.1500244140625,0.13897705078125,2.396155172295912,2.4388881193356786,2.353422225256146,True,5.255292652552926,5.408854166666667,5.114558472553699,803,384,419,76,48,28,0.08646188850967008,resolved
c1_L128_rep002.npz,0.15,5709,matched,110,4.0,0.1500244140625,0.150390625,2.713314571261046,2.64948137941593,2.7771477631061625,True,6.331428571428572,6.318181818181818,6.344827586206897,175,88,87,22,13,9,0.1116751269035533,resolved
c1_L128_rep002.npz,0.15,5709,matched,211,4.0,0.1500244140625,0.150390625,2.6960326302997752,2.64948137941593,2.7425838811836205,True,6.2824858757062145,6.318181818181818,6.247191011235955,177,88,89,21,13,8,0.10606060606060606,resolved
c1_L128_rep002.npz,0.15,5709,matched,312,4.0,0.1500244140625,0.150390625,2.714992730438116,2.622076711927495,2.807908748948736,True,6.331428571428572,6.247191011235955,6.4186046511627906,175,89,86,22,13,9,0.1116751269035533,resolved
c1_L128_rep002.npz,0.15,5709,matched,413,4.0,0.1500244140625,0.150390625,2.728330398561198,2.622076711927495,2.8345840851949013,True,6.354285714285714,6.247191011235955,6.465116279069767,175,89,86,21,13,8,0.10714285714285714,resolved
c1_L128_rep002.npz,0.15,5709,matched,514,4.0,0.1500244140625,0.150390625,2.6709094443028754,2.59923500742213,2.7425838811836205,True,6.224719101123595,6.202247191011236,6.247191011235955,178,89,89,22,14,8,0.11,resolved
c1_L128_rep002.npz,0.15,6472,native,-1,1.0,0.1500244140625,0.1500244140625,2.189902940896909,2.1512778532311305,2.2285280285626876,True,4.210865561694291,4.242537313432836,4.18,1086,536,550,81,49,32,0.06940874035989718,resolved
c1_L128_rep002.npz,0.15,6472,majority,-1,1.0,0.1500244140625,0.1396484375,2.427747792273871,2.391920029023363,2.463575555524379,True,5.317440401505646,5.350253807106599,5.285359801488834,797,394,403,72,45,27,0.08285385500575373,resolved
c1_L128_rep002.npz,0.15,6472,matched,110,4.0,0.1500244140625,0.150390625,2.7207829252578346,2.6689860451726166,2.7725798053430526,True,6.327683615819209,6.337078651685394,6.318181818181818,177,89,88,19,11,8,0.09693877551020408,resolved
c1_L128_rep002.npz,0.15,6472,matched,211,4.0,0.1500244140625,0.150390625,2.753901426648426,2.67321876810195,2.8345840851949013,True,6.413793103448276,6.363636363636363,6.465116279069767,174,88,86,20,12,8,0.10309278350515463,resolved
c1_L128_rep002.npz,0.15,6472,matched,312,4.0,0.1500244140625,0.150390625,2.734982573053009,2.697385340762966,2.7725798053430526,True,6.363636363636363,6.409090909090909,6.318181818181818,176,88,88,19,11,8,0.09743589743589744,resolved
c1_L128_rep002.npz,0.15,6472,matched,413,4.0,0.1500244140625,0.150390625,2.736112583666088,2.6689860451726166,2.803239122159559,True,6.363636363636363,6.337078651685394,6.390804597701149,176,89,87,19,11,8,0.09743589743589744,resolved
c1_L128_rep002.npz,0.15,6472,matched,514,4.0,0.1500244140625,0.150390625,2.7263602507877445,2.64948137941593,2.803239122159559,True,6.331428571428572,6.2727272727272725,6.390804597701149,175,88,87,21,13,8,0.10714285714285714,resolved
c1_L128_rep002.npz,0.15,7336,native,-1,1.0,0.1500244140625,0.1500244140625,2.2368957552098645,2.142969539378673,2.330821971041056,True,4.321495327102804,4.277153558052435,4.365671641791045,1070,534,536,80,53,27,0.06956521739130435,resolved
c1_L128_rep002.npz,0.15,7336,majority,-1,1.0,0.1500244140625,0.14111328125,2.4523016649756584,2.3653859070544163,2.5392174228969004,True,5.373913043478261,5.25615763546798,5.493734335839599,805,406,399,75,52,23,0.08522727272727272,resolved
c1_L128_rep002.npz,0.15,7336,matched,110,4.0,0.1500244140625,0.150390625,2.756225310199199,2.618004271123023,2.8944463492753747,True,6.422857142857143,6.266666666666667,6.588235294117647,175,90,85,19,12,7,0.0979381443298969,resolved
c1_L128_rep002.npz,0.15,7336,matched,211,4.0,0.1500244140625,0.150390625,2.7269521311444844,2.587266307692691,2.866637954596278,True,6.372881355932203,6.173913043478261,6.588235294117647,177,92,85,19,11,8,0.09693877551020408,resolved
c1_L128_rep002.npz,0.15,7336,matched,312,4.0,0.1500244140625,0.150390625,2.6972413652139107,2.591243608268262,2.803239122159559,True,6.292134831460674,6.197802197802198,6.390804597701149,178,91,87,20,12,8,0.10101010101010101,resolved
c1_L128_rep002.npz,0.15,7336,matched,413,4.0,0.1500244140625,0.150390625,2.736112583666088,2.6689860451726166,2.803239122159559,True,6.409090909090909,6.382022471910112,6.436781609195402,176,89,87,19,11,8,0.09743589743589744,resolved
c1_L128_rep002.npz,0.15,7336,matched,514,4.0,0.1500244140625,0.150390625,2.7514748191534846,2.641178520464876,2.8617711178420926,True,6.409090909090909,6.311111111111111,6.511627906976744,176,90,86,18,11,7,0.09278350515463918,resolved
c1_L128_rep002.npz,0.15,8316,native,-1,1.0,0.1500244140625,0.1500244140625,2.3369209463279303,2.2758321495144607,2.3980097431414,True,4.473684210526316,4.375241779497099,4.573673870333988,1026,517,509,83,50,33,0.07484220018034266,resolved
c1_L128_rep002.npz,0.15,8316,majority,-1,1.0,0.1500244140625,0.14263916015625,2.5575494719605154,2.4913371647595945,2.6237617791614363,True,5.677124183006536,5.619422572178478,5.734375,765,381,384,82,50,32,0.09681227863046045,resolved
c1_L128_rep002.npz,0.15,8316,matched,110,4.0,0.1500244140625,0.150390625,2.7800798914085156,2.622076711927495,2.938083070889536,True,6.47953216374269,6.292134831460674,6.682926829268292,171,89,82,22,13,9,0.11398963730569948,resolved
c1_L128_rep002.npz,0.15,8316,matched,211,4.0,0.1500244140625,0.150390625,2.810225269270556,2.618004271123023,3.0024462674180894,True,6.549707602339181,6.266666666666667,6.864197530864198,171,90,81,20,12,8,0.10471204188481675,resolved
c1_L128_rep002.npz,0.15,8316,matched,312,4.0,0.1500244140625,0.150390625,2.7607508832938956,2.622076711927495,2.8994250546602967,True,6.473988439306359,6.292134831460674,6.666666666666667,173,89,84,21,13,8,0.10824742268041238,resolved
c1_L128_rep002.npz,0.15,8316,matched,413,4.0,0.1500244140625,0.150390625,2.7406224499440563,2.543161828998577,2.938083070889536,True,6.390804597701149,6.086956521739131,6.7317073170731705,174,92,82,22,13,9,0.11224489795918367,resolved
c1_L128_rep002.npz,0.15,8316,matched,514,4.0,0.1500244140625,0.150390625,2.786599897198942,2.645323434924501,2.927876359473383,True,6.497109826589595,6.337078651685394,6.666666666666667,173,89,84,19,12,7,0.09895833333333333,resolved
c1_L128_rep002.npz,0.15,9427,native,-1,1.0,0.1500244140625,0.1500244140625,2.3563497744720623,2.3082490536007922,2.4044504953433323,True,4.412897016361886,4.333976833976834,4.491362763915547,1039,518,521,88,60,28,0.07808340727595386,resolved
c1_L128_rep002.npz,0.15,9427,majority,-1,1.0,0.1500244140625,0.14056396484375,2.6148772786148964,2.577156785924727,2.652597771305066,True,5.797554347826087,5.805555555555555,5.789893617021277,736,360,376,83,56,27,0.10134310134310134,resolved
c1_L128_rep002.npz,0.15,9427,matched,110,4.0,0.1500244140625,0.150390625,2.8857601598082763,2.853780002143746,2.9177403174728065,True,6.690476190476191,6.7317073170731705,6.651162790697675,168,82,86,17,12,5,0.0918918918918919,resolved
c1_L128_rep002.npz,0.15,9427,matched,211,4.0,0.1500244140625,0.150390625,2.8568709734407642,2.7909423961337594,2.9227995507477686,True,6.627218934911243,6.571428571428571,6.682352941176471,169,84,85,18,12,6,0.0962566844919786,resolved
c1_L128_rep002.npz,0.15,9427,matched,312,4.0,0.1500244140625,0.150390625,2.855350390287416,2.853780002143746,2.856920778431087,True,6.627218934911243,6.7317073170731705,6.528735632183908,169,82,87,18,12,6,0.0962566844919786,resolved
c1_L128_rep002.npz,0.15,9427,matched,413,4.0,0.1500244140625,0.150390625,2.8568709734407642,2.7909423961337594,2.9227995507477686,True,6.627218934911243,6.571428571428571,6.682352941176471,169,84,85,18,12,6,0.0962566844919786,resolved
c1_L128_rep002.npz,0.15,9427,matched,514,4.0,0.1500244140625,0.150390625,2.8394661101792744,2.822011441927462,2.856920778431087,True,6.588235294117647,6.650602409638554,6.528735632183908,170,83,87,18,12,6,0.09574468085106383,resolved
c1_L128_rep002.npz,0.15,10686,native,-1,1.0,0.1500244140625,0.1500244140625,2.4235091853961377,2.376621258602079,2.470397112190196,True,4.557100297914598,4.543434343434344,4.5703125,1007,495,512,85,56,29,0.07783882783882784,resolved
c1_L128_rep002.npz,0.15,10686,majority,-1,1.0,0.1500244140625,0.14208984375,2.6393912260942436,2.572574301739268,2.7062081504492186,True,5.849056603773585,5.7560975609756095,5.941018766756033,742,369,373,78,53,25,0.0951219512195122,resolved
c1_L128_rep002.npz,0.15,10686,matched,110,4.0,0.1500244140625,0.150390625,2.90455889122111,2.924577724826147,2.8845400576160727,True,6.771084337349397,6.936708860759493,6.620689655172414,166,79,87,18,13,5,0.09782608695652174,resolved
c1_L128_rep002.npz,0.15,10686,matched,211,4.0,0.1500244140625,0.150390625,2.918992848832924,2.8862719699349277,2.9517137277309202,True,6.795180722891566,6.814814814814815,6.776470588235294,166,81,85,17,12,5,0.09289617486338798,resolved
c1_L128_rep002.npz,0.15,10686,matched,312,4.0,0.1500244140625,0.150390625,2.902006143703867,2.8862719699349277,2.9177403174728065,True,6.754491017964072,6.814814814814815,6.6976744186046515,167,81,86,17,12,5,0.09239130434782608,resolved
c1_L128_rep002.npz,0.15,10686,matched,413,4.0,0.1500244140625,0.150390625,2.888179995673025,2.858619673873244,2.9177403174728065,True,6.730538922155689,6.765432098765432,6.6976744186046515,167,81,86,18,13,5,0.0972972972972973,resolved
c1_L128_rep002.npz,0.15,10686,matched,514,4.0,0.1500244140625,0.150390625,2.919033662999542,2.9535272683830116,2.8845400576160727,True,6.795180722891566,6.987341772151899,6.620689655172414,166,79,87,17,12,5,0.09289617486338798,resolved
c1_L128_rep002.npz,0.15,12113,native,-1,1.0,0.1500244140625,0.1500244140625,2.4349145419066582,2.3352035764121135,2.534625507401203,True,4.486673247778874,4.339805825242719,4.63855421686747,1013,515,498,93,59,34,0.08408679927667269,resolved
c1_L128_rep002.npz,0.15,12113,majority,-1,1.0,0.1500244140625,0.14141845703125,2.7152773062353583,2.5997475289087726,2.8308070835619437,True,5.868603042876901,5.64769647696477,6.098870056497175,723,369,354,89,56,33,0.10960591133004927,resolved
c1_L128_rep002.npz,0.15,12113,matched,110,4.0,0.1500244140625,0.150390625,2.896001743433265,2.8002152051325613,2.9917882817339696,True,6.739393939393939,6.585365853658536,6.891566265060241,165,82,83,20,14,6,0.10810810810810811,resolved
c1_L128_rep002.npz,0.15,12113,matched,211,4.0,0.1500244140625,0.150390625,2.9295053622155733,2.831492202348976,3.0275185220821705,True,6.822085889570552,6.666666666666667,6.975609756097561,163,81,82,20,14,6,0.1092896174863388,resolved
c1_L128_rep002.npz,0.15,12113,matched,312,4.0,0.1500244140625,0.150390625,2.916196638301055,2.8048747545199397,3.0275185220821705,True,6.7975460122699385,6.617283950617284,6.975609756097561,163,81,82,21,15,6,0.11413043478260869,resolved
c1_L128_rep002.npz,0.15,12113,matched,413,4.0,0.1500244140625,0.150390625,2.883603931635622,2.7396893411890737,3.0275185220821705,True,6.674698795180723,6.428571428571429,6.926829268292683,166,84,82,20,14,6,0.10752688172043011,resolved
c1_L128_rep002.npz,0.15,12113,matched,514,4.0,0.1500244140625,0.150390625,2.9295053622155733,2.831492202348976,3.0275185220821705,True,6.822085889570552,6.666666666666667,6.975609756097561,163,81,82,20,14,6,0.1092896174863388,resolved
c1_L128_rep002.npz,0.15,13731,native,-1,1.0,0.1500244140625,0.1500244140625,2.5037729679233642,2.437037232440224,2.5705087034065044,True,4.660474716202271,4.608695652173913,4.711934156378601,969,483,486,88,53,35,0.08325449385052035,resolved
c1_L128_rep002.npz,0.15,13731,majority,-1,1.0,0.1500244140625,0.1422119140625,2.707568303519544,2.636753527866142,2.7783830791729454,True,5.908713692946058,5.806094182825484,6.011049723756906,723,361,362,85,53,32,0.1051980198019802,resolved
c1_L128_rep002.npz,0.15,13731,matched,110,4.0,0.1500244140625,0.150390625,2.948220881110655,2.863475788504124,3.0329659737171863,True,6.832298136645963,6.75,6.91358024691358,161,80,81,21,14,7,0.11538461538461539,resolved
c1_L128_rep002.npz,0.15,13731,matched,211,4.0,0.1500244140625,0.150390625,2.9322290880330812,2.831492202348976,3.0329659737171863,True,6.790123456790123,6.666666666666667,6.91358024691358,162,81,81,21,14,7,0.11475409836065574,resolved
c1_L128_rep002.npz,0.15,13731,matched,312,4.0,0.1500244140625,0.150390625,2.9166821553344233,2.8362565112524822,2.9971077994163644,True,6.765432098765432,6.7,6.829268292682927,162,80,82,22,15,7,0.11956521739130435,resolved
c1_L128_rep002.npz,0.15,13731,matched,413,4.0,0.1500244140625,0.150390625,2.916969234883533,2.831492202348976,3.0024462674180894,True,6.765432098765432,6.666666666666667,6.864197530864198,162,81,81,22,14,8,0.11956521739130435,resolved
c1_L128_rep002.npz,0.15,13731,matched,514,4.0,0.1500244140625,0.150390625,2.948220881110655,2.863475788504124,3.0329659737171863,True,6.832298136645963,6.75,6.91358024691358,161,80,81,21,14,7,0.11538461538461539,resolved
c1_L128_rep002.npz,0.15,15565,native,-1,1.0,0.1500244140625,0.1500244140625,2.6042810038660726,2.5233587745897847,2.6852032331423605,True,4.727557411273486,4.7272727272727275,4.727835051546392,958,473,485,87,56,31,0.08325358851674641,resolved
c1_L128_rep002.npz,0.15,15565,majority,-1,1.0,0.1500244140625,0.14129638671875,2.8506332588543213,2.7678537717993064,2.9334127459093366,True,6.263313609467455,6.192878338278931,6.333333333333333,676,337,339,82,53,29,0.10817941952506596,resolved
c1_L128_rep002.npz,0.15,15565,matched,110,4.0,0.1500244140625,0.150390625,3.2161654956257584,3.0716540301324393,3.360676961119077,True,7.424657534246576,7.1891891891891895,7.666666666666667,146,74,72,22,14,8,0.13095238095238096,resolved
c1_L128_rep002.npz,0.15,15565,matched,211,4.0,0.1500244140625,0.150390625,3.175794078585869,3.034880764138342,3.3167073930333957,True,7.351351351351352,7.1466666666666665,7.561643835616438,148,75,73,22,14,8,0.12941176470588237,resolved
c1_L128_rep002.npz,0.15,15565,matched,312,4.0,0.1500244140625,0.150390625,3.2079730279031518,3.142072534156416,3.2738735216498873,True,7.401360544217687,7.397260273972603,7.405405405405405,147,73,74,21,13,8,0.125,resolved
c1_L128_rep002.npz,0.15,15565,matched,413,4.0,0.1500244140625,0.150390625,3.2079730279031518,3.142072534156416,3.2738735216498873,True,7.401360544217687,7.342465753424658,7.45945945945946,147,73,74,21,13,8,0.125,resolved
c1_L128_rep002.npz,0.15,15565,matched,514,4.0,0.1500244140625,0.150390625,3.212822024514352,3.0716540301324393,3.3539900188962646,True,7.374149659863946,7.1891891891891895,7.561643835616438,147,74,73,21,14,7,0.125,resolved
c1_L128_rep002.npz,0.15,17644,native,-1,1.0,0.1500244140625,0.1500244140625,2.7655614560777955,2.7280997587837765,2.8030231533718144,True,4.897714907508161,4.880530973451328,4.914346895074947,919,452,467,94,64,30,0.09279368213228036,resolved
c1_L128_rep002.npz,0.15,17644,majority,-1,1.0,0.1500244140625,0.14263916015625,3.0268134744786916,2.999127431738802,3.054499517218581,True,6.576506955177743,6.579113924050633,6.574018126888218,647,316,331,94,65,29,0.12685560053981107,resolved
c1_L128_rep002.npz,0.15,17644,matched,110,4.0,0.1500244140625,0.150390625,3.337544516771526,3.215795521061417,3.4592935124816346,True,7.773049645390071,7.611111111111111,7.942028985507246,141,72,69,21,12,9,0.12962962962962962,resolved
c1_L128_rep002.npz,0.15,17644,matched,211,4.0,0.1500244140625,0.150390625,3.337544516771526,3.215795521061417,3.4592935124816346,True,7.773049645390071,7.611111111111111,7.942028985507246,141,72,69,21,12,9,0.12962962962962962,resolved
c1_L128_rep002.npz,0.15,17644,matched,312,4.0,0.1500244140625,0.150390625,3.361473833352555,3.215795521061417,3.507152145643693,True,7.828571428571428,7.611111111111111,8.058823529411764,140,72,68,21,12,9,0.13043478260869565,resolved
c1_L128_rep002.npz,0.15,17644,matched,413,4.0,0.1500244140625,0.150390625,3.3578328760251286,3.215795521061417,3.49987023098884,True,7.801418439716312,7.611111111111111,8.0,141,72,69,20,12,8,0.12422360248447205,resolved
c1_L128_rep002.npz,0.15,17644,matched,514,4.0,0.1500244140625,0.150390625,3.3582035313268452,3.2571135501720554,3.4592935124816346,True,7.828571428571428,7.71830985915493,7.942028985507246,140,71,69,21,12,9,0.13043478260869565,resolved
c1_L128_rep002.npz,0.15,20000,native,-1,1.0,0.1500244140625,0.1500244140625,2.8408103123487987,2.75616450626591,2.9254561184316867,True,4.918859649122807,4.891304347826087,4.946902654867257,912,460,452,82,45,37,0.08249496981891348,resolved
c1_L128_rep002.npz,0.15,20000,majority,-1,1.0,0.1500244140625,0.14129638671875,3.1269073221675607,3.0365328507280425,3.217281793607079,True,6.5514018691588785,6.549689440993789,6.553125,642,322,320,81,45,36,0.11203319502074689,resolved
c1_L128_rep002.npz,0.15,20000,matched,110,4.0,0.1500244140625,0.150390625,3.568248620913244,3.5218072603813004,3.614689981445187,True,8.183206106870228,8.303030303030303,8.061538461538461,131,66,65,21,11,10,0.13815789473684212,resolved
c1_L128_rep002.npz,0.15,20000,matched,211,4.0,0.1500244140625,0.150390625,3.542839975448808,3.5218072603813004,3.5638726905163156,True,8.121212121212121,8.242424242424242,8.0,132,66,66,21,11,10,0.13725490196078433,resolved
c1_L128_rep002.npz,0.15,20000,matched,312,4.0,0.1500244140625,0.150390625,3.566692414230434,3.4664073845332086,3.6669774439276597,True,8.212121212121213,8.176470588235293,8.25,132,68,64,20,10,10,0.13157894736842105,resolved
c1_L128_rep002.npz,0.15,20000,matched,413,4.0,0.1500244140625,0.150390625,3.540548682989198,3.4664073845332086,3.614689981445187,True,8.180451127819548,8.235294117647058,8.123076923076923,133,68,65,20,10,10,0.13071895424836602,resolved
c1_L128_rep002.npz,0.15,20000,matched,514,4.0,0.1500244140625,0.150390625,3.540548682989198,3.4664073845332086,3.614689981445187,True,8.180451127819548,8.235294117647058,8.123076923076923,133,68,65,20,10,10,0.13071895424836602,resolved
c1_L128_rep003.npz,0.15,1119,native,-1,1.0,0.1500244140625,0.1500244140625,1.4503842028075957,1.429002122431045,1.4717662831841465,True,3.060625814863103,3.0355263157894736,3.0852713178294575,1534,760,774,80,58,22,0.04956629491945477,resolved
c1_L128_rep003.npz,0.15,1119,majority,-1,1.0,0.1500244140625,0.13446044921875,1.6371296127645452,1.6169589337379255,1.657300291791165,True,3.668995633187773,3.6785714285714284,3.6598290598290597,1145,560,585,71,53,18,0.05838815789473684,resolved
c1_L128_rep003.npz,0.15,1119,matched,110,4.0,0.1500244140625,0.150390625,2.1062584669711217,2.1075743951870716,2.104942538755172,True,4.944206008583691,5.0,4.888888888888889,233,116,117,17,9,8,0.068,resolved
c1_L128_rep003.npz,0.15,1119,matched,211,4.0,0.1500244140625,0.150390625,2.0984965483855795,2.143210982474029,2.05378211429713,True,4.923076923076923,5.087719298245614,4.766666666666667,234,114,120,17,9,8,0.06772908366533864,resolved
c1_L128_rep003.npz,0.15,1119,matched,312,4.0,0.1500244140625,0.150390625,2.127228576163752,2.164260300269505,2.0901968520579985,True,4.995633187772926,5.142857142857143,4.854700854700854,229,112,117,19,10,9,0.07661290322580645,resolved
c1_L128_rep003.npz,0.15,1119,matched,413,4.0,0.1500244140625,0.150390625,2.117408655202741,2.164260300269505,2.070557010135977,True,4.96969696969697,5.142857142857143,4.80672268907563,231,112,119,18,10,8,0.07228915662650602,resolved
c1_L128_rep003.npz,0.15,1119,matched,514,4.0,0.1500244140625,0.150390625,2.1387183050514897,2.2211490948295225,2.056287515273457,True,5.017543859649122,5.284403669724771,4.773109243697479,228,109,119,19,10,9,0.07692307692307693,resolved
c1_L128_rep003.npz,0.15,1268,native,-1,1.0,0.1500244140625,0.1500244140625,1.5146621159193816,1.4680559931600883,1.5612682386786747,True,3.198358413132695,3.140518417462483,3.2565157750342935,1462,733,729,87,60,27,0.05616526791478373,resolved
c1_L128_rep003.npz,0.15,1268,majority,-1,1.0,0.1500244140625,0.1358642578125,1.6843147827743306,1.6081283118955052,1.760501253653156,True,3.802158273381295,3.6607773851590104,3.948717948717949,1112,566,546,79,57,22,0.06633081444164568,resolved
c1_L128_rep003.npz,0.15,1268,matched,110,4.0,0.1500244140625,0.150390625,2.178761084284829,2.164260300269505,2.1932618683001532,True,5.12,5.142857142857143,5.097345132743363,225,112,113,17,10,7,0.07024793388429752,resolved
c1_L128_rep003.npz,0.15,1268,matched,211,4.0,0.1500244140625,0.150390625,2.199264319252509,2.2240797660994076,2.1744488724056112,True,5.171171171171171,5.296296296296297,5.052631578947368,222,108,114,18,11,7,0.075,resolved
c1_L128_rep003.npz,0.15,1268,matched,312,4.0,0.1500244140625,0.150390625,2.1909971115133766,2.2047366979431415,2.177257525083612,True,5.135135135135135,5.247706422018348,5.0265486725663715,222,109,113,19,11,8,0.07883817427385892,resolved
c1_L128_rep003.npz,0.15,1268,matched,413,4.0,0.1500244140625,0.150390625,2.2004280305766164,2.2047366979431415,2.1961193632100913,True,5.158371040723982,5.247706422018348,5.071428571428571,221,109,112,19,11,8,0.07916666666666666,resolved
c1_L128_rep003.npz,0.15,1268,matched,514,4.0,0.1500244140625,0.150390625,2.1814923557527264,2.18572718642184,2.177257525083612,True,5.112107623318385,5.2,5.0265486725663715,223,110,113,19,11,8,0.07851239669421488,resolved
c1_L128_rep003.npz,0.15,1438,native,-1,1.0,0.1500244140625,0.1500244140625,1.5239274223219543,1.4767575802635153,1.5710972643803935,True,3.1697216564833672,3.1066126855600538,3.2336065573770494,1473,741,732,94,64,30,0.05998723675813657,resolved
c1_L128_rep003.npz,0.15,1438,majority,-1,1.0,0.1500244140625,0.1346435546875,1.7221044775133199,1.6668021123886814,1.7774068426379581,True,3.838235294117647,3.731397459165154,3.9478584729981376,1088,551,537,83,58,25,0.07087959009393681,resolved
c1_L128_rep003.npz,0.15,1438,matched,110,4.0,0.1500244140625,0.150390625,2.217301381412091,2.182896653793678,2.251706109030505,True,5.176470588235294,5.1891891891891895,5.163636363636364,221,111,110,17,10,7,0.07142857142857142,resolved
c1_L128_rep003.npz,0.15,1438,matched,211,4.0,0.1500244140625,0.150390625,2.215314688204489,2.218226136890431,2.212403239518547,True,5.171171171171171,5.2727272727272725,5.071428571428571,222,110,112,16,9,7,0.06722689075630252,resolved
c1_L128_rep003.npz,0.15,1438,matched,312,4.0,0.1500244140625,0.150390625,2.1897229584548468,2.1670426773911466,2.2124032395185464,True,5.112107623318385,5.153153153153153,5.071428571428571,223,111,112,18,11,7,0.07468879668049792,resolved
c1_L128_rep003.npz,0.15,1438,matched,413,4.0,0.1500244140625,0.150390625,2.2265334383412805,2.218226136890431,2.23484073979213,True,5.2,5.2727272727272725,5.127272727272727,220,110,110,17,9,8,0.07172995780590717,resolved
c1_L128_rep003.npz,0.15,1438,matched,514,4.0,0.1500244140625,0.150390625,2.2466687018448743,2.2780265418190515,2.215310861870697,True,5.247706422018348,5.420560747663552,5.081081081081081,218,107,111,17,9,8,0.07234042553191489,resolved
c1_L128_rep003.npz,0.15,1630,native,-1,1.0,0.1500244140625,0.1500244140625,1.5739642339927418,1.5107961880267557,1.637132279958728,True,3.2510373443983402,3.1855388813096863,3.3183730715287516,1446,733,713,75,52,23,0.04930966469428008,resolved
c1_L128_rep003.npz,0.15,1630,majority,-1,1.0,0.1500244140625,0.13507080078125,1.7618744188554671,1.697904904625918,1.8258439330850162,True,3.928637627432808,3.832116788321168,4.028248587570621,1079,548,531,66,46,20,0.05764192139737991,resolved
c1_L128_rep003.npz,0.15,1630,matched,110,4.0,0.1500244140625,0.150390625,2.2106250900356104,2.29868301332926,2.1225671667419608,True,5.135135135135135,5.433962264150943,4.862068965517241,222,106,116,17,9,8,0.07112970711297072,resolved
c1_L128_rep003.npz,0.15,1630,matched,211,4.0,0.1500244140625,0.150390625,2.2082274684277134,2.25773801111099,2.158716925744437,True,5.135135135135135,5.333333333333333,4.947368421052632,222,108,114,17,9,8,0.07112970711297072,resolved
c1_L128_rep003.npz,0.15,1630,matched,312,4.0,0.1500244140625,0.150390625,2.207720750532515,2.2749520731774115,2.1404894278876183,True,5.130044843049327,5.37037037037037,4.904347826086957,223,108,115,16,8,8,0.06694560669456066,resolved
c1_L128_rep003.npz,0.15,1630,matched,413,4.0,0.1500244140625,0.150390625,2.18993301028698,2.2211490948295225,2.158716925744437,True,5.0941704035874436,5.247706422018348,4.947368421052632,223,109,114,18,10,8,0.07468879668049792,resolved
c1_L128_rep003.npz,0.15,1630,matched,514,4.0,0.1500244140625,0.150390625,2.227642033451332,2.2780265418190515,2.177257525083612,True,5.181818181818182,5.383177570093458,4.991150442477876,220,107,113,17,9,8,0.07172995780590717,resolved
c1_L128_rep003.npz,0.15,1848,native,-1,1.0,0.1500244140625,0.1500244140625,1.6081728631890067,1.5963337642352096,1.620011962142804,True,3.2617728531855956,3.2797202797202796,3.2441700960219477,1444,715,729,67,43,24,0.04434149569821311,resolved
c1_L128_rep003.npz,0.15,1848,majority,-1,1.0,0.1500244140625,0.1348876953125,1.8449266289373145,1.8222013068764644,1.8676519509981646,True,4.113592233009709,4.115234375,4.111969111969112,1030,512,518,59,40,19,0.05417814508723599,resolved
c1_L128_rep003.npz,0.15,1848,matched,110,4.0,0.1500244140625,0.150390625,2.289618696851055,2.3443966539099805,2.23484073979213,True,5.314553990610329,5.514563106796117,5.127272727272727,213,103,110,18,10,8,0.07792207792207792,resolved
c1_L128_rep003.npz,0.15,1848,matched,211,4.0,0.1500244140625,0.150390625,2.2903261387610137,2.322914266411037,2.25773801111099,True,5.320754716981132,5.461538461538462,5.185185185185185,212,104,108,19,10,9,0.08225108225108226,resolved
c1_L128_rep003.npz,0.15,1848,matched,312,4.0,0.1500244140625,0.150390625,2.2512133066886815,2.284200476486932,2.218226136890431,True,5.227906976744186,5.371428571428571,5.090909090909091,215,105,110,20,11,9,0.0851063829787234,resolved
c1_L128_rep003.npz,0.15,1848,matched,413,4.0,0.1500244140625,0.150390625,2.281963753216983,2.326119829295339,2.237807677138627,True,5.30188679245283,5.475728155339806,5.137614678899083,212,103,109,20,11,9,0.08620689655172414,resolved
c1_L128_rep003.npz,0.15,1848,matched,514,4.0,0.1500244140625,0.150390625,2.287217776127739,2.3197175263674077,2.2547180258880704,True,5.308411214953271,5.447619047619048,5.174311926605505,214,105,109,17,9,8,0.0735930735930736,resolved
c1_L128_rep003.npz,0.15,2094,native,-1,1.0,0.1500244140625,0.1500244140625,1.6947422492284918,1.6506546078661812,1.7388298905908022,True,3.4734513274336285,3.4454277286135695,3.5014749262536875,1356,678,678,71,50,21,0.049754730203223546,resolved
c1_L128_rep003.npz,0.15,2094,majority,-1,1.0,0.1500244140625,0.13677978515625,1.8715412675816898,1.807409766936575,1.9356727682268047,True,4.2092337917485265,4.128404669260701,4.291666666666667,1018,514,504,67,48,19,0.06175115207373272,resolved
c1_L128_rep003.npz,0.15,2094,matched,110,4.0,0.1500244140625,0.150390625,2.3182266228600703,2.2668467024846253,2.369606543235515,True,5.41747572815534,5.40952380952381,5.425742574257426,206,105,101,23,12,11,0.10043668122270742,resolved
c1_L128_rep003.npz,0.15,2094,matched,211,4.0,0.1500244140625,0.150390625,2.326903509861223,2.284200476486932,2.369606543235515,True,5.436893203883495,5.447619047619048,5.425742574257426,206,105,101,22,11,11,0.09649122807017543,resolved
c1_L128_rep003.npz,0.15,2094,matched,312,4.0,0.1500244140625,0.150390625,2.3284532767944137,2.287300010353312,2.369606543235515,True,5.443902439024391,5.461538461538462,5.425742574257426,205,104,101,23,12,11,0.10087719298245613,resolved
c1_L128_rep003.npz,0.15,2094,matched,413,4.0,0.1500244140625,0.150390625,2.3524099797157985,2.2668467024846253,2.4379732569469716,True,5.497536945812808,5.40952380952381,5.591836734693878,203,105,98,23,12,11,0.10176991150442478,resolved
c1_L128_rep003.npz,0.15,2094,matched,514,4.0,0.1500244140625,0.150390625,2.3732370298986583,2.3049695769632903,2.4415044828340258,True,5.532338308457711,5.5,5.56701030927835,201,104,97,23,11,12,0.10267857142857142,resolved
c1_L128_rep003.npz,0.15,2374,native,-1,1.0,0.1500244140625,0.1500244140625,1.7401008895552421,1.7360528533055648,1.7441489258049194,True,3.5254110612855007,3.556231003039514,3.4955882352941177,1338,658,680,70,46,24,0.04971590909090909,resolved
c1_L128_rep003.npz,0.15,2374,majority,-1,1.0,0.1500244140625,0.13739013671875,1.9474212115570748,1.9398542526284155,1.954988170485734,True,4.40020366598778,4.416494845360825,4.3843058350100605,982,485,497,61,39,22,0.058485139022051776,resolved
c1_L128_rep003.npz,0.15,2374,matched,110,4.0,0.1500244140625,0.150390625,2.4183732732703627,2.4379732569469716,2.3987732895937532,True,5.612244897959184,5.795918367346939,5.428571428571429,196,98,98,24,11,13,0.10909090909090909,resolved
c1_L128_rep003.npz,0.15,2374,matched,211,4.0,0.1500244140625,0.150390625,2.418849949461655,2.4580576433686456,2.379642255554664,True,5.510204081632653,5.795918367346939,5.224489795918367,196,98,98,24,10,14,0.10909090909090909,resolved
c1_L128_rep003.npz,0.15,2374,matched,312,4.0,0.1500244140625,0.150390625,2.4284154664811997,2.4580576433686456,2.3987732895937532,True,5.63265306122449,5.836734693877551,5.428571428571429,196,98,98,23,10,13,0.1050228310502283,resolved
c1_L128_rep003.npz,0.15,2374,matched,413,4.0,0.1500244140625,0.150390625,2.4164922431484044,2.4112958847421258,2.421688601554683,True,5.604060913705584,5.72,5.484536082474227,197,100,97,23,10,13,0.10454545454545454,resolved
c1_L128_rep003.npz,0.15,2374,matched,514,4.0,0.1500244140625,0.150390625,2.414857325164066,2.430941360734378,2.3987732895937532,True,5.595959595959596,5.76,5.428571428571429,198,100,98,22,9,13,0.1,resolved
c1_L128_rep003.npz,0.15,2691,native,-1,1.0,0.1500244140625,0.1500244140625,1.8385513967943012,1.8536492005661294,1.8234535930224731,True,3.677873338545739,3.7468152866242037,3.61136712749616,1279,628,651,65,38,27,0.04836309523809524,resolved
c1_L128_rep003.npz,0.15,2691,majority,-1,1.0,0.1500244140625,0.1392822265625,2.0408970121769725,2.0811289785106797,2.0006650458432658,True,4.548117154811716,4.660256410256411,4.440573770491803,956,468,488,62,35,27,0.060903732809430254,resolved
c1_L128_rep003.npz,0.15,2691,matched,110,4.0,0.1500244140625,0.150390625,2.4685840480099746,2.5675615527844338,2.369606543235515,True,5.636363636363637,6.020618556701031,5.267326732673268,198,97,101,17,6,11,0.07906976744186046,resolved
c1_L128_rep003.npz,0.15,2691,matched,211,4.0,0.1500244140625,0.150390625,2.4573797378829414,2.54181711362162,2.3729423621442627,True,5.616161616161616,5.959183673469388,5.28,198,98,100,18,6,12,0.08333333333333333,resolved
c1_L128_rep003.npz,0.15,2691,matched,312,4.0,0.1500244140625,0.150390625,2.4817196845246574,2.5938328258138004,2.369606543235515,True,5.66497461928934,6.083333333333333,5.267326732673268,197,96,101,17,6,11,0.0794392523364486,resolved
c1_L128_rep003.npz,0.15,2691,matched,413,4.0,0.1500244140625,0.150390625,2.504291512034577,2.5938328258138004,2.4147501982553528,True,5.723076923076923,6.083333333333333,5.373737373737374,195,96,99,17,6,11,0.08018867924528301,resolved
c1_L128_rep003.npz,0.15,2691,matched,514,4.0,0.1500244140625,0.150390625,2.465667008260228,2.5165838182651035,2.4147501982553528,True,5.636363636363637,5.898989898989899,5.373737373737374,198,99,99,17,6,11,0.07906976744186046,resolved
c1_L128_rep003.npz,0.15,3051,native,-1,1.0,0.1500244140625,0.1500244140625,1.897101610912646,1.8926986522533642,1.9015045695719275,True,3.755412991178829,3.7618296529968456,3.7487765089722673,1247,634,613,54,21,33,0.0415065334358186,resolved
c1_L128_rep003.npz,0.15,3051,majority,-1,1.0,0.1500244140625,0.13824462890625,2.1426552007177526,2.1420988763084177,2.1432115251270876,True,4.743392070484582,4.805251641137856,4.680709534368071,908,457,451,45,17,28,0.0472193074501574,resolved
c1_L128_rep003.npz,0.15,3051,matched,110,4.0,0.1500244140625,0.150390625,2.5118181545528744,2.675974486180014,2.347661822925734,True,5.7846153846153845,6.236559139784946,5.372549019607843,195,93,102,17,6,11,0.08018867924528301,resolved
c1_L128_rep003.npz,0.15,3051,matched,211,4.0,0.1500244140625,0.150390625,2.5118181545528744,2.675974486180014,2.347661822925734,True,5.7846153846153845,6.236559139784946,5.372549019607843,195,93,102,17,6,11,0.08018867924528301,resolved
c1_L128_rep003.npz,0.15,3051,matched,312,4.0,0.1500244140625,0.150390625,2.5118181545528744,2.675974486180014,2.347661822925734,True,5.7846153846153845,6.236559139784946,5.372549019607843,195,93,102,17,6,11,0.08018867924528301,resolved
c1_L128_rep003.npz,0.15,3051,matched,413,4.0,0.1500244140625,0.150390625,2.5118181545528744,2.675974486180014,2.347661822925734,True,5.7846153846153845,6.236559139784946,5.372549019607843,195,93,102,17,6,11,0.08018867924528301,resolved
c1_L128_rep003.npz,0.15,3051,matched,514,4.0,0.1500244140625,0.150390625,2.5118181545528744,2.675974486180014,2.347661822925734,True,5.7846153846153845,6.236559139784946,5.372549019607843,195,93,102,17,6,11,0.08018867924528301,resolved
c1_L128_rep003.npz,0.15,3458,native,-1,1.0,0.1500244140625,0.1500244140625,1.9983235151005823,2.0244597045997077,1.9721873256014568,True,3.920406435224386,3.981387478849408,3.859322033898305,1181,591,590,75,30,45,0.059713375796178345,resolved
c1_L128_rep003.npz,0.15,3458,majority,-1,1.0,0.1500244140625,0.139404296875,2.224368440855132,2.249863255432471,2.1988736262777926,True,4.904,4.9908675799086755,4.816933638443936,875,438,437,62,24,38,0.06616862326574173,resolved
c1_L128_rep003.npz,0.15,3458,matched,110,4.0,0.1500244140625,0.150390625,2.5669038032833127,2.6480219116038164,2.4857856949628094,True,5.894736842105263,6.212765957446808,5.583333333333333,190,94,96,17,6,11,0.0821256038647343,resolved
c1_L128_rep003.npz,0.15,3458,matched,211,4.0,0.1500244140625,0.150390625,2.5655247034398165,2.6206472715708817,2.510402135308752,True,5.873684210526315,6.105263157894737,5.6421052631578945,190,95,95,17,6,11,0.0821256038647343,resolved
c1_L128_rep003.npz,0.15,3458,matched,312,4.0,0.1500244140625,0.150390625,2.5646719126248634,2.5938328258138004,2.5355109994359264,True,5.894736842105263,6.083333333333333,5.702127659574468,190,96,94,17,6,11,0.0821256038647343,resolved
c1_L128_rep003.npz,0.15,3458,matched,413,4.0,0.1500244140625,0.150390625,2.5908872418778133,2.6206472715708817,2.561127212184745,True,5.9361702127659575,6.105263157894737,5.763440860215054,188,95,93,17,6,11,0.08292682926829269,resolved
c1_L128_rep003.npz,0.15,3458,matched,514,4.0,0.1500244140625,0.150390625,2.590753006796035,2.5675615527844338,2.613944460807637,True,5.957446808510638,6.020618556701031,5.8901098901098905,188,97,91,17,6,11,0.08292682926829269,resolved
c1_L128_rep003.npz,0.15,3920,native,-1,1.0,0.1500244140625,0.1500244140625,2.0166284842460622,2.065131138467207,1.9681258300249174,True,3.9396771452846218,4.0426621160409555,3.8375634517766497,1177,586,591,63,28,35,0.050806451612903224,resolved
c1_L128_rep003.npz,0.15,3920,majority,-1,1.0,0.1500244140625,0.13909912109375,2.254168367086069,2.3016352789646337,2.2067014552075044,True,4.949074074074074,5.128504672897196,4.772935779816514,864,428,436,56,23,33,0.06086956521739131,resolved
c1_L128_rep003.npz,0.15,3920,matched,110,4.0,0.1500244140625,0.150390625,2.5793723816189913,2.5714784555452916,2.587266307692691,True,5.8936170212765955,6.0,5.782608695652174,188,96,92,18,7,11,0.08737864077669903,resolved
c1_L128_rep003.npz,0.15,3920,matched,211,4.0,0.1500244140625,0.150390625,2.5793723816189913,2.5714784555452916,2.587266307692691,True,5.8936170212765955,6.0,5.782608695652174,188,96,92,18,7,11,0.08737864077669903,resolved
c1_L128_rep003.npz,0.15,3920,matched,312,4.0,0.1500244140625,0.150390625,2.5793723816189913,2.5714784555452916,2.587266307692691,True,5.8936170212765955,6.0,5.782608695652174,188,96,92,18,7,11,0.08737864077669903,resolved
c1_L128_rep003.npz,0.15,3920,matched,413,4.0,0.1500244140625,0.150390625,2.5793723816189913,2.5714784555452916,2.587266307692691,True,5.8936170212765955,6.0,5.782608695652174,188,96,92,18,7,11,0.08737864077669903,resolved
c1_L128_rep003.npz,0.15,3920,matched,514,4.0,0.1500244140625,0.150390625,2.5793723816189913,2.5714784555452916,2.587266307692691,True,5.8936170212765955,6.0,5.782608695652174,188,96,92,18,7,11,0.08737864077669903,resolved
c1_L128_rep003.npz,0.15,4443,native,-1,1.0,0.1500244140625,0.1500244140625,2.0967233001701397,2.08220380149467,2.1112427988456095,True,4.092362344582593,4.104529616724738,4.079710144927536,1126,574,552,71,30,41,0.059314954051796154,resolved
c1_L128_rep003.npz,0.15,4443,majority,-1,1.0,0.1500244140625,0.14117431640625,2.3075183835781345,2.2996994959766384,2.315337271179631,True,5.047953216374269,5.1036866359447,4.990498812351544,855,434,421,70,28,42,0.07567567567567568,resolved
c1_L128_rep003.npz,0.15,4443,matched,110,4.0,0.1500244140625,0.150390625,2.5898623664281137,2.6480219116038164,2.531702821252411,True,5.947089947089947,6.170212765957447,5.726315789473684,189,94,95,16,6,10,0.07804878048780488,resolved
c1_L128_rep003.npz,0.15,4443,matched,211,4.0,0.1500244140625,0.150390625,2.60069499173391,2.6480219116038164,2.553368071864003,True,5.968253968253968,6.170212765957447,5.768421052631579,189,94,95,15,6,9,0.07352941176470588,resolved
c1_L128_rep003.npz,0.15,4443,matched,312,4.0,0.1500244140625,0.150390625,2.616798746741508,2.6802294216190123,2.553368071864003,True,6.010695187165775,6.260869565217392,5.768421052631579,187,92,95,16,7,9,0.07881773399014778,resolved
c1_L128_rep003.npz,0.15,4443,matched,413,4.0,0.1500244140625,0.150390625,2.601940275691108,2.675974486180014,2.527906065202202,True,5.968253968253968,6.236559139784946,5.708333333333333,189,93,96,15,6,9,0.07352941176470588,resolved
c1_L128_rep003.npz,0.15,4443,matched,514,4.0,0.1500244140625,0.150390625,2.6026318339890864,2.6480219116038164,2.5572417563743564,True,5.957446808510638,6.170212765957447,5.74468085106383,188,94,94,16,6,10,0.0784313725490196,resolved
c1_L128_rep003.npz,0.15,5037,native,-1,1.0,0.1500244140625,0.1500244140625,2.1594499336001514,2.157093198651735,2.1618066685485675,True,4.1535714285714285,4.188277087033748,4.118491921005386,1120,563,557,61,29,32,0.05165114309906858,resolved
c1_L128_rep003.npz,0.15,5037,majority,-1,1.0,0.1500244140625,0.1409912109375,2.3900170680576327,2.3884638334915715,2.3915703026236934,True,5.2631578947368425,5.29047619047619,5.235576923076923,836,420,416,52,23,29,0.05855855855855856,resolved
c1_L128_rep003.npz,0.15,5037,matched,110,4.0,0.1500244140625,0.150390625,2.7890408400751854,2.84726925724126,2.730812422909111,True,6.2628571428571425,6.561797752808989,5.953488372093023,175,89,86,16,4,12,0.08376963350785341,resolved
c1_L128_rep003.npz,0.15,5037,matched,211,4.0,0.1500244140625,0.150390625,2.7890408400751854,2.84726925724126,2.730812422909111,True,6.2628571428571425,6.561797752808989,5.953488372093023,175,89,86,16,4,12,0.08376963350785341,resolved
c1_L128_rep003.npz,0.15,5037,matched,312,4.0,0.1500244140625,0.150390625,2.7890408400751854,2.84726925724126,2.730812422909111,True,6.2628571428571425,6.561797752808989,5.953488372093023,175,89,86,16,4,12,0.08376963350785341,resolved
c1_L128_rep003.npz,0.15,5037,matched,413,4.0,0.1500244140625,0.150390625,2.7890408400751854,2.84726925724126,2.730812422909111,True,6.2628571428571425,6.561797752808989,5.953488372093023,175,89,86,16,4,12,0.08376963350785341,resolved
c1_L128_rep003.npz,0.15,5037,matched,514,4.0,0.1500244140625,0.150390625,2.7890408400751854,2.84726925724126,2.730812422909111,True,6.2628571428571425,6.561797752808989,5.953488372093023,175,89,86,16,4,12,0.08376963350785341,resolved
c1_L128_rep003.npz,0.15,5709,native,-1,1.0,0.1500244140625,0.1500244140625,2.2977548849732368,2.2639146041680935,2.33159516577838,True,4.332715477293791,4.315693430656935,4.350282485875706,1079,548,531,65,26,39,0.056818181818181816,resolved
c1_L128_rep003.npz,0.15,5709,majority,-1,1.0,0.1500244140625,0.14141845703125,2.5269192158277693,2.4948900504619367,2.5589483811936016,True,5.507518796992481,5.5310173697270475,5.483544303797468,798,403,395,59,23,36,0.06884480746791131,resolved
c1_L128_rep003.npz,0.15,5709,matched,110,4.0,0.1500244140625,0.150390625,2.790197701684992,2.675974486180014,2.9044209171899698,True,6.340909090909091,6.236559139784946,6.457831325301205,176,93,83,15,6,9,0.07853403141361257,resolved
c1_L128_rep003.npz,0.15,5709,matched,211,4.0,0.1500244140625,0.150390625,2.833672537234758,2.7292620035799806,2.938083070889536,True,6.436781609195402,6.3478260869565215,6.536585365853658,174,92,82,14,5,9,0.07446808510638298,resolved
c1_L128_rep003.npz,0.15,5709,matched,312,4.0,0.1500244140625,0.150390625,2.806978759165205,2.704523492624938,2.9094340257054716,True,6.2988505747126435,6.304347826086956,6.2926829268292686,174,92,82,16,6,10,0.08421052631578947,resolved
c1_L128_rep003.npz,0.15,5709,matched,413,4.0,0.1500244140625,0.150390625,2.7883062964665086,2.700191134977701,2.876421457955317,True,6.340909090909091,6.279569892473118,6.409638554216867,176,93,83,15,5,10,0.07853403141361257,resolved
c1_L128_rep003.npz,0.15,5709,matched,514,4.0,0.1500244140625,0.150390625,2.7905835323398716,2.6717330389742715,2.9094340257054716,True,6.340909090909091,6.212765957446808,6.487804878048781,176,94,82,15,5,10,0.07853403141361257,resolved
c1_L128_rep003.npz,0.15,6472,native,-1,1.0,0.1500244140625,0.1500244140625,2.370197083929013,2.2329958767120224,2.5073982911460035,True,4.428844317096466,4.3083941605839415,4.561122244488978,1047,548,499,64,25,39,0.0576057605760576,resolved
c1_L128_rep003.npz,0.15,6472,majority,-1,1.0,0.1500244140625,0.142822265625,2.5803197296450193,2.461519693860745,2.6991197654292938,True,5.605867346938775,5.439320388349515,5.790322580645161,784,412,372,63,25,38,0.0743801652892562,resolved
c1_L128_rep003.npz,0.15,6472,matched,110,4.0,0.1500244140625,0.150390625,2.875566834844803,2.879612296684554,2.871521373005052,True,6.627906976744186,6.681818181818182,6.571428571428571,172,88,84,13,4,9,0.07027027027027027,resolved
c1_L128_rep003.npz,0.15,6472,matched,211,4.0,0.1500244140625,0.150390625,2.900066968711168,2.856920778431087,2.9432131589912496,True,6.571428571428571,6.620689655172414,6.518518518518518,168,87,81,16,6,10,0.08695652173913043,resolved
c1_L128_rep003.npz,0.15,6472,matched,312,4.0,0.1500244140625,0.150390625,2.881582856915608,2.8250826429416804,2.938083070889536,True,6.635294117647059,6.590909090909091,6.682926829268292,170,88,82,15,6,9,0.08108108108108109,resolved
c1_L128_rep003.npz,0.15,6472,matched,413,4.0,0.1500244140625,0.150390625,2.8782538849062203,2.852086852622471,2.9044209171899698,True,6.619883040935672,6.590909090909091,6.650602409638554,171,88,83,14,5,9,0.07567567567567568,resolved
c1_L128_rep003.npz,0.15,6472,matched,514,4.0,0.1500244140625,0.150390625,2.8533509911452626,2.7634888232992756,2.9432131589912496,True,6.47953216374269,6.444444444444445,6.518518518518518,171,90,81,16,6,10,0.0855614973262032,resolved
c1_L128_rep003.npz,0.15,7336,native,-1,1.0,0.1500244140625,0.1500244140625,2.4001934382385333,2.3663669976504713,2.4340198788265948,True,4.56385068762279,4.546153846153846,4.582329317269076,1018,520,498,68,22,46,0.06261510128913444,resolved
c1_L128_rep003.npz,0.15,7336,majority,-1,1.0,0.1500244140625,0.142333984375,2.5943305523439513,2.5748509123290524,2.6138101923588506,True,5.753604193971166,5.704834605597965,5.805405405405406,763,393,370,63,19,44,0.07627118644067797,resolved
c1_L128_rep003.npz,0.15,7336,matched,110,4.0,0.1500244140625,0.150390625,2.895536270587418,2.9517137277309202,2.8393588134439165,True,6.682352941176471,6.870588235294117,6.4941176470588236,170,85,85,14,5,9,0.07608695652173914,resolved
c1_L128_rep003.npz,0.15,7336,matched,211,4.0,0.1500244140625,0.150390625,2.8953518219490855,2.9465539894379282,2.844149654460243,True,6.682352941176471,6.837209302325581,6.523809523809524,170,86,84,14,4,10,0.07608695652173914,resolved
c1_L128_rep003.npz,0.15,7336,matched,312,4.0,0.1500244140625,0.150390625,2.8981251908494663,2.9568915682550165,2.8393588134439165,True,6.6982248520710055,6.904761904761905,6.4941176470588236,169,84,85,15,6,9,0.08152173913043478,resolved
c1_L128_rep003.npz,0.15,7336,matched,413,4.0,0.1500244140625,0.150390625,2.9116175503679864,2.9517137277309202,2.871521373005052,True,6.72189349112426,6.870588235294117,6.571428571428571,169,85,84,14,5,9,0.07650273224043716,resolved
c1_L128_rep003.npz,0.15,7336,matched,514,4.0,0.1500244140625,0.150390625,2.926363534072273,2.981205695139493,2.871521373005052,True,6.72189349112426,6.91764705882353,6.523809523809524,169,85,84,13,4,9,0.07142857142857142,resolved
c1_L128_rep003.npz,0.15,8316,native,-1,1.0,0.1500244140625,0.1500244140625,2.449883127674628,2.4212590886737506,2.478507166675506,True,4.47609756097561,4.547892720306513,4.401590457256461,1025,522,503,68,24,44,0.06221408966148216,resolved
c1_L128_rep003.npz,0.15,8316,majority,-1,1.0,0.1500244140625,0.14093017578125,2.6852758897811864,2.6370493294574806,2.7335024501048926,True,5.8,5.832020997375328,5.766016713091922,740,381,359,65,23,42,0.08074534161490683,resolved
c1_L128_rep003.npz,0.15,8316,matched,110,4.0,0.1500244140625,0.150390625,2.90214890871435,2.927876359473383,2.876421457955317,True,6.658682634730539,6.761904761904762,6.554216867469879,167,84,83,17,7,10,0.09239130434782608,resolved
c1_L128_rep003.npz,0.15,8316,matched,211,4.0,0.1500244140625,0.150390625,2.90214890871435,2.927876359473383,2.876421457955317,True,6.658682634730539,6.761904761904762,6.554216867469879,167,84,83,17,7,10,0.09239130434782608,resolved
c1_L128_rep003.npz,0.15,8316,matched,312,4.0,0.1500244140625,0.150390625,2.9031186304508205,2.9620876064413983,2.844149654460243,True,6.658682634730539,6.843373493975903,6.476190476190476,167,83,84,17,7,10,0.09239130434782608,resolved
c1_L128_rep003.npz,0.15,8316,matched,413,4.0,0.1500244140625,0.150390625,2.920628726938304,2.9971077994163644,2.844149654460243,True,6.698795180722891,6.926829268292683,6.476190476190476,166,82,84,17,7,10,0.09289617486338798,resolved
c1_L128_rep003.npz,0.15,8316,matched,514,4.0,0.1500244140625,0.150390625,2.886013006966813,2.927876359473383,2.844149654460243,True,6.642857142857143,6.809523809523809,6.476190476190476,168,84,84,17,7,10,0.0918918918918919,resolved
c1_L128_rep003.npz,0.15,9427,native,-1,1.0,0.1500244140625,0.1500244140625,2.510813907306838,2.5454467305791004,2.4761810840345753,True,4.546268656716418,4.566731141199226,4.524590163934426,1005,517,488,74,27,47,0.0685820203892493,resolved
c1_L128_rep003.npz,0.15,9427,majority,-1,1.0,0.1500244140625,0.14141845703125,2.748162664400234,2.7885966800503876,2.707728648750081,True,5.836512261580381,5.927807486631016,5.741666666666666,734,374,360,72,25,47,0.08933002481389578,resolved
c1_L128_rep003.npz,0.15,9427,matched,110,4.0,0.1500244140625,0.150390625,3.0915760529582683,3.058552707156933,3.1245993987596035,True,7.0886075949367084,7.073170731707317,7.105263157894737,158,82,76,15,5,10,0.08670520231213873,resolved
c1_L128_rep003.npz,0.15,9427,matched,211,4.0,0.1500244140625,0.150390625,3.0733450011246393,3.022090603489675,3.1245993987596035,True,7.044025157232705,6.9879518072289155,7.105263157894737,159,83,76,15,5,10,0.08620689655172414,resolved
c1_L128_rep003.npz,0.15,9427,matched,312,4.0,0.1500244140625,0.150390625,3.0733450011246393,3.022090603489675,3.1245993987596035,True,7.044025157232705,6.9879518072289155,7.105263157894737,159,83,76,15,5,10,0.08620689655172414,resolved
c1_L128_rep003.npz,0.15,9427,matched,413,4.0,0.1500244140625,0.150390625,3.0928417961372667,3.022090603489675,3.1635929887848584,True,7.0886075949367084,6.9879518072289155,7.2,158,83,75,15,5,10,0.08670520231213873,resolved
c1_L128_rep003.npz,0.15,9427,matched,514,4.0,0.1500244140625,0.150390625,3.0733450011246393,3.022090603489675,3.1245993987596035,True,7.044025157232705,6.9879518072289155,7.105263157894737,159,83,76,15,5,10,0.08620689655172414,resolved
c1_L128_rep003.npz,0.15,10686,native,-1,1.0,0.1500244140625,0.1500244140625,2.5258733874576946,2.49552162005177,2.5562251548636192,True,4.556218905472637,4.5576923076923075,4.554639175257732,1005,520,485,78,26,52,0.07202216066481995,resolved
c1_L128_rep003.npz,0.15,10686,majority,-1,1.0,0.1500244140625,0.14031982421875,2.8063266235151807,2.781851177539525,2.8308020694908365,True,6.025495750708215,6.008174386920981,6.04424778761062,706,367,339,76,25,51,0.09718670076726342,resolved
c1_L128_rep003.npz,0.15,10686,matched,110,4.0,0.1500244140625,0.150390625,3.1004767306568026,3.0530130400905606,3.1479404212230446,True,7.174193548387096,7.0843373493975905,7.277777777777778,155,83,72,18,4,14,0.10404624277456648,resolved
c1_L128_rep003.npz,0.15,10686,matched,211,4.0,0.1500244140625,0.150390625,3.0809861234631652,3.0959054005301248,3.066066846396206,True,7.102564102564102,7.160493827160494,7.04,156,81,75,18,5,13,0.10344827586206896,resolved
c1_L128_rep003.npz,0.15,10686,matched,312,4.0,0.1500244140625,0.150390625,3.1172596246599955,3.0530130400905606,3.18150620922943,True,7.2,7.0843373493975905,7.333333333333333,155,83,72,17,4,13,0.09883720930232558,resolved
c1_L128_rep003.npz,0.15,10686,matched,413,4.0,0.1500244140625,0.150390625,3.079377323612036,3.016682113067655,3.142072534156416,True,7.10828025477707,7.0,7.232876712328767,157,84,73,17,4,13,0.09770114942528736,resolved
c1_L128_rep003.npz,0.15,10686,matched,514,4.0,0.1500244140625,0.150390625,3.0595399432433834,3.0530130400905606,3.066066846396206,True,7.063291139240507,7.0843373493975905,7.04,158,83,75,17,4,13,0.09714285714285714,resolved
c1_L128_rep003.npz,0.15,12113,native,-1,1.0,0.1500244140625,0.1500244140625,2.590431589317692,2.5669964797361424,2.613866698899242,True,4.605846774193548,4.6232741617357,4.587628865979381,992,507,485,90,36,54,0.08317929759704251,resolved
c1_L128_rep003.npz,0.15,12113,majority,-1,1.0,0.1500244140625,0.1405029296875,2.896808768845563,2.8652112460995243,2.9284062915916014,True,6.286775631500743,6.273775216138328,6.300613496932515,673,347,326,86,34,52,0.11330698287220026,resolved
c1_L128_rep003.npz,0.15,12113,matched,110,4.0,0.1500244140625,0.150390625,3.209761747494736,3.3101941144028486,3.109329380586624,True,7.510204081632653,7.72972972972973,7.287671232876712,147,74,73,21,7,14,0.125,resolved
c1_L128_rep003.npz,0.15,12113,matched,211,4.0,0.1500244140625,0.150390625,3.20773382471827,3.2675272282134955,3.1479404212230446,True,7.510204081632653,7.626666666666667,7.388888888888889,147,75,72,21,7,14,0.125,resolved
c1_L128_rep003.npz,0.15,12113,matched,312,4.0,0.1500244140625,0.150390625,3.18842830440006,3.2675272282134955,3.109329380586624,True,7.45945945945946,7.626666666666667,7.287671232876712,148,75,73,21,7,14,0.1242603550295858,resolved
c1_L128_rep003.npz,0.15,12113,matched,413,4.0,0.1500244140625,0.150390625,3.1695906291729674,3.2675272282134955,3.0716540301324393,True,7.409395973154362,7.626666666666667,7.1891891891891895,149,75,74,21,7,14,0.12352941176470589,resolved
c1_L128_rep003.npz,0.15,12113,matched,514,4.0,0.1500244140625,0.150390625,3.1695906291729674,3.2675272282134955,3.0716540301324393,True,7.409395973154362,7.626666666666667,7.1891891891891895,149,75,74,21,7,14,0.12352941176470589,resolved
c1_L128_rep003.npz,0.15,13731,native,-1,1.0,0.1500244140625,0.1500244140625,2.6980531991131547,2.670801989649133,2.7253044085771765,True,4.854525862068965,4.940677966101695,4.765350877192983,928,472,456,101,38,63,0.09815354713313897,resolved
c1_L128_rep003.npz,0.15,13731,majority,-1,1.0,0.1500244140625,0.14276123046875,2.9410359319380857,2.9238019997292026,2.9582698641469687,True,6.405120481927711,6.3468208092485545,6.468553459119497,664,346,318,96,35,61,0.12631578947368421,resolved
c1_L128_rep003.npz,0.15,13731,matched,110,4.0,0.1500244140625,0.150390625,3.172576230676608,3.1854102690746666,3.159742192278549,True,7.401360544217687,7.48051948051948,7.314285714285714,147,77,70,23,7,16,0.13529411764705881,resolved
c1_L128_rep003.npz,0.15,13731,matched,211,4.0,0.1500244140625,0.150390625,3.1528112745889736,3.1458803568993985,3.159742192278549,True,7.351351351351352,7.384615384615385,7.314285714285714,148,78,70,23,7,16,0.13450292397660818,resolved
c1_L128_rep003.npz,0.15,13731,matched,312,4.0,0.1500244140625,0.150390625,3.192516857045276,3.1854102690746666,3.199623445015885,True,7.4520547945205475,7.48051948051948,7.420289855072464,146,77,69,23,7,16,0.13609467455621302,resolved
c1_L128_rep003.npz,0.15,13731,matched,413,4.0,0.1500244140625,0.150390625,3.2099631485073425,3.179401993355482,3.240524303659203,True,7.47945205479452,7.435897435897436,7.529411764705882,146,78,68,22,6,16,0.13095238095238096,resolved
c1_L128_rep003.npz,0.15,13731,matched,514,4.0,0.1500244140625,0.150390625,3.1696202675890017,3.1854102690746666,3.1538302661033373,True,7.378378378378378,7.48051948051948,7.267605633802817,148,77,71,22,7,15,0.12941176470588237,resolved
c1_L128_rep003.npz,0.15,15565,native,-1,1.0,0.1500244140625,0.1500244140625,2.8544995564791305,2.7770184857581373,2.9319806272001236,True,4.974444444444444,5.028199566160521,4.917995444191344,900,461,439,101,40,61,0.1008991008991009,resolved
c1_L128_rep003.npz,0.15,15565,majority,-1,1.0,0.1500244140625,0.142333984375,3.099852401584692,2.9960365710237564,3.203668232145627,True,6.8035426731078905,6.753846153846154,6.858108108108108,621,325,296,98,38,60,0.13630041724617525,resolved
c1_L128_rep003.npz,0.15,15565,matched,110,4.0,0.1500244140625,0.150390625,3.278838626398483,3.232131906853392,3.325545345943574,True,7.631205673758865,7.626666666666667,7.636363636363637,141,75,66,24,8,16,0.14545454545454545,resolved
c1_L128_rep003.npz,0.15,15565,matched,211,4.0,0.1500244140625,0.150390625,3.2573081411489726,3.232131906853392,3.282484375444553,True,7.549295774647887,7.573333333333333,7.522388059701493,142,75,67,24,8,16,0.14457831325301204,resolved
c1_L128_rep003.npz,0.15,15565,matched,312,4.0,0.1500244140625,0.150390625,3.278838626398483,3.232131906853392,3.325545345943574,True,7.631205673758865,7.626666666666667,7.636363636363637,141,75,66,24,8,16,0.14545454545454545,resolved
c1_L128_rep003.npz,0.15,15565,matched,413,4.0,0.1500244140625,0.150390625,3.27817894854722,3.2738735216498873,3.282484375444553,True,7.602836879432624,7.675675675675675,7.522388059701493,141,74,67,24,8,16,0.14545454545454545,resolved
c1_L128_rep003.npz,0.15,15565,matched,514,4.0,0.1500244140625,0.150390625,3.27817894854722,3.2738735216498873,3.282484375444553,True,7.631205673758865,7.72972972972973,7.522388059701493,141,74,67,24,8,16,0.14545454545454545,resolved
c1_L128_rep003.npz,0.15,17644,native,-1,1.0,0.1500244140625,0.1500244140625,2.8821281165722707,2.828436220426011,2.9358200127185303,True,5.021205357142857,4.985106382978723,5.061032863849765,896,470,426,98,29,69,0.09859154929577464,resolved
c1_L128_rep003.npz,0.15,17644,majority,-1,1.0,0.1500244140625,0.141845703125,3.169916448117637,3.078730718771585,3.2611021774636892,True,6.854368932038835,6.63963963963964,7.105263157894737,618,333,285,94,28,66,0.13202247191011235,resolved
c1_L128_rep003.npz,0.15,17644,matched,110,4.0,0.1500244140625,0.150390625,3.3948598455123635,3.360676961119077,3.4290427299056496,True,7.791044776119403,7.777777777777778,7.806451612903226,134,72,62,26,8,18,0.1625,resolved
c1_L128_rep003.npz,0.15,17644,matched,211,4.0,0.1500244140625,0.150390625,3.411449405781264,3.3539900188962646,3.4689087926662636,True,7.822222222222222,7.780821917808219,7.870967741935484,135,73,62,24,7,17,0.1509433962264151,resolved
c1_L128_rep003.npz,0.15,17644,matched,312,4.0,0.1500244140625,0.150390625,3.4425331264896784,3.360676961119077,3.5243892918602797,True,7.878787878787879,7.722222222222222,8.066666666666666,132,72,60,26,8,18,0.16455696202531644,resolved
c1_L128_rep003.npz,0.15,17644,matched,413,4.0,0.1500244140625,0.150390625,3.391516374400957,3.3539900188962646,3.4290427299056496,True,7.822222222222222,7.835616438356165,7.806451612903226,135,73,62,25,7,18,0.15625,resolved
c1_L128_rep003.npz,0.15,17644,matched,514,4.0,0.1500244140625,0.150390625,3.4136149058159084,3.3101941144028486,3.5170356972289687,True,7.822222222222222,7.675675675675675,8.0,135,74,61,24,7,17,0.1509433962264151,resolved
c1_L128_rep003.npz,0.15,20000,native,-1,1.0,0.1500244140625,0.1500244140625,2.920343904353039,2.88598667016203,2.9547011385440483,True,5.189655172413793,5.164444444444444,5.216666666666667,870,450,420,91,29,62,0.09469302809573361,resolved
c1_L128_rep003.npz,0.15,20000,majority,-1,1.0,0.1500244140625,0.142578125,3.190654669160777,3.173133677829623,3.208175660491931,True,6.899676375404531,6.740061162079511,7.079037800687285,618,327,291,90,28,62,0.1271186440677966,resolved
c1_L128_rep003.npz,0.15,20000,matched,110,4.0,0.1500244140625,0.150390625,3.401235365039798,3.507152145643693,3.2953185844359036,True,8.0,8.176470588235293,7.815384615384615,133,68,65,27,9,18,0.16875,resolved
c1_L128_rep003.npz,0.15,20000,matched,211,4.0,0.1500244140625,0.150390625,3.4009490030985203,3.548866141463164,3.253031864733876,True,7.970149253731344,8.235294117647058,7.696969696969697,134,68,66,26,8,18,0.1625,resolved
c1_L128_rep003.npz,0.15,20000,matched,312,4.0,0.1500244140625,0.150390625,3.3526203219977946,3.4522087792617127,3.253031864733876,True,7.852941176470588,8.0,7.696969696969697,136,70,66,26,8,18,0.16049382716049382,resolved
c1_L128_rep003.npz,0.15,20000,matched,413,4.0,0.1500244140625,0.150390625,3.4472859677584404,3.5992533510809777,3.2953185844359036,True,8.0,8.35820895522388,7.630769230769231,132,67,65,26,8,18,0.16455696202531644,resolved
c1_L128_rep003.npz,0.15,20000,matched,514,4.0,0.1500244140625,0.150390625,3.3943795951325724,3.49987023098884,3.2888889592763046,True,7.940740740740741,8.115942028985508,7.757575757575758,135,69,66,25,8,17,0.15625,resolved
c1_L128_rep004.npz,0.15,1119,native,-1,1.0,0.1500244140625,0.1500244140625,1.4982487438240641,1.5237526295789028,1.4727448580692255,True,3.1549865229110514,3.221311475409836,3.0904255319148937,1484,732,752,94,43,51,0.059569074778200254,resolved
c1_L128_rep004.npz,0.15,1119,majority,-1,1.0,0.1500244140625,0.135986328125,1.668904500007842,1.6948805208789142,1.6429284791367698,True,3.762455516014235,3.851985559566787,3.675438596491228,1124,554,570,87,39,48,0.07184145334434351,resolved
c1_L128_rep004.npz,0.15,1119,matched,110,4.0,0.1500244140625,0.150390625,2.1898904739707676,2.2437652478882555,2.13601570005328,True,5.064220183486238,5.233644859813084,4.900900900900901,218,107,111,24,11,13,0.09917355371900827,resolved
c1_L128_rep004.npz,0.15,1119,matched,211,4.0,0.1500244140625,0.150390625,2.1793837981961968,2.260766097163224,2.09800149922917,True,5.049773755656108,5.271028037383178,4.842105263157895,221,107,114,22,10,12,0.09053497942386832,resolved
c1_L128_rep004.npz,0.15,1119,matched,312,4.0,0.1500244140625,0.150390625,2.224665583185493,2.260766097163224,2.1885650692077623,True,5.12962962962963,5.271028037383178,4.990825688073395,216,107,109,22,10,12,0.09243697478991597,resolved
c1_L128_rep004.npz,0.15,1119,matched,413,4.0,0.1500244140625,0.150390625,2.159456176923479,2.182896653793678,2.13601570005328,True,4.990990990990991,5.081081081081081,4.900900900900901,222,111,111,23,10,13,0.09387755102040816,resolved
c1_L128_rep004.npz,0.15,1119,matched,514,4.0,0.1500244140625,0.150390625,2.1983908986082517,2.260766097163224,2.13601570005328,True,5.08256880733945,5.271028037383178,4.900900900900901,218,107,111,23,10,13,0.0954356846473029,resolved
c1_L128_rep004.npz,0.15,1268,native,-1,1.0,0.1500244140625,0.1500244140625,1.5001722099096328,1.489230679432878,1.511113740386388,True,3.108433734939759,3.109042553191489,3.1078167115902966,1494,752,742,95,46,49,0.059786028949024544,resolved
c1_L128_rep004.npz,0.15,1268,majority,-1,1.0,0.1500244140625,0.13336181640625,1.7198333180525232,1.702271455101878,1.7373951810031683,True,3.844216417910448,3.826887661141805,3.8620037807183363,1072,543,529,86,42,44,0.07426597582037997,resolved
c1_L128_rep004.npz,0.15,1268,matched,110,4.0,0.1500244140625,0.150390625,2.269536076872037,2.347661822925734,2.19141033081834,True,5.219047619047619,5.450980392156863,5.0,210,102,108,24,11,13,0.10256410256410256,resolved
c1_L128_rep004.npz,0.15,1268,matched,211,4.0,0.1500244140625,0.150390625,2.2401432955242777,2.326119829295339,2.154166761753216,True,5.164319248826291,5.398058252427185,4.945454545454545,213,103,110,24,11,13,0.10126582278481013,resolved
c1_L128_rep004.npz,0.15,1268,matched,312,4.0,0.1500244140625,0.150390625,2.238799263049618,2.3049695769632903,2.172628949135945,True,5.145539906103286,5.346153846153846,4.954128440366972,213,104,109,24,11,13,0.10126582278481013,resolved
c1_L128_rep004.npz,0.15,1268,matched,413,4.0,0.1500244140625,0.150390625,2.19231766756453,2.263802316683127,2.1208330184459334,True,5.050691244239632,5.245283018867925,4.864864864864865,217,106,111,25,11,14,0.10330578512396695,resolved
c1_L128_rep004.npz,0.15,1268,matched,514,4.0,0.1500244140625,0.150390625,2.231067764674309,2.326119829295339,2.13601570005328,True,5.121495327102804,5.398058252427185,4.864864864864865,214,103,111,24,11,13,0.10084033613445378,resolved
c1_L128_rep004.npz,0.15,1438,native,-1,1.0,0.1500244140625,0.1500244140625,1.5392339012039726,1.5600533665475436,1.518414435860402,True,3.2258953168044076,3.273991655076495,3.178717598908595,1452,719,733,87,42,45,0.056530214424951264,resolved
c1_L128_rep004.npz,0.15,1438,majority,-1,1.0,0.1500244140625,0.13507080078125,1.7367191030459617,1.7465820150584483,1.726856191033475,True,3.9189944134078214,3.966542750929368,3.871268656716418,1074,538,536,78,34,44,0.06770833333333333,resolved
c1_L128_rep004.npz,0.15,1438,matched,110,4.0,0.1500244140625,0.150390625,2.255486386284077,2.34114055478771,2.1698322177804434,True,5.271028037383178,5.538461538461538,5.0181818181818185,214,104,110,21,9,12,0.08936170212765958,resolved
c1_L128_rep004.npz,0.15,1438,matched,211,4.0,0.1500244140625,0.150390625,2.246278942155693,2.34114055478771,2.1514173295236754,True,5.246511627906977,5.538461538461538,4.972972972972973,215,104,111,21,9,12,0.08898305084745763,resolved
c1_L128_rep004.npz,0.15,1438,matched,312,4.0,0.1500244140625,0.150390625,2.2628505973007496,2.29868301332926,2.2270181812722387,True,5.220657276995305,5.39622641509434,5.046728971962617,213,106,107,21,9,12,0.08974358974358974,resolved
c1_L128_rep004.npz,0.15,1438,matched,413,4.0,0.1500244140625,0.150390625,2.226424887541238,2.29868301332926,2.154166761753216,True,5.185185185185185,5.39622641509434,4.9818181818181815,216,106,110,22,9,13,0.09243697478991597,resolved
c1_L128_rep004.npz,0.15,1438,matched,514,4.0,0.1500244140625,0.150390625,2.2447748720739256,2.3197175263674077,2.1698322177804434,True,5.246511627906977,5.485714285714286,5.0181818181818185,215,105,110,21,9,12,0.08898305084745763,resolved
c1_L128_rep004.npz,0.15,1630,native,-1,1.0,0.1500244140625,0.1500244140625,1.629963286983151,1.6400540479753323,1.61987252599097,True,3.370262390670554,3.38506588579795,3.3555878084179973,1372,683,689,95,45,50,0.06475800954328562,resolved
c1_L128_rep004.npz,0.15,1630,majority,-1,1.0,0.1500244140625,0.1376953125,1.7907635427871642,1.8017965023492268,1.7797305832251014,True,4.029551954242136,4.067178502879079,3.992424242424242,1049,521,528,88,41,47,0.0773966578715919,resolved
c1_L128_rep004.npz,0.15,1630,matched,110,4.0,0.1500244140625,0.150390625,2.2114675263121466,2.2076241907535956,2.215310861870697,True,5.168949771689498,5.185185185185185,5.153153153153153,219,108,111,20,12,8,0.08368200836820083,resolved
c1_L128_rep004.npz,0.15,1630,matched,211,4.0,0.1500244140625,0.150390625,2.253783782285691,2.2437652478882555,2.263802316683127,True,5.258215962441315,5.271028037383178,5.245283018867925,213,107,106,22,11,11,0.09361702127659574,resolved
c1_L128_rep004.npz,0.15,1630,matched,312,4.0,0.1500244140625,0.150390625,2.222622159081335,2.2270181812722387,2.218226136890431,True,5.216589861751152,5.271028037383178,5.163636363636364,217,107,110,21,12,9,0.08823529411764706,resolved
c1_L128_rep004.npz,0.15,1630,matched,413,4.0,0.1500244140625,0.150390625,2.252246977785471,2.2467559444599514,2.25773801111099,True,5.271028037383178,5.283018867924528,5.2592592592592595,214,106,108,21,12,9,0.08936170212765958,resolved
c1_L128_rep004.npz,0.15,1630,matched,514,4.0,0.1500244140625,0.150390625,2.2295380548794763,2.2437652478882555,2.215310861870697,True,5.229357798165138,5.308411214953271,5.153153153153153,218,107,111,19,11,8,0.08016877637130802,resolved
c1_L128_rep004.npz,0.15,1848,native,-1,1.0,0.1500244140625,0.1500244140625,1.632483813326871,1.686696582538954,1.5782710441147882,True,3.3657307415406765,3.478581979320532,3.258426966292135,1389,677,712,69,31,38,0.047325102880658436,resolved
c1_L128_rep004.npz,0.15,1848,majority,-1,1.0,0.1500244140625,0.13739013671875,1.8100395634152848,1.8661773530871288,1.7539017737434408,True,4.044634377967712,4.213725490196079,3.8858195211786373,1053,510,543,65,27,38,0.05813953488372093,resolved
c1_L128_rep004.npz,0.15,1848,matched,110,4.0,0.1500244140625,0.150390625,2.270204391840838,2.3575121298879984,2.182896653793678,True,5.295238095238095,5.5353535353535355,5.081081081081081,210,99,111,24,14,10,0.10256410256410256,resolved
c1_L128_rep004.npz,0.15,1848,matched,211,4.0,0.1500244140625,0.150390625,2.244064009008266,2.3575121298879984,2.130615888128533,True,5.226415094339623,5.5353535353535355,4.95575221238938,212,99,113,25,14,11,0.10548523206751055,resolved
c1_L128_rep004.npz,0.15,1848,matched,312,4.0,0.1500244140625,0.150390625,2.270204391840838,2.3575121298879984,2.182896653793678,True,5.276190476190476,5.5353535353535355,5.045045045045045,210,99,111,24,14,10,0.10256410256410256,resolved
c1_L128_rep004.npz,0.15,1848,matched,413,4.0,0.1500244140625,0.150390625,2.2514162495803816,2.3357898217696165,2.1670426773911466,True,5.270142180094787,5.52,5.045045045045045,211,100,111,25,14,11,0.1059322033898305,resolved
c1_L128_rep004.npz,0.15,1848,matched,514,4.0,0.1500244140625,0.150390625,2.2332028549490746,2.3357898217696165,2.130615888128533,True,5.220657276995305,5.52,4.95575221238938,213,100,113,25,14,11,0.10504201680672269,resolved
c1_L128_rep004.npz,0.15,2094,native,-1,1.0,0.1500244140625,0.1500244140625,1.645095390092492,1.698228832626278,1.5919619475587063,True,3.338549075391181,3.4160583941605838,3.264909847434119,1406,685,721,60,31,29,0.040927694406548434,resolved
c1_L128_rep004.npz,0.15,2094,majority,-1,1.0,0.1500244140625,0.13739013671875,1.8360091684545665,1.8816312993330184,1.7903870375761148,True,4.079923882017127,4.181996086105675,3.9833333333333334,1051,511,540,54,28,26,0.048868778280542986,resolved
c1_L128_rep004.npz,0.15,2094,matched,110,4.0,0.1500244140625,0.150390625,2.304099485296554,2.263802316683127,2.3443966539099805,True,5.282296650717703,5.283018867924528,5.281553398058253,209,106,103,21,11,10,0.09130434782608696,resolved
c1_L128_rep004.npz,0.15,2094,matched,211,4.0,0.1500244140625,0.150390625,2.3135230935670155,2.260766097163224,2.3662800899708074,True,5.339712918660287,5.308411214953271,5.372549019607843,209,107,102,20,10,10,0.08733624454148471,resolved
c1_L128_rep004.npz,0.15,2094,matched,312,4.0,0.1500244140625,0.150390625,2.3065572425266834,2.2211490948295225,2.3919653902238442,True,5.282296650717703,5.2110091743119265,5.36,209,109,100,21,10,11,0.09130434782608696,resolved
c1_L128_rep004.npz,0.15,2094,matched,413,4.0,0.1500244140625,0.150390625,2.2630593358964064,2.2211490948295225,2.3049695769632903,True,5.2018779342723,5.2110091743119265,5.1923076923076925,213,109,104,21,10,11,0.08974358974358974,resolved
c1_L128_rep004.npz,0.15,2094,matched,514,4.0,0.1500244140625,0.150390625,2.3252402832288697,2.284200476486932,2.3662800899708074,True,5.333333333333333,5.333333333333333,5.333333333333333,207,105,102,21,11,10,0.09210526315789473,resolved
c1_L128_rep004.npz,0.15,2374,native,-1,1.0,0.1500244140625,0.1500244140625,1.7172205869046757,1.775086735883035,1.6593544379263165,True,3.4689138576779026,3.6117103235747305,3.3338192419825075,1335,649,686,76,38,38,0.05386250885896527,resolved
c1_L128_rep004.npz,0.15,2374,majority,-1,1.0,0.1500244140625,0.137451171875,1.9030645039856462,1.9339298894181816,1.872199118553111,True,4.234530938123752,4.352941176470588,4.119842829076621,1002,493,509,68,35,33,0.06355140186915888,resolved
c1_L128_rep004.npz,0.15,2374,matched,110,4.0,0.1500244140625,0.150390625,2.3251314866581376,2.362962962962963,2.287300010353312,True,5.371980676328502,5.514563106796117,5.230769230769231,207,103,104,21,9,12,0.09210526315789473,resolved
c1_L128_rep004.npz,0.15,2374,matched,211,4.0,0.1500244140625,0.150390625,2.3245258889820435,2.3197175263674077,2.3293342515966793,True,5.371980676328502,5.40952380952381,5.333333333333333,207,105,102,21,9,12,0.09210526315789473,resolved
c1_L128_rep004.npz,0.15,2374,matched,312,4.0,0.1500244140625,0.150390625,2.3140086324629694,2.29868301332926,2.3293342515966793,True,5.346153846153846,5.3584905660377355,5.333333333333333,208,106,102,21,9,12,0.09170305676855896,resolved
c1_L128_rep004.npz,0.15,2374,matched,413,4.0,0.1500244140625,0.150390625,2.3353268130758185,2.3197175263674077,2.3509360997842292,True,5.398058252427185,5.40952380952381,5.3861386138613865,206,105,101,21,9,12,0.09251101321585903,resolved
c1_L128_rep004.npz,0.15,2374,matched,514,4.0,0.1500244140625,0.150390625,2.3251314866581376,2.362962962962963,2.287300010353312,True,5.371980676328502,5.514563106796117,5.230769230769231,207,103,104,21,9,12,0.09210526315789473,resolved
c1_L128_rep004.npz,0.15,2691,native,-1,1.0,0.1500244140625,0.1500244140625,1.7526067207394562,1.7474991012773828,1.7577143402015296,True,3.53353428786737,3.5104790419161676,3.5569044006069803,1327,668,659,60,35,25,0.043258832011535686,resolved
c1_L128_rep004.npz,0.15,2691,majority,-1,1.0,0.1500244140625,0.1380615234375,1.9568641203239057,1.9658792350568817,1.9478490055909297,True,4.393075356415479,4.425051334702259,4.361616161616162,982,487,495,49,30,19,0.0475266731328807,resolved
c1_L128_rep004.npz,0.15,2691,matched,110,4.0,0.1500244140625,0.150390625,2.430295089006937,2.3784648651620275,2.482125312851846,True,5.552238805970149,5.538461538461538,5.56701030927835,201,104,97,17,7,10,0.0779816513761468,resolved
c1_L128_rep004.npz,0.15,2691,matched,211,4.0,0.1500244140625,0.150390625,2.4192409220610998,2.3563565312703534,2.482125312851846,True,5.524752475247524,5.485714285714286,5.56701030927835,202,105,97,17,7,10,0.0776255707762557,resolved
c1_L128_rep004.npz,0.15,2691,matched,312,4.0,0.1500244140625,0.150390625,2.4081389599886895,2.381825689020404,2.434452230956975,True,5.5049504950495045,5.553398058252427,5.454545454545454,202,103,99,18,8,10,0.08181818181818182,resolved
c1_L128_rep004.npz,0.15,2691,matched,413,4.0,0.1500244140625,0.150390625,2.4182612542653366,2.3784648651620275,2.4580576433686456,True,5.524752475247524,5.538461538461538,5.510204081632653,202,104,98,17,7,10,0.0776255707762557,resolved
c1_L128_rep004.npz,0.15,2691,matched,514,4.0,0.1500244140625,0.150390625,2.4072070873194997,2.3563565312703534,2.4580576433686456,True,5.497536945812808,5.485714285714286,5.510204081632653,203,105,98,17,7,10,0.07727272727272727,resolved
c1_L128_rep004.npz,0.15,3051,native,-1,1.0,0.1500244140625,0.1500244140625,1.8078955859035397,1.8154926341460924,1.8002985376609872,True,3.618350038550501,3.641304347826087,3.5957120980091886,1297,644,653,72,44,28,0.052593133674214754,resolved
c1_L128_rep004.npz,0.15,3051,majority,-1,1.0,0.1500244140625,0.13751220703125,2.0057996849373225,2.010676969609867,2.000922400264778,True,4.487958115183246,4.559574468085106,4.418556701030928,955,470,485,66,42,24,0.06464250734573947,resolved
c1_L128_rep004.npz,0.15,3051,matched,110,4.0,0.1500244140625,0.150390625,2.5206925316056803,2.4274406024037236,2.613944460807637,True,5.791666666666667,5.663366336633663,5.934065934065934,192,101,91,19,8,11,0.09004739336492891,resolved
c1_L128_rep004.npz,0.15,3051,matched,211,4.0,0.1500244140625,0.150390625,2.5310515506944795,2.474836793696268,2.587266307692691,True,5.821989528795812,5.777777777777778,5.869565217391305,191,99,92,19,8,11,0.09047619047619047,resolved
c1_L128_rep004.npz,0.15,3051,matched,312,4.0,0.1500244140625,0.150390625,2.5381323978294397,2.430941360734378,2.645323434924501,True,5.8201058201058204,5.68,5.977528089887641,189,100,89,21,9,12,0.1,resolved
c1_L128_rep004.npz,0.15,3051,matched,413,4.0,0.1500244140625,0.150390625,2.5443906272519525,2.474836793696268,2.613944460807637,True,5.831578947368421,5.737373737373737,5.934065934065934,190,99,91,19,8,11,0.09090909090909091,resolved
c1_L128_rep004.npz,0.15,3051,matched,514,4.0,0.1500244140625,0.150390625,2.558007657080572,2.474836793696268,2.641178520464876,True,5.841269841269841,5.737373737373737,5.955555555555556,189,99,90,19,8,11,0.09134615384615384,resolved
c1_L128_rep004.npz,0.15,3458,native,-1,1.0,0.1500244140625,0.1500244140625,1.8488284337226082,1.8351597560132462,1.86249711143197,True,3.7165479018210608,3.7082018927444795,3.7249602543720193,1263,634,629,76,41,35,0.05675877520537715,resolved
c1_L128_rep004.npz,0.15,3458,majority,-1,1.0,0.1500244140625,0.1375732421875,2.077104777227392,2.039662037097967,2.114547517356817,True,4.645336225596529,4.593147751605995,4.698901098901099,922,467,455,67,40,27,0.06774519716885744,resolved
c1_L128_rep004.npz,0.15,3458,matched,110,4.0,0.1500244140625,0.150390625,2.575640835042793,2.4204692471764746,2.730812422909111,True,5.904761904761905,5.669902912621359,6.186046511627907,189,103,86,18,6,12,0.08695652173913043,resolved
c1_L128_rep004.npz,0.15,3458,matched,211,4.0,0.1500244140625,0.150390625,2.561088969734378,2.4204692471764746,2.701708692292281,True,5.873684210526315,5.669902912621359,6.114942528735632,190,103,87,18,6,12,0.08653846153846154,resolved
c1_L128_rep004.npz,0.15,3458,matched,312,4.0,0.1500244140625,0.150390625,2.575640835042793,2.4204692471764746,2.730812422909111,True,5.904761904761905,5.669902912621359,6.186046511627907,189,103,86,18,6,12,0.08695652173913043,resolved
c1_L128_rep004.npz,0.15,3458,matched,413,4.0,0.1500244140625,0.150390625,2.572755831004539,2.4438029697167964,2.701708692292281,True,5.904761904761905,5.7254901960784315,6.114942528735632,189,102,87,18,6,12,0.08695652173913043,resolved
c1_L128_rep004.npz,0.15,3458,matched,514,4.0,0.1500244140625,0.150390625,2.6021764910396565,2.4438029697167964,2.7605500123625166,True,5.967914438502674,5.7254901960784315,6.258823529411765,187,102,85,18,6,12,0.08780487804878048,resolved
c1_L128_rep004.npz,0.15,3920,native,-1,1.0,0.1500244140625,0.1500244140625,1.9740051621714274,1.965354546376497,1.9826557779663578,True,3.8668341708542715,3.908333333333333,3.824915824915825,1194,600,594,81,43,38,0.06352941176470588,resolved
c1_L128_rep004.npz,0.15,3920,majority,-1,1.0,0.1500244140625,0.13958740234375,2.203046808364828,2.1712394996927284,2.2348541170369276,True,4.81214848143982,4.820796460176991,4.803203661327231,889,452,437,74,39,35,0.07684319833852545,resolved
c1_L128_rep004.npz,0.15,3920,matched,110,4.0,0.1500244140625,0.150390625,2.648936978062131,2.5714784555452916,2.72639550057897,True,6.120218579234972,6.0,6.252873563218391,183,96,87,18,7,11,0.08955223880597014,resolved
c1_L128_rep004.npz,0.15,3920,matched,211,4.0,0.1500244140625,0.150390625,2.5913511891501724,2.545655803417106,2.637046574883239,True,6.0212765957446805,5.938144329896907,6.1098901098901095,188,97,91,17,7,10,0.08292682926829269,resolved
c1_L128_rep004.npz,0.15,3920,matched,312,4.0,0.1500244140625,0.150390625,2.634431898154129,2.5714784555452916,2.697385340762966,True,6.086956521739131,6.0,6.181818181818182,184,96,88,18,7,11,0.0891089108910891,resolved
c1_L128_rep004.npz,0.15,3920,matched,413,4.0,0.1500244140625,0.150390625,2.6073209242948616,2.545655803417106,2.6689860451726166,True,6.0,5.938144329896907,6.067415730337078,186,97,89,18,7,11,0.08823529411764706,resolved
c1_L128_rep004.npz,0.15,3920,matched,514,4.0,0.1500244140625,0.150390625,2.6073209242948616,2.545655803417106,2.6689860451726166,True,6.021505376344086,5.938144329896907,6.112359550561798,186,97,89,18,7,11,0.08823529411764706,resolved
c1_L128_rep004.npz,0.15,4443,native,-1,1.0,0.1500244140625,0.1500244140625,2.002325264972134,1.92130495018112,2.0833455797631477,True,3.9093198992443323,3.8058252427184467,4.020942408376963,1191,618,573,67,31,36,0.05325914149443561,resolved
c1_L128_rep004.npz,0.15,4443,majority,-1,1.0,0.1500244140625,0.14019775390625,2.267966700319593,2.182724260997132,2.353209139642054,True,4.980504587155964,4.8197802197802195,5.155875299760192,872,455,417,60,28,32,0.06437768240343347,resolved
c1_L128_rep004.npz,0.15,4443,matched,110,4.0,0.1500244140625,0.150390625,2.7649507961644315,2.807908748948736,2.721992843380127,True,6.390804597701149,6.558139534883721,6.2272727272727275,174,86,88,19,9,10,0.09844559585492228,resolved
c1_L128_rep004.npz,0.15,4443,matched,211,4.0,0.1500244140625,0.150390625,2.7794392803362777,2.7771477631061625,2.7817307975663925,True,6.427745664739884,6.482758620689655,6.372093023255814,173,87,86,19,9,10,0.09895833333333333,resolved
c1_L128_rep004.npz,0.15,4443,matched,312,4.0,0.1500244140625,0.150390625,2.7797231843130144,2.807908748948736,2.751537619677292,True,6.427745664739884,6.558139534883721,6.2988505747126435,173,86,87,19,9,10,0.09895833333333333,resolved
c1_L128_rep004.npz,0.15,4443,matched,413,4.0,0.1500244140625,0.150390625,2.7794392803362777,2.7771477631061625,2.7817307975663925,True,6.427745664739884,6.482758620689655,6.372093023255814,173,87,86,19,9,10,0.09895833333333333,resolved
c1_L128_rep004.npz,0.15,4443,matched,514,4.0,0.1500244140625,0.150390625,2.764342691391727,2.7771477631061625,2.751537619677292,True,6.390804597701149,6.482758620689655,6.2988505747126435,174,87,87,19,9,10,0.09844559585492228,resolved
c1_L128_rep004.npz,0.15,5037,native,-1,1.0,0.1500244140625,0.1500244140625,2.0450292743443512,2.0531450759290144,2.0369134727596885,True,4.008561643835616,3.9744897959183674,4.043103448275862,1168,588,580,63,32,31,0.05117790414297319,resolved
c1_L128_rep004.npz,0.15,5037,majority,-1,1.0,0.1500244140625,0.13995361328125,2.3064922240753165,2.3288853569764916,2.2840990911741414,True,5.124559341950646,5.170616113744076,5.0792540792540795,851,422,429,58,29,29,0.0638063806380638,resolved
c1_L128_rep004.npz,0.15,5037,matched,110,4.0,0.1500244140625,0.150390625,2.821188736688403,2.817294830435125,2.8250826429416804,True,6.511627906976744,6.523809523809524,6.5,172,84,88,17,11,6,0.08994708994708994,resolved
c1_L128_rep004.npz,0.15,5037,matched,211,4.0,0.1500244140625,0.150390625,2.8062227566210343,2.8489566899427925,2.7634888232992756,True,6.473988439306359,6.602409638554217,6.355555555555555,173,83,90,17,11,6,0.08947368421052632,resolved
c1_L128_rep004.npz,0.15,5037,matched,312,4.0,0.1500244140625,0.150390625,2.8056205694174494,2.817294830435125,2.7939463083997733,True,6.473988439306359,6.523809523809524,6.426966292134831,173,84,89,17,11,6,0.08947368421052632,resolved
c1_L128_rep004.npz,0.15,5037,matched,413,4.0,0.1500244140625,0.150390625,2.8057058132152592,2.7863289834888385,2.8250826429416804,True,6.473988439306359,6.447058823529412,6.5,173,85,88,17,11,6,0.08947368421052632,resolved
c1_L128_rep004.npz,0.15,5037,matched,514,4.0,0.1500244140625,0.150390625,2.8038192388797594,2.844149654460243,2.7634888232992756,True,6.459770114942529,6.571428571428571,6.355555555555555,174,84,90,16,10,6,0.08421052631578947,resolved
c1_L128_rep004.npz,0.15,5709,native,-1,1.0,0.1500244140625,0.1500244140625,2.1545148760690003,2.1775375017072016,2.1314922504307994,True,4.107869142351901,4.159212880143112,4.0576923076923075,1131,559,572,69,34,35,0.0575,resolved
c1_L128_rep004.npz,0.15,5709,majority,-1,1.0,0.1500244140625,0.139404296875,2.409183916954468,2.4205348142963596,2.3978330196125763,True,5.281672816728167,5.339108910891089,5.224938875305623,813,404,409,65,32,33,0.07403189066059225,resolved
c1_L128_rep004.npz,0.15,5709,matched,110,4.0,0.1500244140625,0.150390625,2.843075857378181,2.7817307975663925,2.9044209171899698,True,6.556213017751479,6.465116279069767,6.650602409638554,169,86,83,19,10,9,0.10106382978723404,resolved
c1_L128_rep004.npz,0.15,5709,matched,211,4.0,0.1500244140625,0.150390625,2.8704397921708584,2.807908748948736,2.9329708353929806,True,6.579881656804734,6.465116279069767,6.698795180722891,169,86,83,17,9,8,0.0913978494623656,resolved
c1_L128_rep004.npz,0.15,5709,matched,312,4.0,0.1500244140625,0.150390625,2.8554400932244843,2.8393588134439165,2.871521373005052,True,6.5325443786982245,6.4941176470588236,6.571428571428571,169,85,84,18,9,9,0.0962566844919786,resolved
c1_L128_rep004.npz,0.15,5709,matched,413,4.0,0.1500244140625,0.150390625,2.839715060976894,2.807908748948736,2.871521373005052,True,6.517647058823529,6.465116279069767,6.571428571428571,170,86,84,18,9,9,0.09574468085106383,resolved
c1_L128_rep004.npz,0.15,5709,matched,514,4.0,0.1500244140625,0.150390625,2.87278239719413,2.812593958995279,2.9329708353929806,True,6.595238095238095,6.4941176470588236,6.698795180722891,168,85,83,18,10,8,0.0967741935483871,resolved
c1_L128_rep004.npz,0.15,6472,native,-1,1.0,0.1500244140625,0.1500244140625,2.305612485483821,2.261766654410333,2.3494583165573086,True,4.277318640955005,4.276243093922652,4.278388278388278,1089,543,546,63,36,27,0.0546875,resolved
c1_L128_rep004.npz,0.15,6472,majority,-1,1.0,0.1500244140625,0.14019775390625,2.5656969485936605,2.5009710586540383,2.630422838533282,True,5.566838046272494,5.472081218274112,5.6640625,778,394,384,59,34,25,0.07048984468339307,resolved
c1_L128_rep004.npz,0.15,6472,matched,110,4.0,0.1500244140625,0.150390625,2.9795451100635932,2.967301938393217,2.9917882817339696,True,6.884848484848485,6.926829268292683,6.843373493975903,165,82,83,14,8,6,0.0782122905027933,resolved
c1_L128_rep004.npz,0.15,6472,matched,211,4.0,0.1500244140625,0.150390625,2.9971172745760297,3.0024462674180894,2.9917882817339696,True,6.926829268292683,7.012345679012346,6.843373493975903,164,81,83,14,8,6,0.07865168539325842,resolved
c1_L128_rep004.npz,0.15,6472,matched,312,4.0,0.1500244140625,0.150390625,3.0123131607492675,2.9971077994163644,3.0275185220821705,True,6.951219512195122,6.975609756097561,6.926829268292683,164,82,82,13,7,6,0.07344632768361582,resolved
c1_L128_rep004.npz,0.15,6472,matched,413,4.0,0.1500244140625,0.150390625,2.9971172745760297,3.0024462674180894,2.9917882817339696,True,6.926829268292683,7.012345679012346,6.843373493975903,164,81,83,14,8,6,0.07865168539325842,resolved
c1_L128_rep004.npz,0.15,6472,matched,514,4.0,0.1500244140625,0.150390625,3.0151106728784436,3.038433064022918,2.9917882817339696,True,6.969325153374233,7.1,6.843373493975903,163,80,83,14,8,6,0.07909604519774012,resolved
c1_L128_rep004.npz,0.15,7336,native,-1,1.0,0.1500244140625,0.1500244140625,2.403310101715266,2.455213795416417,2.351406408014115,True,4.4674952198852775,4.533203125,4.404494382022472,1046,512,534,60,34,26,0.054249547920433995,resolved
c1_L128_rep004.npz,0.15,7336,majority,-1,1.0,0.1500244140625,0.141357421875,2.6689034123087665,2.715357197354651,2.622449627262882,True,5.8344370860927155,5.915989159891599,5.756476683937824,755,369,386,52,32,20,0.0644361833952912,resolved
c1_L128_rep004.npz,0.15,7336,matched,110,4.0,0.1500244140625,0.150390625,3.018497254713242,2.967301938393217,3.069692571033267,True,6.987654320987654,6.926829268292683,7.05,162,82,80,15,8,7,0.0847457627118644,resolved
c1_L128_rep004.npz,0.15,7336,matched,211,4.0,0.1500244140625,0.150390625,3.035699518870052,3.038433064022918,3.0329659737171863,True,7.031055900621118,7.1,6.962962962962963,161,80,81,15,8,7,0.08522727272727272,resolved
c1_L128_rep004.npz,0.15,7336,matched,312,4.0,0.1500244140625,0.150390625,2.9822669369297437,3.0024462674180894,2.9620876064413983,True,6.902439024390244,7.012345679012346,6.795180722891566,164,81,83,15,8,7,0.08379888268156424,resolved
c1_L128_rep004.npz,0.15,7336,matched,413,4.0,0.1500244140625,0.150390625,3.01498239475013,3.0024462674180894,3.0275185220821705,True,6.993865030674846,7.012345679012346,6.975609756097561,163,81,82,14,8,6,0.07909604519774012,resolved
c1_L128_rep004.npz,0.15,7336,matched,514,4.0,0.1500244140625,0.150390625,3.0514057553945553,3.07529298870694,3.0275185220821705,True,7.105590062111801,7.2405063291139244,6.975609756097561,161,79,82,14,8,6,0.08,resolved
c1_L128_rep004.npz,0.15,8316,native,-1,1.0,0.1500244140625,0.1500244140625,2.4914722610771127,2.5508344208419724,2.4321101013122526,True,4.673652694610778,4.7008032128514055,4.646825396825397,1002,498,504,52,27,25,0.04933586337760911,resolved
c1_L128_rep004.npz,0.15,8316,majority,-1,1.0,0.1500244140625,0.14215087890625,2.7152187318390464,2.7701087750854567,2.660328688592636,True,5.93574297188755,6.049315068493151,5.827225130890052,747,365,382,46,27,19,0.058007566204287514,resolved
c1_L128_rep004.npz,0.15,8316,matched,110,4.0,0.1500244140625,0.150390625,3.123460895396093,3.0494265869811015,3.1974952038110844,True,7.294117647058823,7.17948717948718,7.413333333333333,153,78,75,19,10,9,0.11046511627906977,resolved
c1_L128_rep004.npz,0.15,8316,matched,211,4.0,0.1500244140625,0.150390625,3.04667324318582,3.0494265869811015,3.0439198993905388,True,7.10828025477707,7.17948717948718,7.037974683544304,157,78,79,19,10,9,0.10795454545454546,resolved
c1_L128_rep004.npz,0.15,8316,matched,312,4.0,0.1500244140625,0.150390625,3.065237626570739,3.08655535375094,3.0439198993905388,True,7.17948717948718,7.2727272727272725,7.0886075949367084,156,77,79,19,10,9,0.10857142857142857,resolved
c1_L128_rep004.npz,0.15,8316,matched,413,4.0,0.1500244140625,0.150390625,3.0841223566842046,3.0494265869811015,3.118818126387308,True,7.2,7.17948717948718,7.220779220779221,155,78,77,19,10,9,0.10919540229885058,resolved
c1_L128_rep004.npz,0.15,8316,matched,514,4.0,0.1500244140625,0.150390625,3.0285501801356918,3.013180460880845,3.0439198993905388,True,7.0886075949367084,7.0886075949367084,7.0886075949367084,158,79,79,19,10,9,0.10734463276836158,resolved
c1_L128_rep004.npz,0.15,9427,native,-1,1.0,0.1500244140625,0.1500244140625,2.5811089925082484,2.6361513386872106,2.5260666463292862,True,4.742099898063201,4.8789144050104385,4.611553784860558,981,479,502,66,34,32,0.06303724928366762,resolved
c1_L128_rep004.npz,0.15,9427,majority,-1,1.0,0.1500244140625,0.14068603515625,2.806421355501746,2.8513902653293837,2.7614524456741085,True,6.182596291012839,6.369186046511628,6.002801120448179,701,344,357,63,29,34,0.0824607329842932,resolved
c1_L128_rep004.npz,0.15,9427,matched,110,4.0,0.1500244140625,0.150390625,3.069901244723193,3.1914412960691925,2.9483611933771936,True,7.230769230769231,7.631578947368421,6.85,156,76,80,19,8,11,0.10857142857142857,resolved
c1_L128_rep004.npz,0.15,9427,matched,211,4.0,0.1500244140625,0.150390625,3.050061840826536,3.1517624882758786,2.9483611933771936,True,7.1847133757961785,7.532467532467533,6.85,157,77,80,19,8,11,0.10795454545454546,resolved
c1_L128_rep004.npz,0.15,9427,matched,312,4.0,0.1500244140625,0.150390625,3.052952882865751,3.1914412960691925,2.9144644696623097,True,7.1847133757961785,7.631578947368421,6.765432098765432,157,76,81,19,8,11,0.10795454545454546,resolved
c1_L128_rep004.npz,0.15,9427,matched,413,4.0,0.1500244140625,0.150390625,3.036389795491786,3.1914412960691925,2.8813382949143795,True,7.139240506329114,7.631578947368421,6.682926829268292,158,76,82,19,8,11,0.10734463276836158,resolved
c1_L128_rep004.npz,0.15,9427,matched,514,4.0,0.1500244140625,0.150390625,3.036389795491786,3.1914412960691925,2.8813382949143795,True,7.139240506329114,7.631578947368421,6.682926829268292,158,76,82,19,8,11,0.10734463276836158,resolved
c1_L128_rep004.npz,0.15,10686,native,-1,1.0,0.1500244140625,0.1500244140625,2.5460778665871873,2.4389485737839616,2.6532071593904134,True,4.708375378405651,4.585461689587427,4.838174273858921,991,509,482,73,40,33,0.06860902255639098,resolved
c1_L128_rep004.npz,0.15,10686,majority,-1,1.0,0.1500244140625,0.1429443359375,2.7924675956654768,2.7005641812279473,2.8843710101030062,True,6.150552486187845,5.989218328840971,6.3201133144475925,724,371,353,66,38,28,0.08354430379746836,resolved
c1_L128_rep004.npz,0.15,10686,matched,110,4.0,0.1500244140625,0.150390625,3.0809550489512496,3.069692571033267,3.092217526869232,True,7.3076923076923075,7.3,7.315789473684211,156,80,76,18,7,11,0.10344827586206896,resolved
c1_L128_rep004.npz,0.15,10686,matched,211,4.0,0.1500244140625,0.150390625,3.062494208886929,3.038433064022918,3.08655535375094,True,7.261146496815287,7.25,7.2727272727272725,157,80,77,18,8,10,0.10285714285714286,resolved
c1_L128_rep004.npz,0.15,10686,matched,312,4.0,0.1500244140625,0.150390625,3.078373056299496,3.107319525617891,3.0494265869811015,True,7.286624203821656,7.3924050632911396,7.17948717948718,157,79,78,17,7,10,0.09770114942528736,resolved
c1_L128_rep004.npz,0.15,10686,matched,413,4.0,0.1500244140625,0.150390625,3.1644268645496565,3.1130582080378963,3.215795521061417,True,7.52,7.435897435897436,7.611111111111111,150,78,72,20,8,12,0.11764705882352941,resolved
c1_L128_rep004.npz,0.15,10686,matched,514,4.0,0.1500244140625,0.150390625,3.141829411469212,3.1914412960691925,3.092217526869232,True,7.473684210526316,7.631578947368421,7.315789473684211,152,76,76,19,8,11,0.1111111111111111,resolved
c1_L128_rep004.npz,0.15,12113,native,-1,1.0,0.1500244140625,0.1500244140625,2.624535726198902,2.5205501510290267,2.7285213013687777,True,4.761609907120743,4.758196721311475,4.765072765072765,969,488,481,75,42,33,0.07183908045977011,resolved
c1_L128_rep004.npz,0.15,12113,majority,-1,1.0,0.1500244140625,0.14202880859375,2.8824774025452093,2.77411915353261,2.9908356515578083,True,6.335276967930029,6.177966101694915,6.503012048192771,686,354,332,75,42,33,0.09855453350854139,resolved
c1_L128_rep004.npz,0.15,12113,matched,110,4.0,0.1500244140625,0.150390625,3.1537985101587465,2.9777858714012453,3.329811148916247,True,7.364238410596027,7.05,7.71830985915493,151,80,71,20,10,10,0.11695906432748537,resolved
c1_L128_rep004.npz,0.15,12113,matched,211,4.0,0.1500244140625,0.150390625,3.158672158220315,2.9432131589912496,3.3741311574493804,True,7.364238410596027,6.962962962962963,7.828571428571428,151,81,70,20,10,10,0.11695906432748537,resolved
c1_L128_rep004.npz,0.15,12113,matched,312,4.0,0.1500244140625,0.150390625,3.171495804898546,3.013180460880845,3.329811148916247,True,7.386666666666667,7.139240506329114,7.661971830985915,150,79,71,20,10,10,0.11764705882352941,resolved
c1_L128_rep004.npz,0.15,12113,matched,413,4.0,0.1500244140625,0.150390625,3.159728799924169,2.983055668077258,3.33640193177108,True,7.409395973154362,7.0886075949367084,7.771428571428571,149,79,70,22,11,11,0.1286549707602339,resolved
c1_L128_rep004.npz,0.15,12113,matched,514,4.0,0.1500244140625,0.150390625,3.147375952375219,3.0439198993905388,3.250832005359899,True,7.364238410596027,7.189873417721519,7.555555555555555,151,79,72,20,9,11,0.11695906432748537,resolved
c1_L128_rep004.npz,0.15,13731,native,-1,1.0,0.1500244140625,0.1500244140625,2.7286095067994642,2.7570521889283137,2.7001668246706148,True,4.868167202572347,4.928879310344827,4.8081023454157785,933,464,469,83,41,42,0.08169291338582677,resolved
c1_L128_rep004.npz,0.15,13731,majority,-1,1.0,0.1500244140625,0.14208984375,2.9548347221859284,2.9887690503269386,2.920900394044918,True,6.515933232169955,6.616564417177914,6.4174174174174174,659,326,333,82,41,41,0.1106612685560054,resolved
c1_L128_rep004.npz,0.15,13731,matched,110,4.0,0.1500244140625,0.150390625,3.1775171424270257,3.1914412960691925,3.1635929887848584,True,7.364238410596027,7.421052631578948,7.306666666666667,151,76,75,18,8,10,0.10650887573964497,resolved
c1_L128_rep004.npz,0.15,13731,matched,211,4.0,0.1500244140625,0.150390625,3.238722822203256,3.2738735216498873,3.2035721227566247,True,7.513513513513513,7.621621621621622,7.405405405405405,148,74,74,18,8,10,0.10843373493975904,resolved
c1_L128_rep004.npz,0.15,13731,matched,312,4.0,0.1500244140625,0.150390625,3.1975067094129086,3.1914412960691925,3.2035721227566247,True,7.413333333333333,7.421052631578948,7.405405405405405,150,76,74,18,8,10,0.10714285714285714,resolved
c1_L128_rep004.npz,0.15,13731,matched,413,4.0,0.1500244140625,0.150390625,3.2209567226474576,3.2383413225382904,3.2035721227566247,True,7.486486486486487,7.5675675675675675,7.405405405405405,148,74,74,19,9,10,0.11377245508982035,resolved
c1_L128_rep004.npz,0.15,13731,matched,514,4.0,0.1500244140625,0.150390625,3.2178520148050085,3.232131906853392,3.2035721227566247,True,7.4630872483221475,7.52,7.405405405405405,149,75,74,18,8,10,0.10778443113772455,resolved
c1_L128_rep004.npz,0.15,15565,native,-1,1.0,0.1500244140625,0.1500244140625,2.758872195024077,2.792255939670594,2.7254884503775605,True,4.913943355119826,4.947252747252747,4.881209503239741,918,455,463,94,50,44,0.09288537549407115,resolved
c1_L128_rep004.npz,0.15,15565,majority,-1,1.0,0.1500244140625,0.14202880859375,3.010547492932604,3.04853673473972,2.9725582511254878,True,6.540123456790123,6.573208722741433,6.507645259938838,648,321,327,89,48,41,0.12075983717774763,resolved
c1_L128_rep004.npz,0.15,15565,matched,110,4.0,0.1500244140625,0.150390625,3.352892317331462,3.293061180477811,3.412723454185113,True,7.886524822695035,7.887323943661972,7.885714285714286,141,71,70,20,11,9,0.12422360248447205,resolved
c1_L128_rep004.npz,0.15,15565,matched,211,4.0,0.1500244140625,0.150390625,3.352892317331462,3.293061180477811,3.412723454185113,True,7.886524822695035,7.887323943661972,7.885714285714286,141,71,70,20,11,9,0.12422360248447205,resolved
c1_L128_rep004.npz,0.15,15565,matched,312,4.0,0.1500244140625,0.150390625,3.352892317331462,3.293061180477811,3.412723454185113,True,7.886524822695035,7.887323943661972,7.885714285714286,141,71,70,20,11,9,0.12422360248447205,resolved
c1_L128_rep004.npz,0.15,15565,matched,413,4.0,0.1500244140625,0.150390625,3.352892317331462,3.293061180477811,3.412723454185113,True,7.886524822695035,7.887323943661972,7.885714285714286,141,71,70,20,11,9,0.12422360248447205,resolved
c1_L128_rep004.npz,0.15,15565,matched,514,4.0,0.1500244140625,0.150390625,3.352892317331462,3.293061180477811,3.412723454185113,True,7.886524822695035,7.887323943661972,7.885714285714286,141,71,70,20,11,9,0.12422360248447205,resolved
c1_L128_rep004.npz,0.15,17644,native,-1,1.0,0.1500244140625,0.1500244140625,2.821051846306915,2.782984070458783,2.8591196221550472,True,4.967141292442498,5.0244988864142535,4.911637931034483,913,449,464,85,50,35,0.08517034068136273,resolved
c1_L128_rep004.npz,0.15,17644,majority,-1,1.0,0.1500244140625,0.14288330078125,3.1029329139957644,3.0598323256689586,3.1460335023225703,True,6.7503949447077405,6.688679245283019,6.8126984126984125,633,318,315,86,49,37,0.11961057023643949,resolved
c1_L128_rep004.npz,0.15,17644,matched,110,4.0,0.1500244140625,0.150390625,3.367819574713968,3.329811148916247,3.405828000511688,True,7.830985915492958,7.830985915492958,7.830985915492958,142,71,71,18,10,8,0.1125,resolved
c1_L128_rep004.npz,0.15,17644,matched,211,4.0,0.1500244140625,0.150390625,3.440641651546537,3.3741311574493804,3.507152145643693,True,8.028985507246377,7.942857142857143,8.117647058823529,138,70,68,19,10,9,0.12101910828025478,resolved
c1_L128_rep004.npz,0.15,17644,matched,312,4.0,0.1500244140625,0.150390625,3.3964657057333256,3.293061180477811,3.49987023098884,True,7.885714285714286,7.774647887323944,8.0,140,71,69,19,11,8,0.11949685534591195,resolved
c1_L128_rep004.npz,0.15,17644,matched,413,4.0,0.1500244140625,0.150390625,3.41848164727997,3.329811148916247,3.507152145643693,True,7.971223021582734,7.830985915492958,8.117647058823529,139,71,68,19,10,9,0.12025316455696203,resolved
c1_L128_rep004.npz,0.15,17644,matched,514,4.0,0.1500244140625,0.150390625,3.439470199056511,3.4196468856313866,3.4592935124816346,True,8.028985507246377,8.057971014492754,8.0,138,69,69,19,10,9,0.12101910828025478,resolved
c1_L128_rep004.npz,0.15,20000,native,-1,1.0,0.1500244140625,0.1500244140625,2.9898093427717303,3.0275738928125495,2.952044792730911,True,5.198870056497175,5.204954954954955,5.192743764172335,885,444,441,77,39,38,0.08004158004158005,resolved
c1_L128_rep004.npz,0.15,20000,majority,-1,1.0,0.1500244140625,0.1416015625,3.2296000708941364,3.290881497529474,3.168318644258799,True,7.047154471544715,7.254966887417218,6.84664536741214,615,302,313,74,37,37,0.10740203193033382,resolved
c1_L128_rep004.npz,0.15,20000,matched,110,4.0,0.1500244140625,0.150390625,3.4395654193591607,3.4664073845332086,3.412723454185113,True,8.028985507246377,8.0,8.057142857142857,138,68,70,19,10,9,0.12101910828025478,resolved
c1_L128_rep004.npz,0.15,20000,matched,211,4.0,0.1500244140625,0.150390625,3.4226482364498674,3.6069551503614448,3.2383413225382904,True,7.942857142857143,8.303030303030303,7.621621621621622,140,66,74,18,9,9,0.11392405063291139,resolved
c1_L128_rep004.npz,0.15,20000,matched,312,4.0,0.1500244140625,0.150390625,3.391269933143288,3.4592935124816346,3.323246353804941,True,7.886524822695035,7.942028985507246,7.833333333333333,141,69,72,18,9,9,0.11320754716981132,resolved
c1_L128_rep004.npz,0.15,20000,matched,413,4.0,0.1500244140625,0.150390625,3.4202692709912945,3.4664073845332086,3.3741311574493804,True,8.0,8.0,8.0,138,68,70,20,10,10,0.12658227848101267,resolved
c1_L128_rep004.npz,0.15,20000,matched,514,4.0,0.1500244140625,0.150390625,3.41848164727997,3.507152145643693,3.329811148916247,True,7.971223021582734,8.058823529411764,7.887323943661972,139,68,71,19,9,10,0.12025316455696203,resolved
c1_L128_rep005.npz,0.15,1119,native,-1,1.0,0.1500244140625,0.1500244140625,1.5150777441423857,1.4787554110062382,1.5514000772785335,True,3.159197324414716,3.1036269430051813,3.2185338865836792,1495,772,723,60,20,40,0.03858520900321544,resolved
c1_L128_rep005.npz,0.15,1119,majority,-1,1.0,0.1500244140625,0.13507080078125,1.7046001892599862,1.6825786368674356,1.726621741652537,True,3.8181818181818183,3.7929824561403507,3.844731977818854,1111,570,541,51,13,38,0.04388984509466437,resolved
c1_L128_rep005.npz,0.15,1119,matched,110,4.0,0.1500244140625,0.150390625,2.177290218213792,2.168853250005744,2.18572718642184,True,5.061946902654867,5.068965517241379,5.054545454545455,226,116,110,16,5,11,0.06611570247933884,resolved
c1_L128_rep005.npz,0.15,1119,matched,211,4.0,0.1500244140625,0.150390625,2.1680910452715025,2.1504549041211645,2.18572718642184,True,5.039647577092511,5.0256410256410255,5.054545454545455,227,117,110,16,5,11,0.06584362139917696,resolved
c1_L128_rep005.npz,0.15,1119,matched,312,4.0,0.1500244140625,0.150390625,2.177595801032153,2.1504549041211645,2.2047366979431415,True,5.061946902654867,5.0256410256410255,5.10091743119266,226,117,109,16,5,11,0.06611570247933884,resolved
c1_L128_rep005.npz,0.15,1119,matched,413,4.0,0.1500244140625,0.150390625,2.177595801032153,2.1504549041211645,2.2047366979431415,True,5.061946902654867,5.0256410256410255,5.10091743119266,226,117,109,16,5,11,0.06611570247933884,resolved
c1_L128_rep005.npz,0.15,1119,matched,514,4.0,0.1500244140625,0.150390625,2.186794973974443,2.168853250005744,2.2047366979431415,True,5.084444444444444,5.068965517241379,5.10091743119266,225,116,109,16,5,11,0.06639004149377593,resolved
c1_L128_rep005.npz,0.15,1268,native,-1,1.0,0.1500244140625,0.1500244140625,1.569463797285156,1.5178743076748757,1.6210532868954364,True,3.2616758241758244,3.1923076923076925,3.336182336182336,1456,754,702,58,21,37,0.03830911492734478,resolved
c1_L128_rep005.npz,0.15,1268,majority,-1,1.0,0.1500244140625,0.13714599609375,1.7522385017829925,1.699000839739675,1.80547616382631,True,3.9652333028362308,3.8461538461538463,4.095969289827256,1093,572,521,49,17,32,0.042907180385288964,resolved
c1_L128_rep005.npz,0.15,1268,matched,110,4.0,0.1500244140625,0.150390625,2.1767575865670272,2.1323660783045315,2.2211490948295225,True,5.07488986784141,4.983050847457627,5.174311926605505,227,118,109,15,5,10,0.06198347107438017,resolved
c1_L128_rep005.npz,0.15,1268,matched,211,4.0,0.1500244140625,0.150390625,2.1776807648382284,2.1145790270058913,2.2407825026705654,True,5.057268722466961,4.9411764705882355,5.185185185185185,227,119,108,15,5,10,0.06198347107438017,resolved
c1_L128_rep005.npz,0.15,1268,matched,312,4.0,0.1500244140625,0.150390625,2.1767575865670272,2.1323660783045315,2.2211490948295225,True,5.057268722466961,4.983050847457627,5.137614678899083,227,118,109,15,5,10,0.06198347107438017,resolved
c1_L128_rep005.npz,0.15,1268,matched,413,4.0,0.1500244140625,0.150390625,2.159117677901879,2.0970862609742356,2.2211490948295225,True,5.03056768558952,4.9,5.174311926605505,229,120,109,15,5,10,0.06147540983606557,resolved
c1_L128_rep005.npz,0.15,1268,matched,514,4.0,0.1500244140625,0.150390625,2.167864060917707,2.1145790270058913,2.2211490948295225,True,5.052631578947368,4.9411764705882355,5.174311926605505,228,119,109,15,5,10,0.06172839506172839,resolved
c1_L128_rep005.npz,0.15,1438,native,-1,1.0,0.1500244140625,0.1500244140625,1.5764863295236506,1.584356564384927,1.5686160946623746,True,3.2465753424657535,3.245923913043478,3.2472375690607733,1460,736,724,59,23,36,0.038841342988808425,resolved
c1_L128_rep005.npz,0.15,1438,majority,-1,1.0,0.1500244140625,0.13653564453125,1.774112533313799,1.785038188599742,1.7631868780278563,True,4.005586592178771,4.033333333333333,3.9775280898876404,1074,540,534,53,19,34,0.04702750665483585,resolved
c1_L128_rep005.npz,0.15,1438,matched,110,4.0,0.1500244140625,0.150390625,2.2752621155270307,2.2487022282475695,2.301822002806492,True,5.2407407407407405,5.225225225225225,5.257142857142857,216,111,105,16,6,10,0.06896551724137931,resolved
c1_L128_rep005.npz,0.15,1438,matched,211,4.0,0.1500244140625,0.150390625,2.2769499468254004,2.2095032397408207,2.3443966539099805,True,5.2407407407407405,5.132743362831858,5.359223300970874,216,113,103,16,6,10,0.06896551724137931,resolved
c1_L128_rep005.npz,0.15,1438,matched,312,4.0,0.1500244140625,0.150390625,2.277525116891315,2.228930404487291,2.326119829295339,True,5.246511627906977,5.178571428571429,5.320388349514563,215,112,103,17,6,11,0.07327586206896551,resolved
c1_L128_rep005.npz,0.15,1438,matched,413,4.0,0.1500244140625,0.150390625,2.2572364083520555,2.2095032397408207,2.3049695769632903,True,5.1981566820276495,5.132743362831858,5.269230769230769,217,113,104,17,6,11,0.07264957264957266,resolved
c1_L128_rep005.npz,0.15,1438,matched,514,4.0,0.1500244140625,0.150390625,2.277397962854318,2.231881659297599,2.322914266411037,True,5.246511627906977,5.1891891891891895,5.3076923076923075,215,111,104,17,7,10,0.07327586206896551,resolved
c1_L128_rep005.npz,0.15,1630,native,-1,1.0,0.1500244140625,0.1500244140625,1.599317582829372,1.5879218151345245,1.6107133505242197,True,3.305439330543933,3.2997237569060776,3.3112676056338026,1434,724,710,64,27,37,0.042723631508678236,resolved
c1_L128_rep005.npz,0.15,1630,majority,-1,1.0,0.1500244140625,0.1358642578125,1.790244492358354,1.7918707378458656,1.7886182468708425,True,4.03578154425612,4.03932584269663,4.03219696969697,1062,534,528,62,26,36,0.05516014234875445,resolved
c1_L128_rep005.npz,0.15,1630,matched,110,4.0,0.1500244140625,0.150390625,2.2365846683408854,2.212403239518547,2.260766097163224,True,5.1506849315068495,5.142857142857143,5.158878504672897,219,112,107,17,7,10,0.07203389830508475,resolved
c1_L128_rep005.npz,0.15,1630,matched,211,4.0,0.1500244140625,0.150390625,2.2350706253147683,2.212403239518547,2.25773801111099,True,5.1454545454545455,5.142857142857143,5.148148148148148,220,112,108,16,7,9,0.06779661016949153,resolved
c1_L128_rep005.npz,0.15,1630,matched,312,4.0,0.1500244140625,0.150390625,2.2549541005583253,2.231881659297599,2.2780265418190515,True,5.192660550458716,5.1891891891891895,5.196261682242991,218,111,107,16,7,9,0.06837606837606838,resolved
c1_L128_rep005.npz,0.15,1630,matched,413,4.0,0.1500244140625,0.150390625,2.245214890668799,2.212403239518547,2.2780265418190515,True,5.168949771689498,5.142857142857143,5.196261682242991,219,112,107,16,7,9,0.06808510638297872,resolved
c1_L128_rep005.npz,0.15,1630,matched,514,4.0,0.1500244140625,0.150390625,2.2555431264239036,2.212403239518547,2.29868301332926,True,5.192660550458716,5.142857142857143,5.245283018867925,218,112,106,16,7,9,0.06837606837606838,resolved
c1_L128_rep005.npz,0.15,1848,native,-1,1.0,0.1500244140625,0.1500244140625,1.6018688554796685,1.5985440156516644,1.6051936953076726,True,3.3133286810886253,3.282191780821918,3.345661450924609,1433,730,703,70,26,44,0.046573519627411845,resolved
c1_L128_rep005.npz,0.15,1848,majority,-1,1.0,0.1500244140625,0.1356201171875,1.8030893036443911,1.7941662155516567,1.8120123917371256,True,4.089609151572927,4.050373134328358,4.1306042884990255,1049,536,513,62,22,40,0.0558055805580558,resolved
c1_L128_rep005.npz,0.15,1848,matched,110,4.0,0.1500244140625,0.150390625,2.266451352367251,2.2487022282475695,2.284200476486932,True,5.2407407407407405,5.261261261261262,5.219047619047619,216,111,105,17,6,11,0.07296137339055794,resolved
c1_L128_rep005.npz,0.15,1848,matched,211,4.0,0.1500244140625,0.150390625,2.2562361030968647,2.251706109030505,2.260766097163224,True,5.1981566820276495,5.236363636363636,5.158878504672897,217,110,107,17,7,10,0.07264957264957266,resolved
c1_L128_rep005.npz,0.15,1848,matched,312,4.0,0.1500244140625,0.150390625,2.259276405757565,2.251706109030505,2.2668467024846253,True,5.227906976744186,5.2727272727272725,5.180952380952381,215,110,105,19,7,12,0.0811965811965812,resolved
c1_L128_rep005.npz,0.15,1848,matched,413,4.0,0.1500244140625,0.150390625,2.266451352367251,2.2487022282475695,2.284200476486932,True,5.2407407407407405,5.261261261261262,5.219047619047619,216,111,105,17,6,11,0.07296137339055794,resolved
c1_L128_rep005.npz,0.15,1848,matched,514,4.0,0.1500244140625,0.150390625,2.2462337380679127,2.2487022282475695,2.2437652478882555,True,5.192660550458716,5.261261261261262,5.121495327102804,218,111,107,17,6,11,0.07234042553191489,resolved
c1_L128_rep005.npz,0.15,2094,native,-1,1.0,0.1500244140625,0.1500244140625,1.6883685552470902,1.702401193380925,1.6743359171132552,True,3.4829881656804735,3.504424778761062,3.4614243323442135,1352,678,674,62,22,40,0.04384724186704385,resolved
c1_L128_rep005.npz,0.15,2094,majority,-1,1.0,0.1500244140625,0.13824462890625,1.8570631758812792,1.8592961605760578,1.8548301911865006,True,4.170684667309547,4.189292543021033,4.151750972762646,1037,523,514,56,20,36,0.05123513266239707,resolved
c1_L128_rep005.npz,0.15,2094,matched,110,4.0,0.1500244140625,0.150390625,2.233009325384243,2.1961193632100913,2.2698992875583954,True,5.12962962962963,5.142857142857143,5.115384615384615,216,112,104,21,8,13,0.08860759493670886,resolved
c1_L128_rep005.npz,0.15,2094,matched,211,4.0,0.1500244140625,0.150390625,2.2432636653260527,2.1961193632100913,2.290407967442014,True,5.153488372093023,5.142857142857143,5.165048543689321,215,112,103,21,8,13,0.08898305084745763,resolved
c1_L128_rep005.npz,0.15,2094,matched,312,4.0,0.1500244140625,0.150390625,2.282680020309713,2.2749520731774115,2.290407967442014,True,5.251184834123222,5.333333333333333,5.165048543689321,211,108,103,21,8,13,0.09051724137931035,resolved
c1_L128_rep005.npz,0.15,2094,matched,413,4.0,0.1500244140625,0.150390625,2.253704991889543,2.1961193632100913,2.311290620568994,True,5.177570093457944,5.142857142857143,5.215686274509804,214,112,102,21,8,13,0.08936170212765958,resolved
c1_L128_rep005.npz,0.15,2094,matched,514,4.0,0.1500244140625,0.150390625,2.2725629966650422,2.2547180258880704,2.290407967442014,True,5.2075471698113205,5.247706422018348,5.165048543689321,212,109,103,21,8,13,0.09012875536480687,resolved
c1_L128_rep005.npz,0.15,2374,native,-1,1.0,0.1500244140625,0.1500244140625,1.6929215872715293,1.6840987411148451,1.7017444334282135,True,3.490051584377303,3.491899852724595,3.4882005899705013,1357,679,678,53,23,30,0.0375886524822695,resolved
c1_L128_rep005.npz,0.15,2374,majority,-1,1.0,0.1500244140625,0.13818359375,1.8730346842020569,1.8598457236528572,1.8862236447512568,True,4.230320699708455,4.202312138728324,4.258823529411765,1029,519,510,51,22,29,0.04722222222222222,resolved
c1_L128_rep005.npz,0.15,2374,matched,110,4.0,0.1500244140625,0.150390625,2.31172871986424,2.3596551230453526,2.263802316683127,True,5.276190476190476,5.423076923076923,5.132075471698113,210,104,106,19,8,11,0.08296943231441048,resolved
c1_L128_rep005.npz,0.15,2374,matched,211,4.0,0.1500244140625,0.150390625,2.3338904470550026,2.3596551230453526,2.3081257710646526,True,5.333333333333333,5.461538461538462,5.203883495145631,207,104,103,20,8,12,0.0881057268722467,resolved
c1_L128_rep005.npz,0.15,2374,matched,312,4.0,0.1500244140625,0.150390625,2.3235817197249475,2.362962962962963,2.284200476486932,True,5.326923076923077,5.475728155339806,5.180952380952381,208,103,105,20,9,11,0.08771929824561403,resolved
c1_L128_rep005.npz,0.15,2374,matched,413,4.0,0.1500244140625,0.150390625,2.3023700951524124,2.3378934878201996,2.2668467024846253,True,5.238095238095238,5.371428571428571,5.104761904761904,210,105,105,20,8,12,0.08695652173913043,resolved
c1_L128_rep005.npz,0.15,2374,matched,514,4.0,0.1500244140625,0.150390625,2.3047048736341647,2.3596551230453526,2.2497546242229767,True,5.22488038277512,5.423076923076923,5.0285714285714285,209,104,105,21,8,13,0.09130434782608696,resolved
c1_L128_rep005.npz,0.15,2691,native,-1,1.0,0.1500244140625,0.1500244140625,1.7332634702358514,1.7192918647792765,1.7472350756924262,True,3.5334335086401203,3.520119225037258,3.546969696969697,1331,671,660,62,27,35,0.04450825556353195,resolved
c1_L128_rep005.npz,0.15,2691,majority,-1,1.0,0.1500244140625,0.13848876953125,1.9031098944654066,1.8754856200071988,1.9307341689236144,True,4.277667984189724,4.214700193423598,4.343434343434343,1012,517,495,58,24,34,0.05420560747663551,resolved
c1_L128_rep005.npz,0.15,2691,matched,110,4.0,0.1500244140625,0.150390625,2.301321104407367,2.251706109030505,2.3509360997842292,True,5.327014218009479,5.2727272727272725,5.3861386138613865,211,110,101,19,7,12,0.08260869565217391,resolved
c1_L128_rep005.npz,0.15,2691,matched,211,4.0,0.1500244140625,0.150390625,2.3123242355873836,2.251706109030505,2.3729423621442627,True,5.333333333333333,5.236363636363636,5.44,210,110,100,19,7,12,0.08296943231441048,resolved
c1_L128_rep005.npz,0.15,2691,matched,312,4.0,0.1500244140625,0.150390625,2.302412010720931,2.231881659297599,2.3729423621442627,True,5.327014218009479,5.225225225225225,5.44,211,111,100,19,7,12,0.08260869565217391,resolved
c1_L128_rep005.npz,0.15,2691,matched,413,4.0,0.1500244140625,0.150390625,2.302412010720931,2.231881659297599,2.3729423621442627,True,5.327014218009479,5.225225225225225,5.44,211,111,100,19,7,12,0.08260869565217391,resolved
c1_L128_rep005.npz,0.15,2691,matched,514,4.0,0.1500244140625,0.150390625,2.3123242355873836,2.251706109030505,2.3729423621442627,True,5.352380952380952,5.2727272727272725,5.44,210,110,100,19,7,12,0.08296943231441048,resolved
c1_L128_rep005.npz,0.15,3051,native,-1,1.0,0.1500244140625,0.1500244140625,1.7536086365791232,1.7701590501313547,1.7370582230268918,True,3.5361990950226243,3.542042042042042,3.5303030303030303,1326,666,660,67,29,38,0.04809763101220388,resolved
c1_L128_rep005.npz,0.15,3051,majority,-1,1.0,0.1500244140625,0.1383056640625,1.942237840745809,1.9676588583064054,1.9168168231852123,True,4.3718338399189465,4.400406504065041,4.343434343434343,987,492,495,62,27,35,0.05910390848427073,resolved
c1_L128_rep005.npz,0.15,3051,matched,110,4.0,0.1500244140625,0.150390625,2.3085613142167887,2.3563565312703534,2.260766097163224,True,5.339622641509434,5.523809523809524,5.158878504672897,212,105,107,17,7,10,0.07423580786026202,resolved
c1_L128_rep005.npz,0.15,3051,matched,211,4.0,0.1500244140625,0.150390625,2.266325994619276,2.271885892075328,2.260766097163224,True,5.2407407407407405,5.321100917431193,5.158878504672897,216,109,107,17,7,10,0.07296137339055794,resolved
c1_L128_rep005.npz,0.15,3051,matched,312,4.0,0.1500244140625,0.150390625,2.257603559119731,2.313350369500656,2.201856748738806,True,5.1981566820276495,5.383177570093458,5.0181818181818185,217,107,110,17,7,10,0.07264957264957266,resolved
c1_L128_rep005.npz,0.15,3051,matched,413,4.0,0.1500244140625,0.150390625,2.2779022551536636,2.3346554154778048,2.2211490948295225,True,5.265116279069767,5.471698113207547,5.064220183486238,215,106,109,17,7,10,0.07327586206896551,resolved
c1_L128_rep005.npz,0.15,3051,matched,514,4.0,0.1500244140625,0.150390625,2.248123511647167,2.313350369500656,2.182896653793678,True,5.174311926605505,5.383177570093458,4.972972972972973,218,107,111,17,7,10,0.07234042553191489,resolved
c1_L128_rep005.npz,0.15,3458,native,-1,1.0,0.1500244140625,0.1500244140625,1.8018609764234932,1.7776727899120233,1.826049162934963,True,3.6578947368421053,3.6223241590214066,3.69435736677116,1292,654,638,65,31,34,0.047899778924097275,resolved
c1_L128_rep005.npz,0.15,3458,majority,-1,1.0,0.1500244140625,0.13885498046875,1.98413236483894,1.9655774312310483,2.0026872984468316,True,4.478439425051334,4.441955193482689,4.515527950310559,974,491,483,60,29,31,0.058027079303675046,resolved
c1_L128_rep005.npz,0.15,3458,matched,110,4.0,0.1500244140625,0.150390625,2.3715591965394713,2.416998563783604,2.326119829295339,True,5.545893719806763,5.653846153846154,5.436893203883495,207,104,103,16,5,11,0.07174887892376682,resolved
c1_L128_rep005.npz,0.15,3458,matched,211,4.0,0.1500244140625,0.150390625,2.3601456680653783,2.3941715068354172,2.326119829295339,True,5.538461538461538,5.6380952380952385,5.436893203883495,208,105,103,16,5,11,0.07142857142857142,resolved
c1_L128_rep005.npz,0.15,3458,matched,312,4.0,0.1500244140625,0.150390625,2.3489457099893034,2.371771590683268,2.326119829295339,True,5.511961722488039,5.584905660377358,5.436893203883495,209,106,103,16,5,11,0.07111111111111111,resolved
c1_L128_rep005.npz,0.15,3458,matched,413,4.0,0.1500244140625,0.150390625,2.361848362997978,2.3975768967006172,2.326119829295339,True,5.526570048309178,5.615384615384615,5.436893203883495,207,104,103,17,6,11,0.07589285714285714,resolved
c1_L128_rep005.npz,0.15,3458,matched,514,4.0,0.1500244140625,0.150390625,2.348906324411013,2.328206105586511,2.369606543235515,True,5.511961722488039,5.481481481481482,5.544554455445544,209,108,101,16,5,11,0.07111111111111111,resolved
c1_L128_rep005.npz,0.15,3920,native,-1,1.0,0.1500244140625,0.1500244140625,1.804056197552831,1.7886910985719924,1.8194212965336696,True,3.6028963414634148,3.6159754224270353,3.590015128593041,1312,651,661,67,43,24,0.048585931834662796,resolved
c1_L128_rep005.npz,0.15,3920,majority,-1,1.0,0.1500244140625,0.13720703125,2.003286454318473,1.9737793431854447,2.0327935654515015,True,4.48800834202294,4.430641821946169,4.546218487394958,959,483,476,63,39,24,0.06164383561643835,resolved
c1_L128_rep005.npz,0.15,3920,matched,110,4.0,0.1500244140625,0.150390625,2.489526968580636,2.4473511159088606,2.531702821252411,True,5.795918367346939,5.742574257425742,5.852631578947369,196,101,95,17,7,10,0.07981220657276995,resolved
c1_L128_rep005.npz,0.15,3920,matched,211,4.0,0.1500244140625,0.150390625,2.489407822678923,2.4509095801556446,2.527906065202202,True,5.877551020408164,5.8,5.958333333333333,196,100,96,17,8,9,0.07981220657276995,resolved
c1_L128_rep005.npz,0.15,3920,matched,312,4.0,0.1500244140625,0.150390625,2.499557313654086,2.4712085621059696,2.527906065202202,True,5.8979591836734695,5.84,5.958333333333333,196,100,96,16,7,9,0.07547169811320754,resolved
c1_L128_rep005.npz,0.15,3920,matched,413,4.0,0.1500244140625,0.150390625,2.464692637527965,2.4509095801556446,2.4784756949002853,True,5.797979797979798,5.76,5.836734693877551,198,100,98,17,8,9,0.07906976744186046,resolved
c1_L128_rep005.npz,0.15,3920,matched,514,4.0,0.1500244140625,0.150390625,2.4519694215763748,2.4009919877909196,2.5029468553618304,True,5.78,5.669902912621359,5.896907216494846,200,103,97,16,7,9,0.07407407407407407,resolved
c1_L128_rep005.npz,0.15,4443,native,-1,1.0,0.1500244140625,0.1500244140625,1.9291446383265847,1.8886964118218112,1.969592864831358,True,3.8633387888707036,3.818330605564648,3.9083469721767594,1222,611,611,56,30,26,0.04381846635367762,resolved
c1_L128_rep005.npz,0.15,4443,majority,-1,1.0,0.1500244140625,0.13970947265625,2.1371091750202216,2.067599009341846,2.206619340698597,True,4.767138193688792,4.611940298507463,4.928888888888889,919,469,450,54,29,25,0.05549845837615622,resolved
c1_L128_rep005.npz,0.15,4443,matched,110,4.0,0.1500244140625,0.150390625,2.528159317726947,2.6018402279236548,2.4544784075302393,True,5.9067357512953365,6.042553191489362,5.777777777777778,193,94,99,17,8,9,0.08095238095238096,resolved
c1_L128_rep005.npz,0.15,4443,matched,211,4.0,0.1500244140625,0.150390625,2.528159317726947,2.6018402279236548,2.4544784075302393,True,5.9067357512953365,6.042553191489362,5.777777777777778,193,94,99,17,8,9,0.08095238095238096,resolved
c1_L128_rep005.npz,0.15,4443,matched,312,4.0,0.1500244140625,0.150390625,2.5421690961169014,2.6058624973335176,2.4784756949002853,True,5.9267015706806285,6.021505376344086,5.836734693877551,191,93,98,18,9,9,0.0861244019138756,resolved
c1_L128_rep005.npz,0.15,4443,matched,413,4.0,0.1500244140625,0.150390625,2.528159317726947,2.6018402279236548,2.4544784075302393,True,5.9067357512953365,6.042553191489362,5.777777777777778,193,94,99,17,8,9,0.08095238095238096,resolved
c1_L128_rep005.npz,0.15,4443,matched,514,4.0,0.1500244140625,0.150390625,2.541649877588176,2.628821347646113,2.4544784075302393,True,5.9375,6.10752688172043,5.777777777777778,192,93,99,17,8,9,0.08133971291866028,resolved
c1_L128_rep005.npz,0.15,5037,native,-1,1.0,0.1500244140625,0.1500244140625,1.9623402066459983,1.8900374031735652,2.0346430101184314,True,3.936719400499584,3.7970779220779223,4.0837606837606835,1201,616,585,46,28,18,0.03688853247794707,resolved
c1_L128_rep005.npz,0.15,5037,majority,-1,1.0,0.1500244140625,0.140625,2.1580600618357217,2.0780323582930826,2.238087765378361,True,4.8215451577801955,4.6411889596602975,5.011160714285714,919,471,448,41,25,16,0.042708333333333334,resolved
c1_L128_rep005.npz,0.15,5037,matched,110,4.0,0.1500244140625,0.150390625,2.5655247034398165,2.6206472715708817,2.510402135308752,True,5.894736842105263,5.978947368421053,5.810526315789474,190,95,95,17,6,11,0.0821256038647343,resolved
c1_L128_rep005.npz,0.15,5037,matched,211,4.0,0.1500244140625,0.150390625,2.5623918882971743,2.5636565644096043,2.561127212184745,True,5.884816753926701,5.877551020408164,5.89247311827957,191,98,93,16,5,11,0.07729468599033816,resolved
c1_L128_rep005.npz,0.15,5037,matched,312,4.0,0.1500244140625,0.150390625,2.564766588873728,2.5978303564950447,2.531702821252411,True,5.91578947368421,5.936842105263158,5.894736842105263,190,95,95,17,7,10,0.0821256038647343,resolved
c1_L128_rep005.npz,0.15,5037,matched,413,4.0,0.1500244140625,0.150390625,2.5627678235331057,2.5938328258138004,2.531702821252411,True,5.9267015706806285,5.916666666666667,5.936842105263158,191,96,95,16,6,10,0.07729468599033816,resolved
c1_L128_rep005.npz,0.15,5037,matched,514,4.0,0.1500244140625,0.150390625,2.5476796928310077,2.5636565644096043,2.531702821252411,True,5.9067357512953365,5.877551020408164,5.936842105263158,193,98,95,15,5,10,0.07211538461538461,resolved
c1_L128_rep005.npz,0.15,5709,native,-1,1.0,0.1500244140625,0.1500244140625,1.9361486510172146,1.9334825599741712,1.9388147420602582,True,3.8526058631921822,3.8698517298187807,3.8357487922705316,1228,607,621,57,34,23,0.0443579766536965,resolved
c1_L128_rep005.npz,0.15,5709,majority,-1,1.0,0.1500244140625,0.1390380859375,2.163744167080054,2.152470693362564,2.175017640797544,True,4.830043859649122,4.823788546255507,4.836244541484716,912,454,458,44,27,17,0.04602510460251046,resolved
c1_L128_rep005.npz,0.15,5709,matched,110,4.0,0.1500244140625,0.150390625,2.55660867810077,2.5675615527844338,2.545655803417106,True,5.938144329896907,5.855670103092783,6.020618556701031,194,97,97,13,6,7,0.06280193236714976,resolved
c1_L128_rep005.npz,0.15,5709,matched,211,4.0,0.1500244140625,0.150390625,2.543736458519363,2.54181711362162,2.545655803417106,True,5.907692307692308,5.795918367346939,6.020618556701031,195,98,97,13,6,7,0.0625,resolved
c1_L128_rep005.npz,0.15,5709,matched,312,4.0,0.1500244140625,0.150390625,2.5697443146154533,2.5938328258138004,2.545655803417106,True,5.9689119170984455,5.916666666666667,6.020618556701031,193,96,97,13,6,7,0.06310679611650485,resolved
c1_L128_rep005.npz,0.15,5709,matched,413,4.0,0.1500244140625,0.150390625,2.543736458519363,2.54181711362162,2.545655803417106,True,5.907692307692308,5.795918367346939,6.020618556701031,195,98,97,13,6,7,0.0625,resolved
c1_L128_rep005.npz,0.15,5709,matched,514,4.0,0.1500244140625,0.150390625,2.5570897201875047,2.5938328258138004,2.5203466145612095,True,5.938144329896907,5.916666666666667,5.959183673469388,194,96,98,13,6,7,0.06280193236714976,resolved
c1_L128_rep005.npz,0.15,6472,native,-1,1.0,0.1500244140625,0.1500244140625,1.9783615895172675,1.983031763670203,1.973691415364332,True,3.9061461794019934,3.8855721393034828,3.9267886855241265,1204,603,601,50,23,27,0.03987240829346093,resolved
c1_L128_rep005.npz,0.15,6472,majority,-1,1.0,0.1500244140625,0.13916015625,2.244728325847489,2.247973329071306,2.2414833226236714,True,4.937570942111237,4.904761904761905,4.970454545454546,881,441,440,45,22,23,0.04859611231101512,resolved
c1_L128_rep005.npz,0.15,6472,matched,110,4.0,0.1500244140625,0.150390625,2.682813146960328,2.6480219116038164,2.7176043823168388,True,6.273224043715847,6.127659574468085,6.426966292134831,183,94,89,15,6,9,0.07575757575757576,resolved
c1_L128_rep005.npz,0.15,6472,matched,211,4.0,0.1500244140625,0.150390625,2.6691258269438602,2.6206472715708817,2.7176043823168388,True,6.239130434782608,6.063157894736842,6.426966292134831,184,95,89,15,6,9,0.07537688442211055,resolved
c1_L128_rep005.npz,0.15,6472,matched,312,4.0,0.1500244140625,0.150390625,2.682813146960328,2.6480219116038164,2.7176043823168388,True,6.273224043715847,6.127659574468085,6.426966292134831,183,94,89,15,6,9,0.07575757575757576,resolved
c1_L128_rep005.npz,0.15,6472,matched,413,4.0,0.1500244140625,0.150390625,2.6838503630365222,2.6206472715708817,2.7470534545021628,True,6.273224043715847,6.063157894736842,6.5,183,95,88,15,6,9,0.07575757575757576,resolved
c1_L128_rep005.npz,0.15,6472,matched,514,4.0,0.1500244140625,0.150390625,2.6691258269438602,2.6206472715708817,2.7176043823168388,True,6.239130434782608,6.063157894736842,6.426966292134831,184,95,89,15,6,9,0.07537688442211055,resolved
c1_L128_rep005.npz,0.15,7336,native,-1,1.0,0.1500244140625,0.1500244140625,2.1225852090124766,2.097587659787525,2.1475827582374287,True,4.001702127659574,3.9393939393939394,4.065404475043029,1175,594,581,48,25,23,0.039247751430907606,resolved
c1_L128_rep005.npz,0.15,7336,majority,-1,1.0,0.1500244140625,0.13873291015625,2.3932822621574674,2.3675360257403923,2.419028498574543,True,5.208182912154031,5.101654846335697,5.318627450980392,831,423,408,45,22,23,0.05136986301369863,resolved
c1_L128_rep005.npz,0.15,7336,matched,110,4.0,0.1500244140625,0.150390625,2.7317445722763916,2.704523492624938,2.7589656519278445,True,6.382513661202186,6.260869565217392,6.5054945054945055,183,92,91,11,6,5,0.05670103092783505,resolved
c1_L128_rep005.npz,0.15,7336,matched,211,4.0,0.1500244140625,0.150390625,2.7317445722763916,2.704523492624938,2.7589656519278445,True,6.382513661202186,6.260869565217392,6.5054945054945055,183,92,91,11,6,5,0.05670103092783505,resolved
c1_L128_rep005.npz,0.15,7336,matched,312,4.0,0.1500244140625,0.150390625,2.7317445722763916,2.704523492624938,2.7589656519278445,True,6.382513661202186,6.260869565217392,6.5054945054945055,183,92,91,11,6,5,0.05670103092783505,resolved
c1_L128_rep005.npz,0.15,7336,matched,413,4.0,0.1500244140625,0.150390625,2.7168927481024596,2.704523492624938,2.7292620035799806,True,6.3478260869565215,6.260869565217392,6.434782608695652,184,92,92,11,6,5,0.05641025641025641,resolved
c1_L128_rep005.npz,0.15,7336,matched,514,4.0,0.1500244140625,0.150390625,2.7317445722763916,2.704523492624938,2.7589656519278445,True,6.382513661202186,6.260869565217392,6.5054945054945055,183,92,91,11,6,5,0.05670103092783505,resolved
c1_L128_rep005.npz,0.15,8316,native,-1,1.0,0.1500244140625,0.1500244140625,2.2389191255566088,2.2845858299793544,2.1932524211338635,True,4.216216216216216,4.210810810810811,4.221621621621622,1110,555,555,56,29,27,0.048027444253859346,resolved
c1_L128_rep005.npz,0.15,8316,majority,-1,1.0,0.1500244140625,0.14019775390625,2.4959426482834237,2.5617911285112736,2.4300941680555734,True,5.443337484433375,5.5227272727272725,5.3660933660933665,803,396,407,49,23,26,0.057511737089201875,resolved
c1_L128_rep005.npz,0.15,8316,matched,110,4.0,0.1500244140625,0.150390625,2.8337259523316813,2.8994250546602967,2.7680268500030656,True,6.473988439306359,6.523809523809524,6.426966292134831,173,84,89,15,8,7,0.0797872340425532,resolved
c1_L128_rep005.npz,0.15,8316,matched,211,4.0,0.1500244140625,0.150390625,2.8337259523316813,2.8994250546602967,2.7680268500030656,True,6.473988439306359,6.523809523809524,6.426966292134831,173,84,89,15,8,7,0.0797872340425532,resolved
c1_L128_rep005.npz,0.15,8316,matched,312,4.0,0.1500244140625,0.150390625,2.8504988426980233,2.9329708353929806,2.7680268500030656,True,6.511627906976744,6.602409638554217,6.426966292134831,172,83,89,15,8,7,0.08021390374331551,resolved
c1_L128_rep005.npz,0.15,8316,matched,413,4.0,0.1500244140625,0.150390625,2.849005027835505,2.8994250546602967,2.7985850010107134,True,6.511627906976744,6.523809523809524,6.5,172,84,88,15,8,7,0.08021390374331551,resolved
c1_L128_rep005.npz,0.15,8316,matched,514,4.0,0.1500244140625,0.150390625,2.8337259523316813,2.8994250546602967,2.7680268500030656,True,6.473988439306359,6.523809523809524,6.426966292134831,173,84,89,15,8,7,0.0797872340425532,resolved
c1_L128_rep005.npz,0.15,9427,native,-1,1.0,0.1500244140625,0.1500244140625,2.3388816174550398,2.4068439903750853,2.2709192445349946,True,4.359665427509293,4.364661654135339,4.354779411764706,1076,532,544,64,33,31,0.056140350877192984,resolved
c1_L128_rep005.npz,0.15,9427,majority,-1,1.0,0.1500244140625,0.14019775390625,2.6002864617162875,2.666413189521544,2.534159733911031,True,5.674479166666667,5.740053050397878,5.611253196930947,768,377,391,60,30,30,0.07246376811594203,resolved
c1_L128_rep005.npz,0.15,9427,matched,110,4.0,0.1500244140625,0.150390625,2.9441890478599215,3.058552707156933,2.82982538856291,True,6.863905325443787,7.121951219512195,6.620689655172414,169,82,87,12,5,7,0.06629834254143646,resolved
c1_L128_rep005.npz,0.15,9427,matched,211,4.0,0.1500244140625,0.150390625,2.9441890478599215,3.058552707156933,2.82982538856291,True,6.863905325443787,7.121951219512195,6.620689655172414,169,82,87,12,5,7,0.06629834254143646,resolved
c1_L128_rep005.npz,0.15,9427,matched,312,4.0,0.1500244140625,0.150390625,2.9441890478599215,3.058552707156933,2.82982538856291,True,6.863905325443787,7.121951219512195,6.620689655172414,169,82,87,12,5,7,0.06629834254143646,resolved
c1_L128_rep005.npz,0.15,9427,matched,413,4.0,0.1500244140625,0.150390625,2.9441890478599215,3.058552707156933,2.82982538856291,True,6.863905325443787,7.121951219512195,6.620689655172414,169,82,87,12,5,7,0.06629834254143646,resolved
c1_L128_rep005.npz,0.15,9427,matched,514,4.0,0.1500244140625,0.150390625,2.9441890478599215,3.058552707156933,2.82982538856291,True,6.863905325443787,7.121951219512195,6.620689655172414,169,82,87,12,5,7,0.06629834254143646,resolved
c1_L128_rep005.npz,0.15,10686,native,-1,1.0,0.1500244140625,0.1500244140625,2.5183667090795487,2.5986495463576147,2.438083871801483,True,4.737218813905931,4.784232365145228,4.691532258064516,978,482,496,67,37,30,0.06411483253588517,resolved
c1_L128_rep005.npz,0.15,10686,majority,-1,1.0,0.1500244140625,0.14227294921875,2.725174956316712,2.8045846528943774,2.6457652597390466,True,5.968579234972678,6.075208913649025,5.865951742627346,732,359,373,63,34,29,0.07924528301886792,resolved
c1_L128_rep005.npz,0.15,10686,matched,110,4.0,0.1500244140625,0.150390625,3.067751973428003,3.1734163404146076,2.9620876064413983,True,7.08641975308642,7.341772151898734,6.843373493975903,162,79,83,12,5,7,0.06896551724137931,resolved
c1_L128_rep005.npz,0.15,10686,matched,211,4.0,0.1500244140625,0.150390625,3.033400185224816,3.069692571033267,2.9971077994163644,True,7.037037037037037,7.15,6.926829268292683,162,80,82,14,7,7,0.07954545454545454,resolved
c1_L128_rep005.npz,0.15,10686,matched,312,4.0,0.1500244140625,0.150390625,3.0493548806596813,3.101601961902998,2.9971077994163644,True,7.061728395061729,7.2,6.926829268292683,162,80,82,13,6,7,0.07428571428571429,resolved
c1_L128_rep005.npz,0.15,10686,matched,413,4.0,0.1500244140625,0.150390625,3.0539839816703984,3.1458803568993985,2.9620876064413983,True,7.080745341614906,7.333333333333333,6.843373493975903,161,78,83,14,7,7,0.08,resolved
c1_L128_rep005.npz,0.15,10686,matched,514,4.0,0.1500244140625,0.150390625,3.0685639698361906,3.140020140256017,2.9971077994163644,True,7.105590062111801,7.291139240506329,6.926829268292683,161,79,82,13,6,7,0.07471264367816093,resolved
c1_L128_rep005.npz,0.15,12113,native,-1,1.0,0.1500244140625,0.1500244140625,2.6394228736379235,2.695529750057893,2.5833159972179542,True,4.8656084656084655,4.906382978723404,4.825263157894737,945,470,475,64,30,34,0.06342913776015857,resolved
c1_L128_rep005.npz,0.15,12113,majority,-1,1.0,0.1500244140625,0.14324951171875,2.864231948876314,2.936061285495814,2.792402612256814,True,6.262177650429799,6.363372093023256,6.163841807909605,698,344,354,63,30,33,0.08278580814717477,resolved
c1_L128_rep005.npz,0.15,12113,matched,110,4.0,0.1500244140625,0.150390625,3.1922973914310315,3.140020140256017,3.2445746426060467,True,7.2368421052631575,7.291139240506329,7.178082191780822,152,79,73,16,6,10,0.09523809523809523,resolved
c1_L128_rep005.npz,0.15,12113,matched,211,4.0,0.1500244140625,0.150390625,3.1922973914310315,3.140020140256017,3.2445746426060467,True,7.2368421052631575,7.291139240506329,7.178082191780822,152,79,73,16,6,10,0.09523809523809523,resolved
c1_L128_rep005.npz,0.15,12113,matched,312,4.0,0.1500244140625,0.150390625,3.1922973914310315,3.140020140256017,3.2445746426060467,True,7.2368421052631575,7.291139240506329,7.178082191780822,152,79,73,16,6,10,0.09523809523809523,resolved
c1_L128_rep005.npz,0.15,12113,matched,413,4.0,0.1500244140625,0.150390625,3.1922973914310315,3.140020140256017,3.2445746426060467,True,7.2368421052631575,7.291139240506329,7.178082191780822,152,79,73,16,6,10,0.09523809523809523,resolved
c1_L128_rep005.npz,0.15,12113,matched,514,4.0,0.1500244140625,0.150390625,3.1922973914310315,3.140020140256017,3.2445746426060467,True,7.2368421052631575,7.291139240506329,7.178082191780822,152,79,73,16,6,10,0.09523809523809523,resolved
c1_L128_rep005.npz,0.15,13731,native,-1,1.0,0.1500244140625,0.1500244140625,2.6811497554860306,2.6869732442641823,2.6753262667078794,True,4.70648815653965,4.725206611570248,4.687885010266941,971,484,487,66,37,29,0.06364513018322084,resolved
c1_L128_rep005.npz,0.15,13731,majority,-1,1.0,0.1500244140625,0.14105224609375,2.9513459357812386,2.9404667426655875,2.9622251288968897,True,6.384500745156483,6.448795180722891,6.321533923303835,671,332,339,62,36,26,0.08458390177353342,resolved
c1_L128_rep005.npz,0.15,13731,matched,110,4.0,0.1500244140625,0.150390625,3.259224082127967,3.2738735216498873,3.2445746426060467,True,7.510204081632653,7.675675675675675,7.342465753424658,147,74,73,18,8,10,0.10909090909090909,resolved
c1_L128_rep005.npz,0.15,13731,matched,211,4.0,0.1500244140625,0.150390625,3.280641017819721,3.3167073930333957,3.2445746426060467,True,7.561643835616438,7.780821917808219,7.342465753424658,146,73,73,18,8,10,0.10975609756097561,resolved
c1_L128_rep005.npz,0.15,13731,matched,312,4.0,0.1500244140625,0.150390625,3.302625801862562,3.360676961119077,3.2445746426060467,True,7.613793103448276,7.888888888888889,7.342465753424658,145,72,73,18,8,10,0.11042944785276074,resolved
c1_L128_rep005.npz,0.15,13731,matched,413,4.0,0.1500244140625,0.150390625,3.3016738728854387,3.3167073930333957,3.2866403527374817,True,7.613793103448276,7.780821917808219,7.444444444444445,145,73,72,18,8,10,0.11042944785276074,resolved
c1_L128_rep005.npz,0.15,13731,matched,514,4.0,0.1500244140625,0.150390625,3.302625801862562,3.360676961119077,3.2445746426060467,True,7.613793103448276,7.888888888888889,7.342465753424658,145,72,73,18,8,10,0.11042944785276074,resolved
c1_L128_rep005.npz,0.15,15565,native,-1,1.0,0.1500244140625,0.1500244140625,2.703764566225126,2.7338642591592577,2.6736648732909942,True,4.770943796394485,4.809725158562368,4.731914893617021,943,473,470,70,36,34,0.06910167818361303,resolved
c1_L128_rep005.npz,0.15,15565,majority,-1,1.0,0.1500244140625,0.1412353515625,2.9593490346119444,3.015061879687677,2.9036361895362117,True,6.384848484848485,6.519877675840979,6.252252252252252,660,327,333,69,36,33,0.09465020576131687,resolved
c1_L128_rep005.npz,0.15,15565,matched,110,4.0,0.1500244140625,0.150390625,3.179075765488895,3.107319525617891,3.250832005359899,True,7.231788079470198,7.189873417721519,7.277777777777778,151,79,72,18,7,11,0.10650887573964497,resolved
c1_L128_rep005.npz,0.15,15565,matched,211,4.0,0.1500244140625,0.150390625,3.179075765488895,3.107319525617891,3.250832005359899,True,7.231788079470198,7.189873417721519,7.277777777777778,151,79,72,18,7,11,0.10650887573964497,resolved
c1_L128_rep005.npz,0.15,15565,matched,312,4.0,0.1500244140625,0.150390625,3.179075765488895,3.107319525617891,3.250832005359899,True,7.231788079470198,7.189873417721519,7.277777777777778,151,79,72,18,7,11,0.10650887573964497,resolved
c1_L128_rep005.npz,0.15,15565,matched,413,4.0,0.1500244140625,0.150390625,3.179075765488895,3.107319525617891,3.250832005359899,True,7.231788079470198,7.189873417721519,7.277777777777778,151,79,72,18,7,11,0.10650887573964497,resolved
c1_L128_rep005.npz,0.15,15565,matched,514,4.0,0.1500244140625,0.150390625,3.179075765488895,3.107319525617891,3.250832005359899,True,7.231788079470198,7.189873417721519,7.277777777777778,151,79,72,18,7,11,0.10650887573964497,resolved
c1_L128_rep005.npz,0.15,17644,native,-1,1.0,0.1500244140625,0.1500244140625,2.9018586976872722,2.9754957340282155,2.828221661346329,True,5.138443935926773,5.255760368663594,5.0227272727272725,874,434,440,74,31,43,0.07805907172995781,resolved
c1_L128_rep005.npz,0.15,17644,majority,-1,1.0,0.1500244140625,0.14306640625,3.1057697156865083,3.1748510200625595,3.036688411310457,True,6.751987281399046,6.909967845659164,6.59748427672956,629,311,318,73,32,41,0.10398860398860399,resolved
c1_L128_rep005.npz,0.15,17644,matched,110,4.0,0.1500244140625,0.150390625,3.2787810708264447,3.3539900188962646,3.2035721227566247,True,7.5646258503401365,7.835616438356165,7.297297297297297,147,73,74,17,7,10,0.10365853658536585,resolved
c1_L128_rep005.npz,0.15,17644,matched,211,4.0,0.1500244140625,0.150390625,3.295952138631143,3.3473296346562393,3.2445746426060467,True,7.537414965986395,7.72972972972973,7.342465753424658,147,74,73,16,6,10,0.09815950920245399,resolved
c1_L128_rep005.npz,0.15,17644,matched,312,4.0,0.1500244140625,0.150390625,3.256050935409771,3.2675272282134955,3.2445746426060467,True,7.486486486486487,7.626666666666667,7.342465753424658,148,75,73,17,7,10,0.10303030303030303,resolved
c1_L128_rep005.npz,0.15,17644,matched,413,4.0,0.1500244140625,0.150390625,3.2754508787064323,3.3473296346562393,3.2035721227566247,True,7.513513513513513,7.72972972972973,7.297297297297297,148,74,74,16,6,10,0.0975609756097561,resolved
c1_L128_rep005.npz,0.15,17644,matched,514,4.0,0.1500244140625,0.150390625,3.2528900669664016,3.2612054913267565,3.2445746426060467,True,7.436241610738255,7.526315789473684,7.342465753424658,149,76,73,16,6,10,0.09696969696969697,resolved
c1_L128_rep005.npz,0.15,20000,native,-1,1.0,0.1500244140625,0.1500244140625,2.915462007638009,2.915147146887671,2.9157768683883467,True,5.217136150234742,5.300236406619385,5.135198135198135,852,423,429,85,47,38,0.09071504802561366,resolved
c1_L128_rep005.npz,0.15,20000,majority,-1,1.0,0.1500244140625,0.14398193359375,3.16598075509882,3.1781239387984166,3.1538375713992233,True,6.893964110929853,7.006578947368421,6.783171521035599,613,304,309,84,46,38,0.12051649928263988,resolved
c1_L128_rep005.npz,0.15,20000,matched,110,4.0,0.1500244140625,0.150390625,3.1671357915576657,3.1245993987596035,3.2096721843557283,True,7.355704697986577,7.315789473684211,7.397260273972603,149,76,73,21,10,11,0.12352941176470589,resolved
c1_L128_rep005.npz,0.15,20000,matched,211,4.0,0.1500244140625,0.150390625,3.1671357915576657,3.1245993987596035,3.2096721843557283,True,7.382550335570469,7.368421052631579,7.397260273972603,149,76,73,21,10,11,0.12352941176470589,resolved
c1_L128_rep005.npz,0.15,20000,matched,312,4.0,0.1500244140625,0.150390625,3.1671357915576657,3.1245993987596035,3.2096721843557283,True,7.382550335570469,7.368421052631579,7.397260273972603,149,76,73,21,10,11,0.12352941176470589,resolved
c1_L128_rep005.npz,0.15,20000,matched,413,4.0,0.1500244140625,0.150390625,3.1671357915576657,3.1245993987596035,3.2096721843557283,True,7.382550335570469,7.368421052631579,7.397260273972603,149,76,73,21,10,11,0.12352941176470589,resolved
c1_L128_rep005.npz,0.15,20000,matched,514,4.0,0.1500244140625,0.150390625,3.1671357915576657,3.1245993987596035,3.2096721843557283,True,7.355704697986577,7.368421052631579,7.342465753424658,149,76,73,21,10,11,0.12352941176470589,resolved
c1_L128_rep006.npz,0.15,1119,native,-1,1.0,0.1500244140625,0.1500244140625,1.5222366871390831,1.5646090990619217,1.4798642752162445,True,3.216326530612245,3.29532967032967,3.138814016172507,1470,728,742,73,20,53,0.047310434219053794,resolved
c1_L128_rep006.npz,0.15,1119,majority,-1,1.0,0.1500244140625,0.13739013671875,1.7081956851782687,1.7439997217627545,1.6723916485937829,True,3.8640429338103757,3.895390070921986,3.832129963898917,1118,564,554,67,16,51,0.056540084388185655,resolved
c1_L128_rep006.npz,0.15,1119,matched,110,4.0,0.1500244140625,0.150390625,2.2027866813734702,2.3101798805246236,2.0953934822223164,True,5.165919282511211,5.37037037037037,4.973913043478261,223,108,115,17,6,11,0.07083333333333333,resolved
c1_L128_rep006.npz,0.15,1119,matched,211,4.0,0.1500244140625,0.150390625,2.2012057761515176,2.307018070080719,2.0953934822223164,True,5.160714285714286,5.3577981651376145,4.973913043478261,224,109,115,16,5,11,0.06666666666666667,resolved
c1_L128_rep006.npz,0.15,1119,matched,312,4.0,0.1500244140625,0.150390625,2.2224341283365163,2.3346554154778048,2.1102128411952275,True,5.176470588235294,5.3584905660377355,5.008695652173913,221,106,115,17,7,10,0.07142857142857142,resolved
c1_L128_rep006.npz,0.15,1119,matched,413,4.0,0.1500244140625,0.150390625,2.218631950767969,2.3784648651620275,2.0587990363739106,True,5.153153153153153,5.461538461538462,4.88135593220339,222,104,118,17,7,10,0.07112970711297072,resolved
c1_L128_rep006.npz,0.15,1119,matched,514,4.0,0.1500244140625,0.150390625,2.2064354127944132,2.3346554154778048,2.0782154101110217,True,5.135135135135135,5.3584905660377355,4.931034482758621,222,106,116,18,7,11,0.075,resolved
c1_L128_rep006.npz,0.15,1268,native,-1,1.0,0.1500244140625,0.1500244140625,1.5230432140416035,1.5616497976552048,1.484436630428002,True,3.185810810810811,3.224764468371467,3.1465400271370423,1480,743,737,74,21,53,0.047619047619047616,resolved
c1_L128_rep006.npz,0.15,1268,majority,-1,1.0,0.1500244140625,0.1370849609375,1.717090567517524,1.7782577489886524,1.6559233860463958,True,3.8684684684684685,3.990875912408759,3.7491103202846974,1110,548,562,70,18,52,0.059322033898305086,resolved
c1_L128_rep006.npz,0.15,1268,matched,110,4.0,0.1500244140625,0.150390625,2.1997650221969574,2.2893172031986877,2.1102128411952275,True,5.142857142857143,5.284403669724771,5.008695652173913,224,109,115,16,6,10,0.06666666666666667,resolved
c1_L128_rep006.npz,0.15,1268,matched,211,4.0,0.1500244140625,0.150390625,2.1997219265882966,2.26882796504806,2.130615888128533,True,5.147982062780269,5.2727272727272725,5.0265486725663715,223,110,113,17,6,11,0.07083333333333333,resolved
c1_L128_rep006.npz,0.15,1268,matched,312,4.0,0.1500244140625,0.150390625,2.2030711553481073,2.313350369500656,2.0927919411955584,True,5.130044843049327,5.308411214953271,4.9655172413793105,223,107,116,17,7,10,0.07083333333333333,resolved
c1_L128_rep006.npz,0.15,1268,matched,413,4.0,0.1500244140625,0.150390625,2.2048208552747672,2.3314263004385127,2.0782154101110217,True,5.165919282511211,5.420560747663552,4.931034482758621,223,107,116,17,6,11,0.07083333333333333,resolved
c1_L128_rep006.npz,0.15,1268,matched,514,4.0,0.1500244140625,0.150390625,2.213723678336682,2.3346554154778048,2.0927919411955584,True,5.153153153153153,5.3584905660377355,4.9655172413793105,222,106,116,17,7,10,0.07112970711297072,resolved
c1_L128_rep006.npz,0.15,1438,native,-1,1.0,0.1500244140625,0.1500244140625,1.5541785464884792,1.6196078461111427,1.4887492468658157,True,3.223738062755798,3.319559228650138,3.1297297297297297,1466,726,740,71,15,56,0.04619388418998048,resolved
c1_L128_rep006.npz,0.15,1438,majority,-1,1.0,0.1500244140625,0.13616943359375,1.7545474543297792,1.8293544117096436,1.6797404969499148,True,3.94547134935305,4.080524344569288,3.8138686131386863,1082,534,548,68,13,55,0.059130434782608696,resolved
c1_L128_rep006.npz,0.15,1438,matched,110,4.0,0.1500244140625,0.150390625,2.210960684935081,2.34114055478771,2.080780815082452,True,5.168949771689498,5.423076923076923,4.939130434782609,219,104,115,21,9,12,0.0875,resolved
c1_L128_rep006.npz,0.15,1438,matched,211,4.0,0.1500244140625,0.150390625,2.2235304525266297,2.3662800899708074,2.080780815082452,True,5.1981566820276495,5.490196078431373,4.939130434782609,217,102,115,22,10,12,0.09205020920502092,resolved
c1_L128_rep006.npz,0.15,1438,matched,312,4.0,0.1500244140625,0.150390625,2.2218718890227076,2.362962962962963,2.080780815082452,True,5.192660550458716,5.475728155339806,4.939130434782609,218,103,115,21,9,12,0.08786610878661087,resolved
c1_L128_rep006.npz,0.15,1438,matched,413,4.0,0.1500244140625,0.150390625,2.213401745915118,2.362962962962963,2.0638405288672725,True,5.168949771689498,5.475728155339806,4.896551724137931,219,103,116,21,9,12,0.0875,resolved
c1_L128_rep006.npz,0.15,1438,matched,514,4.0,0.1500244140625,0.150390625,2.213401745915118,2.362962962962963,2.0638405288672725,True,5.168949771689498,5.475728155339806,4.896551724137931,219,103,116,21,9,12,0.0875,resolved
c1_L128_rep006.npz,0.15,1630,native,-1,1.0,0.1500244140625,0.1500244140625,1.6015614400278313,1.636069588429975,1.5670532916256878,True,3.3110955056179776,3.310533515731874,3.311688311688312,1424,731,693,82,14,68,0.05444887118193891,resolved
c1_L128_rep006.npz,0.15,1630,majority,-1,1.0,0.1500244140625,0.13751220703125,1.8020506818507829,1.8658754373757893,1.7382259263257767,True,4.109837631327602,4.197343453510436,4.0211538461538465,1047,527,520,78,12,66,0.06933333333333333,resolved
c1_L128_rep006.npz,0.15,1630,matched,110,4.0,0.1500244140625,0.150390625,2.193697746628506,2.271885892075328,2.115509601181684,True,5.135135135135135,5.284403669724771,4.991150442477876,222,109,113,19,7,12,0.07883817427385892,resolved
c1_L128_rep006.npz,0.15,1630,matched,211,4.0,0.1500244140625,0.150390625,2.216019586985418,2.316529572789152,2.115509601181684,True,5.1506849315068495,5.320754716981132,4.991150442477876,219,106,113,20,8,12,0.08368200836820083,resolved
c1_L128_rep006.npz,0.15,1630,matched,312,4.0,0.1500244140625,0.150390625,2.207265536009161,2.316529572789152,2.09800149922917,True,5.127272727272727,5.320754716981132,4.947368421052632,220,106,114,20,8,12,0.08333333333333333,resolved
c1_L128_rep006.npz,0.15,1630,matched,413,4.0,0.1500244140625,0.150390625,2.2131041355297705,2.313350369500656,2.112857901558885,True,5.158371040723982,5.345794392523365,4.982456140350878,221,107,114,18,7,11,0.07531380753138076,resolved
c1_L128_rep006.npz,0.15,1630,matched,514,4.0,0.1500244140625,0.150390625,2.2144324752860207,2.2955525734586995,2.1333123771133424,True,5.168949771689498,5.308411214953271,5.035714285714286,219,107,112,20,8,12,0.08368200836820083,resolved
c1_L128_rep006.npz,0.15,1848,native,-1,1.0,0.1500244140625,0.1500244140625,1.607923593871839,1.6403840220976655,1.5754631656460125,True,3.3192389006342493,3.346853146853147,3.2911931818181817,1419,715,704,81,22,59,0.054,resolved
c1_L128_rep006.npz,0.15,1848,majority,-1,1.0,0.1500244140625,0.1368408203125,1.8241952068420206,1.8683395004673442,1.780050913216697,True,4.133333333333334,4.190384615384615,4.075728155339806,1035,520,515,76,19,57,0.06840684068406841,resolved
c1_L128_rep006.npz,0.15,1848,matched,110,4.0,0.1500244140625,0.150390625,2.2529264695849953,2.4078514399408206,2.09800149922917,True,5.265116279069767,5.584158415841584,4.982456140350878,215,101,114,21,9,12,0.08898305084745763,resolved
c1_L128_rep006.npz,0.15,1848,matched,211,4.0,0.1500244140625,0.150390625,2.2529264695849953,2.4078514399408206,2.09800149922917,True,5.246511627906977,5.544554455445544,4.982456140350878,215,101,114,21,9,12,0.08898305084745763,resolved
c1_L128_rep006.npz,0.15,1848,matched,312,4.0,0.1500244140625,0.150390625,2.261680520561252,2.4078514399408206,2.115509601181684,True,5.271028037383178,5.544554455445544,5.0265486725663715,214,101,113,21,9,12,0.08936170212765958,resolved
c1_L128_rep006.npz,0.15,1848,matched,413,4.0,0.1500244140625,0.150390625,2.273225480958031,2.430941360734378,2.115509601181684,True,5.295774647887324,5.6,5.0265486725663715,213,100,113,21,9,12,0.08974358974358974,resolved
c1_L128_rep006.npz,0.15,1848,matched,514,4.0,0.1500244140625,0.150390625,2.261680520561252,2.4078514399408206,2.115509601181684,True,5.271028037383178,5.544554455445544,5.0265486725663715,214,101,113,21,9,12,0.08936170212765958,resolved
c1_L128_rep006.npz,0.15,2094,native,-1,1.0,0.1500244140625,0.1500244140625,1.657635553408045,1.7282738396118997,1.58699726720419,True,3.4055232558139537,3.5059171597633134,3.3085714285714287,1376,676,700,93,30,63,0.06330837304288632,resolved
c1_L128_rep006.npz,0.15,2094,majority,-1,1.0,0.1500244140625,0.13787841796875,1.862630056782133,1.928404362493972,1.7968557510702943,True,4.201565557729941,4.324701195219124,4.082692307692308,1022,502,520,89,29,60,0.08010801080108011,resolved
c1_L128_rep006.npz,0.15,2094,matched,110,4.0,0.1500244140625,0.150390625,2.290545844566804,2.395364502711768,2.18572718642184,True,5.358851674641149,5.575757575757576,5.163636363636364,209,99,110,23,12,11,0.09913793103448276,resolved
c1_L128_rep006.npz,0.15,2094,matched,211,4.0,0.1500244140625,0.150390625,2.288839530043702,2.3729423621442627,2.2047366979431415,True,5.358851674641149,5.52,5.2110091743119265,209,100,109,23,12,11,0.09913793103448276,resolved
c1_L128_rep006.npz,0.15,2094,matched,312,4.0,0.1500244140625,0.150390625,2.286042597306876,2.3509360997842292,2.2211490948295225,True,5.352380952380952,5.465346534653466,5.247706422018348,210,101,109,22,12,10,0.09482758620689655,resolved
c1_L128_rep006.npz,0.15,2094,matched,413,4.0,0.1500244140625,0.150390625,2.2795040338074957,2.3919653902238442,2.1670426773911466,True,5.345971563981043,5.6,5.117117117117117,211,100,111,22,11,11,0.0944206008583691,resolved
c1_L128_rep006.npz,0.15,2094,matched,514,4.0,0.1500244140625,0.150390625,2.2888462883228424,2.3919653902238442,2.18572718642184,True,5.371428571428571,5.6,5.163636363636364,210,100,110,22,11,11,0.09482758620689655,resolved
c1_L128_rep006.npz,0.15,2374,native,-1,1.0,0.1500244140625,0.1500244140625,1.773323736746602,1.8154792202329022,1.7311682532603014,True,3.7091633466135456,3.757575757575758,3.660828025477707,1255,627,628,104,36,68,0.07652685798381163,resolved
c1_L128_rep006.npz,0.15,2374,majority,-1,1.0,0.1500244140625,0.139892578125,1.9418897013712082,1.9923678019105875,1.891411600831829,True,4.4829721362229105,4.546583850931677,4.419753086419753,969,483,486,92,31,61,0.08671065032987747,resolved
c1_L128_rep006.npz,0.15,2374,matched,110,4.0,0.1500244140625,0.150390625,2.363513310730619,2.5029468553618304,2.2240797660994076,True,5.6,5.938144329896907,5.296296296296297,205,97,108,20,9,11,0.08888888888888889,resolved
c1_L128_rep006.npz,0.15,2374,matched,211,4.0,0.1500244140625,0.150390625,2.3591403621066833,2.4544784075302393,2.263802316683127,True,5.6,5.818181818181818,5.39622641509434,205,99,106,20,9,11,0.08888888888888889,resolved
c1_L128_rep006.npz,0.15,2374,matched,312,4.0,0.1500244140625,0.150390625,2.3611204713942704,2.4784756949002853,2.2437652478882555,True,5.6,5.877551020408164,5.345794392523365,205,98,107,20,9,11,0.08888888888888889,resolved
c1_L128_rep006.npz,0.15,2374,matched,413,4.0,0.1500244140625,0.150390625,2.3512777304998465,2.4784756949002853,2.2240797660994076,True,5.553398058252427,5.836734693877551,5.296296296296297,206,98,108,20,9,11,0.08849557522123894,resolved
c1_L128_rep006.npz,0.15,2374,matched,514,4.0,0.1500244140625,0.150390625,2.363513310730619,2.5029468553618304,2.2240797660994076,True,5.6,5.938144329896907,5.296296296296297,205,97,108,20,9,11,0.08888888888888889,resolved
c1_L128_rep006.npz,0.15,2691,native,-1,1.0,0.1500244140625,0.1500244140625,1.7681332339221385,1.7865801796127359,1.7496862882315412,True,3.5837173579109063,3.5957120980091886,3.571648690292758,1302,653,649,94,39,55,0.0673352435530086,resolved
c1_L128_rep006.npz,0.15,2691,majority,-1,1.0,0.1500244140625,0.137451171875,1.9863451180005645,2.01323743858413,1.9594527974169986,True,4.50791974656811,4.51890756302521,4.496815286624204,947,476,471,87,34,53,0.08413926499032882,resolved
c1_L128_rep006.npz,0.15,2691,matched,110,4.0,0.1500244140625,0.150390625,2.3652683254579294,2.40441682162052,2.326119829295339,True,5.560975609756097,5.607843137254902,5.514563106796117,205,102,103,19,8,11,0.08482142857142858,resolved
c1_L128_rep006.npz,0.15,2691,matched,211,4.0,0.1500244140625,0.150390625,2.400191482273993,2.4274406024037236,2.3729423621442627,True,5.651741293532338,5.663366336633663,5.64,201,101,100,20,8,12,0.09049773755656108,resolved
c1_L128_rep006.npz,0.15,2691,matched,312,4.0,0.1500244140625,0.150390625,2.3552956114147907,2.3596551230453526,2.3509360997842292,True,5.541463414634146,5.5,5.584158415841584,205,104,101,20,8,12,0.08888888888888889,resolved
c1_L128_rep006.npz,0.15,2691,matched,413,4.0,0.1500244140625,0.150390625,2.3992857015406894,2.4509095801556446,2.347661822925734,True,5.643564356435643,5.72,5.568627450980392,202,100,102,19,8,11,0.08597285067873303,resolved
c1_L128_rep006.npz,0.15,2691,matched,514,4.0,0.1500244140625,0.150390625,2.3680226058335685,2.381825689020404,2.354219522646733,True,5.5763546798029555,5.553398058252427,5.6,203,103,100,21,8,13,0.09375,resolved
c1_L128_rep006.npz,0.15,3051,native,-1,1.0,0.1500244140625,0.1500244140625,1.8218427471198202,1.8324348957171357,1.8112505985225047,True,3.7411858974358974,3.721958925750395,3.7609756097560973,1248,633,615,95,35,60,0.07073715562174236,resolved
c1_L128_rep006.npz,0.15,3051,majority,-1,1.0,0.1500244140625,0.13909912109375,2.007354814224679,2.048539624267217,1.9661700041821413,True,4.591489361702128,4.631130063965885,4.552016985138004,940,469,471,91,33,58,0.08826382153249272,resolved
c1_L128_rep006.npz,0.15,3051,matched,110,4.0,0.1500244140625,0.150390625,2.3769278135727077,2.430941360734378,2.322914266411037,True,5.647058823529412,5.76,5.538461538461538,204,100,104,19,9,10,0.08520179372197309,resolved
c1_L128_rep006.npz,0.15,3051,matched,211,4.0,0.1500244140625,0.150390625,2.3647963390332114,2.3851960241564423,2.3443966539099805,True,5.619512195121951,5.647058823529412,5.592233009708738,205,102,103,19,9,10,0.08482142857142858,resolved
c1_L128_rep006.npz,0.15,3051,matched,312,4.0,0.1500244140625,0.150390625,2.342938614687,2.362962962962963,2.322914266411037,True,5.565217391304348,5.592233009708738,5.538461538461538,207,103,104,19,9,10,0.084070796460177,resolved
c1_L128_rep006.npz,0.15,3051,matched,413,4.0,0.1500244140625,0.150390625,2.3647963390332114,2.3851960241564423,2.3443966539099805,True,5.619512195121951,5.647058823529412,5.592233009708738,205,102,103,19,9,10,0.08482142857142858,resolved
c1_L128_rep006.npz,0.15,3051,matched,514,4.0,0.1500244140625,0.150390625,2.3785305950148583,2.430941360734378,2.326119829295339,True,5.615763546798029,5.76,5.475728155339806,203,100,103,20,9,11,0.08968609865470852,resolved
c1_L128_rep006.npz,0.15,3458,native,-1,1.0,0.1500244140625,0.1500244140625,1.8679906104012394,1.890093881195381,1.8458873396070978,True,3.770032051282051,3.7670364500792393,3.773095623987034,1248,631,617,74,24,50,0.05597579425113464,resolved
c1_L128_rep006.npz,0.15,3458,majority,-1,1.0,0.1500244140625,0.13836669921875,2.0612211798923328,2.1036750220599507,2.0187673377247153,True,4.708695652173913,4.746203904555315,4.671023965141612,920,461,459,70,22,48,0.0707070707070707,resolved
c1_L128_rep006.npz,0.15,3458,matched,110,4.0,0.1500244140625,0.150390625,2.374052889495606,2.381825689020404,2.3662800899708074,True,5.639024390243902,5.631067961165049,5.647058823529412,205,103,102,18,8,10,0.08071748878923767,resolved
c1_L128_rep006.npz,0.15,3458,matched,211,4.0,0.1500244140625,0.150390625,2.398814189996162,2.3596551230453526,2.4379732569469716,True,5.683168316831683,5.576923076923077,5.795918367346939,202,104,98,19,8,11,0.08597285067873303,resolved
c1_L128_rep006.npz,0.15,3458,matched,312,4.0,0.1500244140625,0.150390625,2.384417424277289,2.3378934878201996,2.430941360734378,True,5.639024390243902,5.523809523809524,5.76,205,105,100,17,8,9,0.07657657657657657,resolved
c1_L128_rep006.npz,0.15,3458,matched,413,4.0,0.1500244140625,0.150390625,2.3837532814930866,2.3596551230453526,2.4078514399408206,True,5.639024390243902,5.576923076923077,5.702970297029703,205,104,101,17,8,9,0.07657657657657657,resolved
c1_L128_rep006.npz,0.15,3458,matched,514,4.0,0.1500244140625,0.150390625,2.4194345262887476,2.40441682162052,2.434452230956975,True,5.711442786069652,5.686274509803922,5.737373737373737,201,102,99,18,8,10,0.0821917808219178,resolved
c1_L128_rep006.npz,0.15,3920,native,-1,1.0,0.1500244140625,0.1500244140625,1.8928997563964747,1.9032914570904693,1.88250805570248,True,3.80700325732899,3.8466557911908645,3.767479674796748,1228,613,615,79,32,47,0.060443764345830146,resolved
c1_L128_rep006.npz,0.15,3920,majority,-1,1.0,0.1500244140625,0.13922119140625,2.0970731086325993,2.0999410782925634,2.0942051389726353,True,4.749725576289792,4.741304347826087,4.758314855875832,911,460,451,74,30,44,0.0751269035532995,resolved
c1_L128_rep006.npz,0.15,3920,matched,110,4.0,0.1500244140625,0.150390625,2.446612946577819,2.4784756949002853,2.4147501982553528,True,5.766497461928934,5.836734693877551,5.696969696969697,197,98,99,20,9,11,0.09216589861751152,resolved
c1_L128_rep006.npz,0.15,3920,matched,211,4.0,0.1500244140625,0.150390625,2.434614302892796,2.4544784075302393,2.4147501982553528,True,5.737373737373737,5.777777777777778,5.696969696969697,198,99,99,20,9,11,0.09174311926605505,resolved
c1_L128_rep006.npz,0.15,3920,matched,312,4.0,0.1500244140625,0.150390625,2.4462258322386052,2.4544784075302393,2.4379732569469716,True,5.766497461928934,5.777777777777778,5.755102040816326,197,99,98,20,9,11,0.09216589861751152,resolved
c1_L128_rep006.npz,0.15,3920,matched,413,4.0,0.1500244140625,0.150390625,2.4564639629286305,2.4784756949002853,2.434452230956975,True,5.786802030456853,5.836734693877551,5.737373737373737,197,98,99,19,9,10,0.08796296296296297,resolved
c1_L128_rep006.npz,0.15,3920,matched,514,4.0,0.1500244140625,0.150390625,2.434457308840675,2.430941360734378,2.4379732569469716,True,5.737373737373737,5.72,5.755102040816326,198,100,98,20,9,11,0.09174311926605505,resolved
c1_L128_rep006.npz,0.15,4443,native,-1,1.0,0.1500244140625,0.1500244140625,1.9703515253330544,2.0023375127828817,1.9383655378832272,True,3.9245599329421625,3.9548494983277593,3.8941176470588235,1193,598,595,69,27,42,0.05467511885895404,resolved
c1_L128_rep006.npz,0.15,4443,majority,-1,1.0,0.1500244140625,0.13922119140625,2.1897010686550717,2.2089448499797943,2.170457287330349,True,4.897843359818388,4.927765237020316,4.867579908675799,881,443,438,67,27,40,0.07067510548523206,resolved
c1_L128_rep006.npz,0.15,4443,matched,110,4.0,0.1500244140625,0.150390625,2.483008240411718,2.4009919877909196,2.565024493032517,True,5.7846153846153845,5.631067961165049,5.956521739130435,195,103,92,19,7,12,0.08878504672897196,resolved
c1_L128_rep006.npz,0.15,4443,matched,211,4.0,0.1500244140625,0.150390625,2.4816402818578602,2.4239499123419295,2.539330651373791,True,5.7846153846153845,5.686274509803922,5.89247311827957,195,102,93,19,7,12,0.08878504672897196,resolved
c1_L128_rep006.npz,0.15,4443,matched,312,4.0,0.1500244140625,0.150390625,2.5079670365940805,2.4509095801556446,2.565024493032517,True,5.833333333333333,5.72,5.956521739130435,192,100,92,20,8,12,0.09433962264150944,resolved
c1_L128_rep006.npz,0.15,4443,matched,413,4.0,0.1500244140625,0.150390625,2.483008240411718,2.4009919877909196,2.565024493032517,True,5.7846153846153845,5.631067961165049,5.956521739130435,195,103,92,19,7,12,0.08878504672897196,resolved
c1_L128_rep006.npz,0.15,4443,matched,514,4.0,0.1500244140625,0.150390625,2.483008240411718,2.4009919877909196,2.565024493032517,True,5.7846153846153845,5.631067961165049,5.956521739130435,195,103,92,19,7,12,0.08878504672897196,resolved
c1_L128_rep006.npz,0.15,5037,native,-1,1.0,0.1500244140625,0.1500244140625,2.0119959116168826,1.9844426290593404,2.0395491941744246,True,3.908710217755444,3.9434276206322796,3.873524451939292,1194,601,593,60,24,36,0.04784688995215311,resolved
c1_L128_rep006.npz,0.15,5037,majority,-1,1.0,0.1500244140625,0.1390380859375,2.250975467828848,2.223611876282176,2.27833905937552,True,4.987268518518518,4.928089887640449,5.050119331742243,864,445,419,57,23,34,0.06188925081433225,resolved
c1_L128_rep006.npz,0.15,5037,matched,110,4.0,0.1500244140625,0.150390625,2.5386793123347586,2.545655803417106,2.531702821252411,True,5.916666666666667,5.979381443298969,5.852631578947369,192,97,95,17,7,10,0.08133971291866028,resolved
c1_L128_rep006.npz,0.15,5037,matched,211,4.0,0.1500244140625,0.150390625,2.564766588873728,2.5978303564950447,2.531702821252411,True,5.957894736842105,6.105263157894737,5.810526315789474,190,95,95,17,7,10,0.0821256038647343,resolved
c1_L128_rep006.npz,0.15,5037,matched,312,4.0,0.1500244140625,0.150390625,2.5786965947222242,2.5203466145612095,2.637046574883239,True,5.98941798941799,5.918367346938775,6.065934065934066,189,98,91,17,7,10,0.0825242718446602,resolved
c1_L128_rep006.npz,0.15,5037,matched,413,4.0,0.1500244140625,0.150390625,2.5644785006710977,2.545655803417106,2.5833011979250893,True,5.978947368421053,5.979381443298969,5.978494623655914,190,97,93,17,7,10,0.0821256038647343,resolved
c1_L128_rep006.npz,0.15,5037,matched,514,4.0,0.1500244140625,0.150390625,2.5387941854677827,2.5203466145612095,2.5572417563743564,True,5.895833333333333,5.918367346938775,5.872340425531915,192,98,94,17,7,10,0.08133971291866028,resolved
c1_L128_rep006.npz,0.15,5709,native,-1,1.0,0.1500244140625,0.1500244140625,2.0303677181391437,2.0091693548412866,2.0515660814370005,True,3.898671096345515,3.856451612903226,3.9434931506849313,1204,620,584,50,15,35,0.03987240829346093,resolved
c1_L128_rep006.npz,0.15,5709,majority,-1,1.0,0.1500244140625,0.1395263671875,2.276955336533648,2.2623520710407714,2.2915586020265253,True,4.946651532349603,4.87719298245614,5.021176470588236,881,456,425,44,10,34,0.04756756756756757,resolved
c1_L128_rep006.npz,0.15,5709,matched,110,4.0,0.1500244140625,0.150390625,2.6373272874477127,2.5858745595138775,2.688780015381548,True,6.1063829787234045,6.040816326530612,6.177777777777778,188,98,90,13,4,9,0.06467661691542288,resolved
c1_L128_rep006.npz,0.15,5709,matched,211,4.0,0.1500244140625,0.150390625,2.6386839092293246,2.5597634361418105,2.7176043823168388,True,6.1063829787234045,5.97979797979798,6.247191011235955,188,99,89,13,4,9,0.06467661691542288,resolved
c1_L128_rep006.npz,0.15,5709,matched,312,4.0,0.1500244140625,0.150390625,2.612108624426785,2.5636565644096043,2.660560684443966,True,6.052910052910053,6.0,6.1098901098901095,189,98,91,14,5,9,0.06896551724137931,resolved
c1_L128_rep006.npz,0.15,5709,matched,413,4.0,0.1500244140625,0.150390625,2.6242717257616794,2.5597634361418105,2.688780015381548,True,6.074074074074074,5.97979797979798,6.177777777777778,189,99,90,13,4,9,0.06435643564356436,resolved
c1_L128_rep006.npz,0.15,5709,matched,514,4.0,0.1500244140625,0.150390625,2.6114771880039993,2.5341743606264506,2.688780015381548,True,6.021052631578947,5.92,6.133333333333334,190,100,90,13,4,9,0.06403940886699508,resolved
c1_L128_rep006.npz,0.15,6472,native,-1,1.0,0.1500244140625,0.1500244140625,2.1599301889734486,2.0877418725125607,2.232118505434337,True,4.112488928255093,4.139175257731959,4.084095063985375,1129,582,547,64,18,46,0.053646269907795474,resolved
c1_L128_rep006.npz,0.15,6472,majority,-1,1.0,0.1500244140625,0.1400146484375,2.3844347278578173,2.2897786225873134,2.479090833128321,True,5.201680672268908,5.074324324324325,5.347043701799486,833,444,389,54,12,42,0.060879368658399095,resolved
c1_L128_rep006.npz,0.15,6472,matched,110,4.0,0.1500244140625,0.150390625,2.7028478668157514,2.5341743606264506,2.871521373005052,True,6.195652173913044,5.84,6.619047619047619,184,100,84,13,4,9,0.06598984771573604,resolved
c1_L128_rep006.npz,0.15,6472,matched,211,4.0,0.1500244140625,0.150390625,2.6766207430947335,2.509091831729224,2.844149654460243,True,6.140540540540541,5.782178217821782,6.571428571428571,185,101,84,14,4,10,0.07035175879396985,resolved
c1_L128_rep006.npz,0.15,6472,matched,312,4.0,0.1500244140625,0.150390625,2.6707471168541015,2.5597634361418105,2.7817307975663925,True,6.140540540540541,5.898989898989899,6.4186046511627906,185,99,86,14,4,10,0.07035175879396985,resolved
c1_L128_rep006.npz,0.15,6472,matched,413,4.0,0.1500244140625,0.150390625,2.689162007543347,2.5341743606264506,2.844149654460243,True,6.173913043478261,5.84,6.571428571428571,184,100,84,14,4,10,0.0707070707070707,resolved
c1_L128_rep006.npz,0.15,6472,matched,514,4.0,0.1500244140625,0.150390625,2.6643253051821185,2.4845009559039934,2.844149654460243,True,6.10752688172043,5.7254901960784315,6.571428571428571,186,102,84,14,4,10,0.07,resolved
c1_L128_rep006.npz,0.15,7336,native,-1,1.0,0.1500244140625,0.1500244140625,2.2396123006607906,2.184842293944512,2.2943823073770693,True,4.306197964847364,4.328519855595668,4.282732447817837,1081,554,527,61,20,41,0.053415061295971976,resolved
c1_L128_rep006.npz,0.15,7336,majority,-1,1.0,0.1500244140625,0.1412353515625,2.480271423426447,2.3984457594692237,2.5620970873836706,True,5.411910669975186,5.348341232227488,5.481770833333333,806,422,384,55,18,37,0.06387921022067364,resolved
c1_L128_rep006.npz,0.15,7336,matched,110,4.0,0.1500244140625,0.150390625,2.751890692014306,2.695872635079876,2.807908748948736,True,6.355555555555555,6.340425531914893,6.372093023255814,180,94,86,13,4,9,0.06735751295336788,resolved
c1_L128_rep006.npz,0.15,7336,matched,211,4.0,0.1500244140625,0.150390625,2.7540499419632187,2.700191134977701,2.807908748948736,True,6.368715083798882,6.32258064516129,6.4186046511627906,179,93,86,14,5,9,0.07253886010362694,resolved
c1_L128_rep006.npz,0.15,7336,matched,312,4.0,0.1500244140625,0.150390625,2.7386694490419314,2.700191134977701,2.7771477631061625,True,6.311111111111111,6.32258064516129,6.2988505747126435,180,93,87,14,5,9,0.07216494845360824,resolved
c1_L128_rep006.npz,0.15,7336,matched,413,4.0,0.1500244140625,0.150390625,2.75769495803793,2.643868543070808,2.871521373005052,True,6.346368715083799,6.189473684210526,6.523809523809524,179,95,84,14,5,9,0.07253886010362694,resolved
c1_L128_rep006.npz,0.15,7336,matched,514,4.0,0.1500244140625,0.150390625,2.739820893961504,2.6717330389742715,2.807908748948736,True,6.311111111111111,6.25531914893617,6.372093023255814,180,94,86,14,5,9,0.07216494845360824,resolved
c1_L128_rep006.npz,0.15,8316,native,-1,1.0,0.1500244140625,0.1500244140625,2.2813450347828903,2.2615623780474134,2.301127691518367,True,4.221606648199446,4.29981718464351,4.141791044776119,1083,547,536,69,27,42,0.059895833333333336,resolved
c1_L128_rep006.npz,0.15,8316,majority,-1,1.0,0.1500244140625,0.13946533203125,2.548129414932558,2.504951036897367,2.5913077929677484,True,5.516339869281046,5.520304568527918,5.512129380053908,765,394,371,65,24,41,0.0783132530120482,resolved
c1_L128_rep006.npz,0.15,8316,matched,110,4.0,0.1500244140625,0.150390625,2.8354786906364664,2.708869774831535,2.9620876064413983,True,6.482758620689655,6.241758241758242,6.746987951807229,174,91,83,14,7,7,0.07446808510638298,resolved
c1_L128_rep006.npz,0.15,8316,matched,211,4.0,0.1500244140625,0.150390625,2.8354786906364664,2.708869774831535,2.9620876064413983,True,6.459770114942529,6.241758241758242,6.698795180722891,174,91,83,14,7,7,0.07446808510638298,resolved
c1_L128_rep006.npz,0.15,8316,matched,312,4.0,0.1500244140625,0.150390625,2.838668610517688,2.6802294216190123,2.9971077994163644,True,6.459770114942529,6.173913043478261,6.780487804878049,174,92,82,14,7,7,0.07446808510638298,resolved
c1_L128_rep006.npz,0.15,8316,matched,413,4.0,0.1500244140625,0.150390625,2.8354786906364664,2.708869774831535,2.9620876064413983,True,6.459770114942529,6.241758241758242,6.698795180722891,174,91,83,14,7,7,0.07446808510638298,resolved
c1_L128_rep006.npz,0.15,8316,matched,514,4.0,0.1500244140625,0.150390625,2.8354786906364664,2.708869774831535,2.9620876064413983,True,6.459770114942529,6.241758241758242,6.698795180722891,174,91,83,14,7,7,0.07446808510638298,resolved
c1_L128_rep006.npz,0.15,9427,native,-1,1.0,0.1500244140625,0.1500244140625,2.431282293994637,2.3765383990775737,2.486026188911701,True,4.533201189296333,4.532818532818533,4.5336048879837065,1009,518,491,75,28,47,0.06918819188191883,resolved
c1_L128_rep006.npz,0.15,9427,majority,-1,1.0,0.1500244140625,0.1417236328125,2.6539196771677838,2.5714562332105553,2.7363831211250123,True,5.722296395193592,5.650510204081633,5.8011204481792715,749,392,357,70,26,44,0.08547008547008547,resolved
c1_L128_rep006.npz,0.15,9427,matched,110,4.0,0.1500244140625,0.150390625,2.947232051349838,2.807908748948736,3.08655535375094,True,6.723926380368098,6.372093023255814,7.116883116883117,163,86,77,19,9,10,0.1043956043956044,resolved
c1_L128_rep006.npz,0.15,9427,matched,211,4.0,0.1500244140625,0.150390625,2.979038363377996,2.871521373005052,3.08655535375094,True,6.807453416149069,6.523809523809524,7.116883116883117,161,84,77,19,9,10,0.10555555555555556,resolved
c1_L128_rep006.npz,0.15,9427,matched,312,4.0,0.1500244140625,0.150390625,2.979038363377996,2.871521373005052,3.08655535375094,True,6.807453416149069,6.523809523809524,7.116883116883117,161,84,77,19,9,10,0.10555555555555556,resolved
c1_L128_rep006.npz,0.15,9427,matched,413,4.0,0.1500244140625,0.150390625,2.9399092077385616,2.866637954596278,3.013180460880845,True,6.7073170731707314,6.4941176470588236,6.936708860759493,164,85,79,18,8,10,0.0989010989010989,resolved
c1_L128_rep006.npz,0.15,9427,matched,514,4.0,0.1500244140625,0.150390625,2.9580322707886895,2.866637954596278,3.0494265869811015,True,6.748466257668712,6.4941176470588236,7.0256410256410255,163,85,78,18,8,10,0.09944751381215469,resolved
c1_L128_rep006.npz,0.15,10686,native,-1,1.0,0.1500244140625,0.1500244140625,2.4858388566073595,2.4676306463733573,2.504047066841362,True,4.552062868369352,4.544401544401544,4.56,1018,518,500,67,30,37,0.06175115207373272,resolved
c1_L128_rep006.npz,0.15,10686,majority,-1,1.0,0.1500244140625,0.141845703125,2.694607009407015,2.679258150222931,2.709955868591099,True,5.890982503364738,5.917771883289125,5.863387978142076,743,377,366,61,26,35,0.07587064676616916,resolved
c1_L128_rep006.npz,0.15,10686,matched,110,4.0,0.1500244140625,0.150390625,3.0075085388085006,2.9227995507477686,3.092217526869232,True,6.857142857142857,6.635294117647059,7.105263157894737,161,85,76,17,6,11,0.09550561797752809,resolved
c1_L128_rep006.npz,0.15,10686,matched,211,4.0,0.1500244140625,0.150390625,3.005182336573193,2.9917882817339696,3.018576391412416,True,6.857142857142857,6.795180722891566,6.923076923076923,161,83,78,17,6,11,0.09550561797752809,resolved
c1_L128_rep006.npz,0.15,10686,matched,312,4.0,0.1500244140625,0.150390625,3.027396040260835,2.9568915682550165,3.0979005122666536,True,6.8930817610062896,6.714285714285714,7.093333333333334,159,84,75,18,6,12,0.1016949152542373,resolved
c1_L128_rep006.npz,0.15,10686,matched,413,4.0,0.1500244140625,0.150390625,3.0233707582332423,2.9917882817339696,3.0549532347325155,True,6.9,6.795180722891566,7.012987012987013,160,83,77,17,6,11,0.096045197740113,resolved
c1_L128_rep006.npz,0.15,10686,matched,514,4.0,0.1500244140625,0.150390625,2.9733956165826134,2.9227995507477686,3.0239916824174577,True,6.765432098765432,6.635294117647059,6.909090909090909,162,85,77,18,6,12,0.1,resolved
c1_L128_rep006.npz,0.15,12113,native,-1,1.0,0.1500244140625,0.1500244140625,2.5496846598193743,2.517682228538414,2.581687091100334,True,4.591463414634147,4.583665338645418,4.5995850622406635,984,502,482,84,29,55,0.07865168539325842,resolved
c1_L128_rep006.npz,0.15,12113,majority,-1,1.0,0.1500244140625,0.14166259765625,2.7971750641475213,2.7596504271775553,2.8346997011174877,True,5.922752808988764,5.930747922437673,5.914529914529915,712,361,351,82,30,52,0.10327455919395466,resolved
c1_L128_rep006.npz,0.15,12113,matched,110,4.0,0.1500244140625,0.150390625,3.088979452806251,3.0024462674180894,3.1755126381944123,True,7.116883116883117,6.864197530864198,7.397260273972603,154,81,73,20,8,12,0.11494252873563218,resolved
c1_L128_rep006.npz,0.15,12113,matched,211,4.0,0.1500244140625,0.150390625,3.129779908795072,3.0024462674180894,3.2571135501720554,True,7.184210526315789,6.814814814814815,7.605633802816901,152,81,71,20,8,12,0.11627906976744186,resolved
c1_L128_rep006.npz,0.15,12113,matched,312,4.0,0.1500244140625,0.150390625,3.109969636626174,3.038433064022918,3.18150620922943,True,7.184210526315789,6.95,7.444444444444445,152,80,72,21,8,13,0.12138728323699421,resolved
c1_L128_rep006.npz,0.15,12113,matched,413,4.0,0.1500244140625,0.150390625,3.077456550866194,2.9329708353929806,3.221942266339408,True,7.090909090909091,6.698795180722891,7.549295774647887,154,83,71,21,8,13,0.12,resolved
c1_L128_rep006.npz,0.15,12113,matched,514,4.0,0.1500244140625,0.150390625,3.0941650909764693,2.9725346608915215,3.215795521061417,True,7.137254901960785,6.814814814814815,7.5,153,81,72,21,9,12,0.1206896551724138,resolved
c1_L128_rep006.npz,0.15,13731,native,-1,1.0,0.1500244140625,0.1500244140625,2.5759753254698654,2.5417316763639555,2.6102189745757753,True,4.539939332659252,4.428849902534113,4.659663865546219,989,513,476,95,43,52,0.08763837638376384,resolved
c1_L128_rep006.npz,0.15,13731,majority,-1,1.0,0.1500244140625,0.1414794921875,2.872321583109355,2.861111961050354,2.8835312051683553,True,6.167893961708395,6.0573065902578795,6.284848484848485,679,349,330,91,40,51,0.11818181818181818,resolved
c1_L128_rep006.npz,0.15,13731,matched,110,4.0,0.1500244140625,0.150390625,3.154997676335365,3.2383413225382904,3.0716540301324393,True,7.351351351351352,7.45945945945946,7.243243243243243,148,74,74,23,9,14,0.13450292397660818,resolved
c1_L128_rep006.npz,0.15,13731,matched,211,4.0,0.1500244140625,0.150390625,3.190400562473613,3.2445746426060467,3.136226482341179,True,7.319727891156463,7.287671232876712,7.351351351351352,147,73,74,22,10,12,0.1301775147928994,resolved
c1_L128_rep006.npz,0.15,13731,matched,312,4.0,0.1500244140625,0.150390625,3.1505498143570834,3.1974952038110844,3.1036044249030823,True,7.221476510067114,7.2,7.243243243243243,149,75,74,22,9,13,0.1286549707602339,resolved
c1_L128_rep006.npz,0.15,13731,matched,413,4.0,0.1500244140625,0.150390625,3.1528327614706373,3.1635929887848584,3.142072534156416,True,7.216216216216216,7.093333333333334,7.342465753424658,148,75,73,23,10,13,0.13450292397660818,resolved
c1_L128_rep006.npz,0.15,13731,matched,514,4.0,0.1500244140625,0.150390625,3.1728223284565207,3.2035721227566247,3.142072534156416,True,7.26530612244898,7.1891891891891895,7.342465753424658,147,74,73,23,10,13,0.13529411764705881,resolved
c1_L128_rep006.npz,0.15,15565,native,-1,1.0,0.1500244140625,0.1500244140625,2.8723518456094754,2.9561904829217016,2.7885132082972492,True,5.057562076749436,5.138392857142857,4.974885844748859,886,448,438,87,28,59,0.08941418293936279,resolved
c1_L128_rep006.npz,0.15,15565,majority,-1,1.0,0.1500244140625,0.1422119140625,3.1072050677377696,3.2017746979693436,3.0126354375061952,True,6.682464454976303,6.730650154798762,6.632258064516129,633,323,310,83,26,57,0.11592178770949721,resolved
c1_L128_rep006.npz,0.15,15565,matched,110,4.0,0.1500244140625,0.150390625,3.3996886879784283,3.49987023098884,3.2995071449680164,True,7.76978417266187,7.826086956521739,7.714285714285714,139,69,70,20,8,12,0.12578616352201258,resolved
c1_L128_rep006.npz,0.15,15565,matched,211,4.0,0.1500244140625,0.150390625,3.378491890580448,3.49987023098884,3.2571135501720554,True,7.714285714285714,7.826086956521739,7.605633802816901,140,69,71,20,8,12,0.125,resolved
c1_L128_rep006.npz,0.15,15565,matched,312,4.0,0.1500244140625,0.150390625,3.3912338942779288,3.6069551503614448,3.1755126381944123,True,7.741007194244604,8.121212121212121,7.397260273972603,139,66,73,21,9,12,0.13125,resolved
c1_L128_rep006.npz,0.15,15565,matched,413,4.0,0.1500244140625,0.150390625,3.3996886879784283,3.49987023098884,3.2995071449680164,True,7.76978417266187,7.826086956521739,7.714285714285714,139,69,70,20,8,12,0.12578616352201258,resolved
c1_L128_rep006.npz,0.15,15565,matched,514,4.0,0.1500244140625,0.150390625,3.3860745532724037,3.5563535854833908,3.215795521061417,True,7.741007194244604,8.0,7.5,139,67,72,21,9,12,0.13125,resolved
c1_L128_rep006.npz,0.15,17644,native,-1,1.0,0.1500244140625,0.1500244140625,2.9038581518401765,3.0044577489653,2.8032585547150535,True,4.924861878453038,5.11936936936937,4.737527114967462,905,444,461,83,28,55,0.0840080971659919,resolved
c1_L128_rep006.npz,0.15,17644,majority,-1,1.0,0.1500244140625,0.14276123046875,3.195450760750773,3.293705843580085,3.0971956779214613,True,6.61198738170347,6.852090032154341,6.3808049535603715,634,311,323,78,28,50,0.10955056179775281,resolved
c1_L128_rep006.npz,0.15,17644,matched,110,4.0,0.1500244140625,0.150390625,3.538845220155391,3.651091974837637,3.426598465473145,True,7.91044776119403,8.06060606060606,7.764705882352941,134,66,68,19,8,11,0.12418300653594772,resolved
c1_L128_rep006.npz,0.15,17644,matched,211,4.0,0.1500244140625,0.150390625,3.562321275196184,3.651091974837637,3.473550575554731,True,7.969924812030075,8.06060606060606,7.880597014925373,133,66,67,19,8,11,0.125,resolved
c1_L128_rep006.npz,0.15,17644,matched,312,4.0,0.1500244140625,0.150390625,3.538845220155391,3.651091974837637,3.426598465473145,True,7.91044776119403,8.06060606060606,7.764705882352941,134,66,68,19,8,11,0.12418300653594772,resolved
c1_L128_rep006.npz,0.15,17644,matched,413,4.0,0.1500244140625,0.150390625,3.538845220155391,3.651091974837637,3.426598465473145,True,7.91044776119403,8.06060606060606,7.764705882352941,134,66,68,19,8,11,0.12418300653594772,resolved
c1_L128_rep006.npz,0.15,17644,matched,514,4.0,0.1500244140625,0.150390625,3.5864496176094685,3.651091974837637,3.5218072603813004,True,8.06060606060606,8.121212121212121,8.0,132,66,66,19,8,11,0.12582781456953643,resolved
c1_L128_rep006.npz,0.15,20000,native,-1,1.0,0.1500244140625,0.1500244140625,3.09549787599049,3.054771781459226,3.1362239705217543,True,5.212616822429907,5.159550561797753,5.2700729927007295,856,445,411,83,35,48,0.08839190628328009,resolved
c1_L128_rep006.npz,0.15,20000,majority,-1,1.0,0.1500244140625,0.14251708984375,3.365674508699317,3.314202487274647,3.417146530123987,True,7.003333333333333,6.948717948717949,7.0625,600,312,288,80,35,45,0.11764705882352941,resolved
c1_L128_rep006.npz,0.15,20000,matched,110,4.0,0.1500244140625,0.150390625,3.4664983546041186,3.3539900188962646,3.5790066903119726,True,7.824817518248175,7.561643835616438,8.125,137,73,64,19,7,12,0.12179487179487179,resolved
c1_L128_rep006.npz,0.15,20000,matched,211,4.0,0.1500244140625,0.150390625,3.4664983546041186,3.3539900188962646,3.5790066903119726,True,7.824817518248175,7.561643835616438,8.125,137,73,64,19,7,12,0.12179487179487179,resolved
c1_L128_rep006.npz,0.15,20000,matched,312,4.0,0.1500244140625,0.150390625,3.4664983546041186,3.3539900188962646,3.5790066903119726,True,7.824817518248175,7.561643835616438,8.125,137,73,64,19,7,12,0.12179487179487179,resolved
c1_L128_rep006.npz,0.15,20000,matched,413,4.0,0.1500244140625,0.150390625,3.4664983546041186,3.3539900188962646,3.5790066903119726,True,7.824817518248175,7.561643835616438,8.125,137,73,64,19,7,12,0.12179487179487179,resolved
c1_L128_rep006.npz,0.15,20000,matched,514,4.0,0.1500244140625,0.150390625,3.4664983546041186,3.3539900188962646,3.5790066903119726,True,7.824817518248175,7.561643835616438,8.125,137,73,64,19,7,12,0.12179487179487179,resolved
c1_L128_rep007.npz,0.15,1119,native,-1,1.0,0.1500244140625,0.1500244140625,1.5220102174043837,1.510988703557118,1.5330317312516493,True,3.1490933512424446,3.097463284379172,3.2013513513513514,1489,749,740,67,39,28,0.043059125964010285,resolved
c1_L128_rep007.npz,0.15,1119,majority,-1,1.0,0.1500244140625,0.13421630859375,1.7261139573437663,1.7121408845472805,1.7400870301402518,True,3.835174953959484,3.7937384898710866,3.876611418047882,1086,543,543,63,37,26,0.05483028720626632,resolved
c1_L128_rep007.npz,0.15,1119,matched,110,4.0,0.1500244140625,0.150390625,2.205397948475864,2.1006160164271046,2.3101798805246236,True,5.14027149321267,4.920353982300885,5.37037037037037,221,113,108,19,13,6,0.07916666666666666,resolved
c1_L128_rep007.npz,0.15,1119,matched,211,4.0,0.1500244140625,0.150390625,2.219254752123652,2.1006160164271046,2.3378934878201996,True,5.155963302752293,4.920353982300885,5.40952380952381,218,113,105,21,13,8,0.08786610878661087,resolved
c1_L128_rep007.npz,0.15,1119,matched,312,4.0,0.1500244140625,0.150390625,2.1965233323699067,2.1006160164271046,2.2924306483127093,True,5.122171945701357,4.920353982300885,5.333333333333333,221,113,108,20,13,7,0.08298755186721991,resolved
c1_L128_rep007.npz,0.15,1119,matched,413,4.0,0.1500244140625,0.150390625,2.2155782656369407,2.1387258829611717,2.2924306483127093,True,5.155963302752293,4.9818181818181815,5.333333333333333,218,110,108,21,14,7,0.08786610878661087,resolved
c1_L128_rep007.npz,0.15,1119,matched,514,4.0,0.1500244140625,0.150390625,2.2232987050329625,2.154166761753216,2.2924306483127093,True,5.192660550458716,5.054545454545455,5.333333333333333,218,110,108,20,13,7,0.08403361344537816,resolved
c1_L128_rep007.npz,0.15,1268,native,-1,1.0,0.1500244140625,0.1500244140625,1.5417674265624155,1.496318221634199,1.587216631490632,True,3.1950886766712143,3.1244925575101488,3.266850068775791,1466,739,727,69,45,24,0.04495114006514658,resolved
c1_L128_rep007.npz,0.15,1268,majority,-1,1.0,0.1500244140625,0.13604736328125,1.7376444042665042,1.675210549559714,1.8000782589732944,True,3.8845096241979835,3.7058823529411766,4.073584905660377,1091,561,530,63,41,22,0.05459272097053726,resolved
c1_L128_rep007.npz,0.15,1268,matched,110,4.0,0.1500244140625,0.150390625,2.2146937371740183,2.112857901558885,2.316529572789152,True,5.2,5.017543859649122,5.39622641509434,220,114,106,19,11,8,0.0794979079497908,resolved
c1_L128_rep007.npz,0.15,1268,matched,211,4.0,0.1500244140625,0.150390625,2.2088595127982886,2.09800149922917,2.3197175263674077,True,5.168949771689498,4.947368421052632,5.40952380952381,219,114,105,21,12,9,0.0875,resolved
c1_L128_rep007.npz,0.15,1268,matched,312,4.0,0.1500244140625,0.150390625,2.2176135637745458,2.115509601181684,2.3197175263674077,True,5.192660550458716,4.991150442477876,5.40952380952381,218,113,105,21,12,9,0.08786610878661087,resolved
c1_L128_rep007.npz,0.15,1268,matched,413,4.0,0.1500244140625,0.150390625,2.205669459466197,2.1333123771133424,2.2780265418190515,True,5.168949771689498,5.035714285714286,5.308411214953271,219,112,107,21,12,9,0.0875,resolved
c1_L128_rep007.npz,0.15,1268,matched,514,4.0,0.1500244140625,0.150390625,2.2265149517403753,2.1333123771133424,2.3197175263674077,True,5.216589861751152,5.035714285714286,5.40952380952381,217,112,105,21,12,9,0.08823529411764706,resolved
c1_L128_rep007.npz,0.15,1438,native,-1,1.0,0.1500244140625,0.1500244140625,1.6154104187385552,1.5936451299592163,1.637175707517894,True,3.313655761024182,3.258522727272727,3.368945868945869,1406,704,702,69,40,29,0.04677966101694915,resolved
c1_L128_rep007.npz,0.15,1438,majority,-1,1.0,0.1500244140625,0.137451171875,1.8024029296479485,1.772172341772193,1.8326335175237038,True,4.022705771050142,3.949056603773585,4.096774193548387,1057,530,527,65,40,25,0.057932263814616754,resolved
c1_L128_rep007.npz,0.15,1438,matched,110,4.0,0.1500244140625,0.150390625,2.2130842307936165,2.130615888128533,2.2955525734586995,True,5.1454545454545455,4.991150442477876,5.308411214953271,220,113,107,19,11,8,0.0794979079497908,resolved
c1_L128_rep007.npz,0.15,1438,matched,211,4.0,0.1500244140625,0.150390625,2.2250501714264677,2.1514173295236754,2.29868301332926,True,5.161290322580645,5.009009009009009,5.320754716981132,217,111,106,21,12,9,0.08823529411764706,resolved
c1_L128_rep007.npz,0.15,1438,matched,312,4.0,0.1500244140625,0.150390625,2.1940291773354375,2.1698322177804434,2.218226136890431,True,5.090909090909091,5.054545454545455,5.127272727272727,220,110,110,21,12,9,0.08713692946058091,resolved
c1_L128_rep007.npz,0.15,1438,matched,413,4.0,0.1500244140625,0.150390625,2.2239293797997473,2.1698322177804434,2.2780265418190515,True,5.161290322580645,5.054545454545455,5.271028037383178,217,110,107,21,12,9,0.08823529411764706,resolved
c1_L128_rep007.npz,0.15,1438,matched,514,4.0,0.1500244140625,0.150390625,2.194612503331151,2.1514173295236754,2.237807677138627,True,5.090909090909091,5.009009009009009,5.174311926605505,220,111,109,21,12,9,0.08713692946058091,resolved
c1_L128_rep007.npz,0.15,1630,native,-1,1.0,0.1500244140625,0.1500244140625,1.6256090159295187,1.5760690761780207,1.6751489556810166,True,3.3373925501432664,3.2450704225352114,3.432944606413994,1396,710,686,80,46,34,0.05420054200542006,resolved
c1_L128_rep007.npz,0.15,1630,majority,-1,1.0,0.1500244140625,0.13604736328125,1.8225457437834758,1.782527958705069,1.8625635288618825,True,4.07536231884058,3.998076923076923,4.153398058252427,1035,520,515,69,42,27,0.0625,resolved
c1_L128_rep007.npz,0.15,1630,matched,110,4.0,0.1500244140625,0.150390625,2.266397590371703,2.1698322177804434,2.362962962962963,True,5.276995305164319,5.090909090909091,5.475728155339806,213,110,103,21,12,9,0.08974358974358974,resolved
c1_L128_rep007.npz,0.15,1630,matched,211,4.0,0.1500244140625,0.150390625,2.2788452103945738,2.19141033081834,2.3662800899708074,True,5.295238095238095,5.111111111111111,5.490196078431373,210,108,102,23,13,10,0.09871244635193133,resolved
c1_L128_rep007.npz,0.15,1630,matched,312,4.0,0.1500244140625,0.150390625,2.255486386284077,2.1698322177804434,2.34114055478771,True,5.233644859813084,5.054545454545455,5.423076923076923,214,110,104,21,12,9,0.08936170212765958,resolved
c1_L128_rep007.npz,0.15,1630,matched,413,4.0,0.1500244140625,0.150390625,2.2883996734094527,2.2105192568480976,2.3662800899708074,True,5.320574162679426,5.158878504672897,5.490196078431373,209,107,102,23,13,10,0.09913793103448276,resolved
c1_L128_rep007.npz,0.15,1630,matched,514,4.0,0.1500244140625,0.150390625,2.2616102423427833,2.1885650692077623,2.3346554154778048,True,5.283720930232558,5.137614678899083,5.433962264150943,215,109,106,19,12,7,0.0811965811965812,resolved
c1_L128_rep007.npz,0.15,1848,native,-1,1.0,0.1500244140625,0.1500244140625,1.6236047695437863,1.6266486749827505,1.6205608641048221,True,3.3338098641887064,3.3136690647482014,3.3536931818181817,1399,695,704,80,47,33,0.054090601757944556,resolved
c1_L128_rep007.npz,0.15,1848,majority,-1,1.0,0.1500244140625,0.137939453125,1.8359762199772969,1.8423768388811088,1.8295756010734852,True,4.098943323727186,4.113948919449902,4.084586466165414,1041,509,532,74,45,29,0.06636771300448431,resolved
c1_L128_rep007.npz,0.15,1848,matched,110,4.0,0.1500244140625,0.150390625,2.3156130921734386,2.2527613191848497,2.3784648651620275,True,5.384615384615385,5.3076923076923075,5.461538461538462,208,104,104,21,14,7,0.09170305676855896,resolved
c1_L128_rep007.npz,0.15,1848,matched,211,4.0,0.1500244140625,0.150390625,2.312475341287202,2.2935243821358915,2.3314263004385127,True,5.3971291866028706,5.411764705882353,5.383177570093458,209,102,107,20,14,6,0.08733624454148471,resolved
c1_L128_rep007.npz,0.15,1848,matched,312,4.0,0.1500244140625,0.150390625,2.303807760275432,2.2729601050730586,2.3346554154778048,True,5.339712918660287,5.320388349514563,5.3584905660377355,209,103,106,21,14,7,0.09130434782608696,resolved
c1_L128_rep007.npz,0.15,1848,matched,413,4.0,0.1500244140625,0.150390625,2.2724229985741933,2.2729601050730586,2.271885892075328,True,5.283018867924528,5.359223300970874,5.2110091743119265,212,103,109,21,14,7,0.09012875536480687,resolved
c1_L128_rep007.npz,0.15,1848,matched,514,4.0,0.1500244140625,0.150390625,2.303437375818274,2.2935243821358915,2.313350369500656,True,5.358851674641149,5.411764705882353,5.308411214953271,209,102,107,21,14,7,0.09130434782608696,resolved
c1_L128_rep007.npz,0.15,2094,native,-1,1.0,0.1500244140625,0.1500244140625,1.694227292192212,1.671750209680674,1.7167043747037498,True,3.441808747220163,3.4024024024024024,3.480234260614934,1349,666,683,91,62,29,0.06319444444444444,resolved
c1_L128_rep007.npz,0.15,2094,majority,-1,1.0,0.1500244140625,0.138427734375,1.887663529033778,1.8695958625187035,1.9057311955488525,True,4.256231306081755,4.232179226069246,4.279296875,1003,491,512,84,60,24,0.07727690892364306,resolved
c1_L128_rep007.npz,0.15,2094,matched,110,4.0,0.1500244140625,0.150390625,2.3464085795477407,2.3762875863063293,2.316529572789152,True,5.5024390243902435,5.616161616161616,5.39622641509434,205,99,106,21,13,8,0.09292035398230089,resolved
c1_L128_rep007.npz,0.15,2094,matched,211,4.0,0.1500244140625,0.150390625,2.335374547717943,2.354219522646733,2.316529572789152,True,5.475728155339806,5.56,5.39622641509434,206,100,106,21,13,8,0.09251101321585903,resolved
c1_L128_rep007.npz,0.15,2094,matched,312,4.0,0.1500244140625,0.150390625,2.339162634441962,2.379642255554664,2.29868301332926,True,5.470588235294118,5.63265306122449,5.320754716981132,204,98,106,23,14,9,0.1013215859030837,resolved
c1_L128_rep007.npz,0.15,2094,matched,413,4.0,0.1500244140625,0.150390625,2.338465188278663,2.3357898217696165,2.34114055478771,True,5.470588235294118,5.52,5.423076923076923,204,100,104,23,14,9,0.1013215859030837,resolved
c1_L128_rep007.npz,0.15,2094,matched,514,4.0,0.1500244140625,0.150390625,2.3602375464254806,2.3575121298879984,2.362962962962963,True,5.524752475247524,5.575757575757576,5.475728155339806,202,99,103,23,14,9,0.10222222222222223,resolved
c1_L128_rep007.npz,0.15,2374,native,-1,1.0,0.1500244140625,0.1500244140625,1.7495895290943788,1.6866356463063932,1.8125434118823645,True,3.56793893129771,3.4606060606060605,3.6769230769230767,1310,660,650,73,48,25,0.05278380332610268,resolved
c1_L128_rep007.npz,0.15,2374,majority,-1,1.0,0.1500244140625,0.13848876953125,1.9291112411475826,1.84113465138291,2.017087830912255,True,4.321931589537224,4.113948919449902,4.54020618556701,994,509,485,70,48,22,0.06578947368421052,resolved
c1_L128_rep007.npz,0.15,2374,matched,110,4.0,0.1500244140625,0.150390625,2.3236367945578884,2.2163322283813987,2.430941360734378,True,5.424390243902439,5.219047619047619,5.64,205,105,100,24,15,9,0.10480349344978165,resolved
c1_L128_rep007.npz,0.15,2374,matched,211,4.0,0.1500244140625,0.150390625,2.299339910845128,2.1942630000697365,2.40441682162052,True,5.358851674641149,5.158878504672897,5.568627450980392,209,107,102,22,14,8,0.09523809523809523,resolved
c1_L128_rep007.npz,0.15,2374,matched,312,4.0,0.1500244140625,0.150390625,2.317770487832899,2.181062568135559,2.4544784075302393,True,5.404878048780488,5.132075471698113,5.696969696969697,205,106,99,25,16,9,0.10869565217391304,resolved
c1_L128_rep007.npz,0.15,2374,matched,413,4.0,0.1500244140625,0.150390625,2.320384903183067,2.2329183664253134,2.4078514399408206,True,5.41747572815534,5.257142857142857,5.584158415841584,206,105,101,23,14,9,0.10043668122270742,resolved
c1_L128_rep007.npz,0.15,2374,matched,514,4.0,0.1500244140625,0.150390625,2.346664152825568,2.2388498981208964,2.4544784075302393,True,5.485148514851486,5.281553398058253,5.696969696969697,202,103,99,25,16,9,0.11013215859030837,resolved
c1_L128_rep007.npz,0.15,2691,native,-1,1.0,0.1500244140625,0.1500244140625,1.7940573317178925,1.7177889491294693,1.8703257143063157,True,3.593774319066148,3.482442748091603,3.7095238095238097,1285,655,630,96,53,43,0.06951484431571325,resolved
c1_L128_rep007.npz,0.15,2691,majority,-1,1.0,0.1500244140625,0.137939453125,2.0148901126106944,1.8949981624298506,2.1347820627915386,True,4.513948497854077,4.261316872427984,4.789237668161435,932,486,446,95,55,40,0.09250243427458617,resolved
c1_L128_rep007.npz,0.15,2691,matched,110,4.0,0.1500244140625,0.150390625,2.404656297042087,2.2299643710819463,2.579348223002228,True,5.58,5.169811320754717,6.042553191489362,200,106,94,22,13,9,0.0990990990990991,resolved
c1_L128_rep007.npz,0.15,2691,matched,211,4.0,0.1500244140625,0.150390625,2.404656297042087,2.2299643710819463,2.579348223002228,True,5.58,5.169811320754717,6.042553191489362,200,106,94,22,13,9,0.0990990990990991,resolved
c1_L128_rep007.npz,0.15,2691,matched,312,4.0,0.1500244140625,0.150390625,2.417913434207732,2.2299643710819463,2.6058624973335176,True,5.608040201005025,5.169811320754717,6.10752688172043,199,106,93,22,13,9,0.09954751131221719,resolved
c1_L128_rep007.npz,0.15,2691,matched,413,4.0,0.1500244140625,0.150390625,2.394933739925163,2.2105192568480976,2.579348223002228,True,5.552238805970149,5.121495327102804,6.042553191489362,201,107,94,22,13,9,0.09865470852017937,resolved
c1_L128_rep007.npz,0.15,2691,matched,514,4.0,0.1500244140625,0.150390625,2.4081908770908074,2.2105192568480976,2.6058624973335176,True,5.58,5.121495327102804,6.10752688172043,200,107,93,22,13,9,0.0990990990990991,resolved
c1_L128_rep007.npz,0.15,3051,native,-1,1.0,0.1500244140625,0.1500244140625,1.8085021600345499,1.736991158050682,1.8800131620184177,True,3.625984251968504,3.5186915887850465,3.7356687898089174,1270,642,628,104,57,47,0.07569141193595343,resolved
c1_L128_rep007.npz,0.15,3051,majority,-1,1.0,0.1500244140625,0.13885498046875,2.0230360255514976,1.9251496654260793,2.120922385676916,True,4.56390977443609,4.355648535564853,4.783664459161148,931,478,453,97,54,43,0.0943579766536965,resolved
c1_L128_rep007.npz,0.15,3051,matched,110,4.0,0.1500244140625,0.150390625,2.444663472565807,2.386380089769784,2.5029468553618304,True,5.761658031088083,5.583333333333333,5.938144329896907,193,96,97,25,16,9,0.11467889908256881,resolved
c1_L128_rep007.npz,0.15,3051,matched,211,4.0,0.1500244140625,0.150390625,2.4351961501137858,2.367445444865741,2.5029468553618304,True,5.740932642487047,5.541666666666667,5.938144329896907,193,96,97,26,17,9,0.1187214611872146,resolved
c1_L128_rep007.npz,0.15,3051,matched,312,4.0,0.1500244140625,0.150390625,2.4437669031486418,2.409058111396998,2.4784756949002853,True,5.761658031088083,5.6421052631578945,5.877551020408164,193,95,98,25,16,9,0.11467889908256881,resolved
c1_L128_rep007.npz,0.15,3051,matched,413,4.0,0.1500244140625,0.150390625,2.446015558642234,2.364125052082266,2.527906065202202,True,5.761658031088083,5.525773195876289,6.0,193,97,96,25,16,9,0.11467889908256881,resolved
c1_L128_rep007.npz,0.15,3051,matched,514,4.0,0.1500244140625,0.150390625,2.446355095448472,2.389763335535113,2.5029468553618304,True,5.770833333333333,5.6,5.938144329896907,192,95,97,26,17,9,0.11926605504587157,resolved
c1_L128_rep007.npz,0.15,3458,native,-1,1.0,0.1500244140625,0.1500244140625,1.8513000511347835,1.778060060376344,1.924540041893223,True,3.698950766747377,3.553090332805071,3.8503289473684212,1239,631,608,98,60,38,0.07329842931937172,resolved
c1_L128_rep007.npz,0.15,3458,majority,-1,1.0,0.1500244140625,0.13897705078125,2.0762186085856857,1.968887143027139,2.183550074144233,True,4.648678414096916,4.413276231263383,4.8979591836734695,908,467,441,92,58,34,0.092,resolved
c1_L128_rep007.npz,0.15,3458,matched,110,4.0,0.1500244140625,0.150390625,2.503907188088677,2.4761115549249424,2.531702821252411,True,5.872340425531915,5.806451612903226,5.936842105263158,188,93,95,25,15,10,0.11737089201877934,resolved
c1_L128_rep007.npz,0.15,3458,matched,211,4.0,0.1500244140625,0.150390625,2.4932568451168473,2.4761115549249424,2.510402135308752,True,5.872340425531915,5.806451612903226,5.936842105263158,188,93,95,26,15,11,0.12149532710280374,resolved
c1_L128_rep007.npz,0.15,3458,matched,312,4.0,0.1500244140625,0.150390625,2.479414378520447,2.452159805025966,2.506668952014929,True,5.831578947368421,5.74468085106383,5.916666666666667,190,94,96,25,15,10,0.11627906976744186,resolved
c1_L128_rep007.npz,0.15,3458,matched,413,4.0,0.1500244140625,0.150390625,2.4831499338856773,2.409058111396998,2.5572417563743564,True,5.841269841269841,5.6421052631578945,6.042553191489362,189,95,94,26,16,10,0.12093023255813953,resolved
c1_L128_rep007.npz,0.15,3458,matched,514,4.0,0.1500244140625,0.150390625,2.5058112771804346,2.4761115549249424,2.5355109994359264,True,5.882352941176471,5.806451612903226,5.957446808510638,187,93,94,26,15,11,0.12206572769953052,resolved
c1_L128_rep007.npz,0.15,3920,native,-1,1.0,0.1500244140625,0.1500244140625,1.8189472918117708,1.777230141997565,1.860664441625977,True,3.583720930232558,3.50625,3.66,1290,640,650,86,61,25,0.0625,resolved
c1_L128_rep007.npz,0.15,3920,majority,-1,1.0,0.1500244140625,0.1368408203125,2.0739968516053735,2.034626482469427,2.11336722074132,True,4.606160616061606,4.538288288288288,4.670967741935484,909,444,465,81,59,22,0.08181818181818182,resolved
c1_L128_rep007.npz,0.15,3920,matched,110,4.0,0.1500244140625,0.150390625,2.504550174405365,2.455732276946727,2.553368071864003,True,5.808510638297872,5.67741935483871,5.936842105263158,188,93,95,25,16,9,0.11737089201877934,resolved
c1_L128_rep007.npz,0.15,3920,matched,211,4.0,0.1500244140625,0.150390625,2.4918191710744644,2.455732276946727,2.527906065202202,True,5.798941798941799,5.67741935483871,5.916666666666667,189,93,96,25,16,9,0.11682242990654206,resolved
c1_L128_rep007.npz,0.15,3920,matched,312,4.0,0.1500244140625,0.150390625,2.4918191710744644,2.455732276946727,2.527906065202202,True,5.798941798941799,5.67741935483871,5.916666666666667,189,93,96,25,16,9,0.11682242990654206,resolved
c1_L128_rep007.npz,0.15,3920,matched,413,4.0,0.1500244140625,0.150390625,2.490032935114084,2.452159805025966,2.527906065202202,True,5.768421052631579,5.659574468085107,5.875,190,94,96,24,15,9,0.11214953271028037,resolved
c1_L128_rep007.npz,0.15,3920,matched,514,4.0,0.1500244140625,0.150390625,2.5020088100635722,2.4761115549249424,2.527906065202202,True,5.8201058201058204,5.720430107526882,5.916666666666667,189,93,96,24,15,9,0.11267605633802817,resolved
c1_L128_rep007.npz,0.15,4443,native,-1,1.0,0.1500244140625,0.1500244140625,1.964741032251416,1.8720666753380688,2.0574153891647633,True,3.8596638655462185,3.729684908789386,3.9931856899488927,1190,603,587,84,56,28,0.06593406593406594,resolved
c1_L128_rep007.npz,0.15,4443,majority,-1,1.0,0.1500244140625,0.13934326171875,2.1987934462565155,2.0939446060347406,2.303642286478291,True,4.866666666666666,4.696145124716553,5.041958041958042,870,441,429,82,55,27,0.0861344537815126,resolved
c1_L128_rep007.npz,0.15,4443,matched,110,4.0,0.1500244140625,0.150390625,2.506956631420993,2.320837459013279,2.693075803828707,True,5.829787234042553,5.454545454545454,6.247191011235955,188,99,89,26,16,10,0.12149532710280374,resolved
c1_L128_rep007.npz,0.15,4443,matched,211,4.0,0.1500244140625,0.150390625,2.4981622095448444,2.409058111396998,2.587266307692691,True,5.86096256684492,5.684210526315789,6.043478260869565,187,95,92,27,16,11,0.1261682242990654,resolved
c1_L128_rep007.npz,0.15,4443,matched,312,4.0,0.1500244140625,0.150390625,2.5602878792221118,2.389763335535113,2.730812422909111,True,5.966850828729282,5.557894736842106,6.4186046511627906,181,95,86,29,17,12,0.1380952380952381,resolved
c1_L128_rep007.npz,0.15,4443,matched,413,4.0,0.1500244140625,0.150390625,2.5203321064838455,2.367445444865741,2.67321876810195,True,5.8478260869565215,5.541666666666667,6.181818181818182,184,96,88,29,17,12,0.13615023474178403,resolved
c1_L128_rep007.npz,0.15,4443,matched,514,4.0,0.1500244140625,0.150390625,2.5165555486274416,2.364125052082266,2.6689860451726166,True,5.870967741935484,5.56701030927835,6.202247191011236,186,97,89,27,16,11,0.1267605633802817,resolved
c1_L128_rep007.npz,0.15,5037,native,-1,1.0,0.1500244140625,0.1500244140625,2.0783491901960884,1.988645685036067,2.1680526953561094,True,4.017777777777778,3.9289520426287745,4.106761565836299,1125,563,562,96,60,36,0.07862407862407862,resolved
c1_L128_rep007.npz,0.15,5037,majority,-1,1.0,0.1500244140625,0.1400146484375,2.3153994710384005,2.210843035640654,2.4199559064361473,True,5.081113801452784,4.90167865707434,5.264058679706602,826,417,409,89,57,32,0.09726775956284153,resolved
c1_L128_rep007.npz,0.15,5037,matched,110,4.0,0.1500244140625,0.150390625,2.6058843626149097,2.455732276946727,2.7560364482830924,True,6.078212290502793,5.720430107526882,6.465116279069767,179,93,86,27,16,11,0.13106796116504854,resolved
c1_L128_rep007.npz,0.15,5037,matched,211,4.0,0.1500244140625,0.150390625,2.6133107194245655,2.529236098086165,2.697385340762966,True,6.112359550561798,5.911111111111111,6.318181818181818,178,90,88,27,16,11,0.13170731707317074,resolved
c1_L128_rep007.npz,0.15,5037,matched,312,4.0,0.1500244140625,0.150390625,2.6012274330940572,2.529236098086165,2.67321876810195,True,6.067415730337078,5.911111111111111,6.2272727272727275,178,90,88,28,16,12,0.13592233009708737,resolved
c1_L128_rep007.npz,0.15,5037,matched,413,4.0,0.1500244140625,0.150390625,2.5932723499279193,2.455732276946727,2.730812422909111,True,6.033519553072626,5.720430107526882,6.372093023255814,179,93,86,28,16,12,0.13526570048309178,resolved
c1_L128_rep007.npz,0.15,5037,matched,514,4.0,0.1500244140625,0.150390625,2.6282168661674965,2.554725040042712,2.701708692292281,True,6.136363636363637,5.977528089887641,6.2988505747126435,176,89,87,28,16,12,0.13725490196078433,resolved
c1_L128_rep007.npz,0.15,5709,native,-1,1.0,0.1500244140625,0.1500244140625,2.086972353827247,2.0489940598198424,2.124950647834652,True,4.09245960502693,4.039568345323741,4.145161290322581,1114,556,558,95,53,42,0.07857733664185278,resolved
c1_L128_rep007.npz,0.15,5709,majority,-1,1.0,0.1500244140625,0.14080810546875,2.308796593598635,2.2553326877414013,2.3622604994558687,True,5.077751196172249,4.978571428571429,5.177884615384615,836,420,416,95,54,41,0.10204081632653061,resolved
c1_L128_rep007.npz,0.15,5709,matched,110,4.0,0.1500244140625,0.150390625,2.6807027610345733,2.6261618422550175,2.7352436798141286,True,6.289017341040463,6.136363636363637,6.447058823529412,173,88,85,27,14,13,0.135,resolved
c1_L128_rep007.npz,0.15,5709,matched,211,4.0,0.1500244140625,0.150390625,2.6736098948446507,2.54700458455674,2.8002152051325613,True,6.242774566473988,5.934065934065934,6.585365853658536,173,91,82,28,14,14,0.13930348258706468,resolved
c1_L128_rep007.npz,0.15,5709,matched,312,4.0,0.1500244140625,0.150390625,2.6426164405334833,2.59923500742213,2.6859978736448364,True,6.160919540229885,6.022471910112359,6.305882352941176,174,89,85,29,14,15,0.14285714285714285,resolved
c1_L128_rep007.npz,0.15,5709,matched,413,4.0,0.1500244140625,0.150390625,2.669462174305602,2.59923500742213,2.7396893411890737,True,6.265895953757226,6.112359550561798,6.428571428571429,173,89,84,28,14,14,0.13930348258706468,resolved
c1_L128_rep007.npz,0.15,5709,matched,514,4.0,0.1500244140625,0.150390625,2.7108664767578516,2.6261618422550175,2.795571111260686,True,6.362573099415204,6.181818181818182,6.554216867469879,171,88,83,27,14,13,0.13636363636363635,resolved
c1_L128_rep007.npz,0.15,6472,native,-1,1.0,0.1500244140625,0.1500244140625,2.1830790230767874,2.194797364372411,2.171360681781164,True,4.152777777777778,4.077490774907749,4.228624535315985,1080,542,538,117,61,56,0.09774436090225563,resolved
c1_L128_rep007.npz,0.15,6472,majority,-1,1.0,0.1500244140625,0.1397705078125,2.444398316491146,2.443438520232149,2.445358112750143,True,5.359536082474227,5.356020942408377,5.362944162436548,776,382,394,107,56,51,0.12117780294450736,resolved
c1_L128_rep007.npz,0.15,6472,matched,110,4.0,0.1500244140625,0.150390625,2.8638411918386337,2.896190181328291,2.831492202348976,True,6.725,6.784810126582278,6.666666666666667,160,79,81,28,14,14,0.14893617021276595,resolved
c1_L128_rep007.npz,0.15,6472,matched,211,4.0,0.1500244140625,0.150390625,2.8974839951295817,2.9587114790066815,2.8362565112524822,True,6.8354430379746836,6.923076923076923,6.75,158,78,80,28,13,15,0.15053763440860216,resolved
c1_L128_rep007.npz,0.15,6472,matched,312,4.0,0.1500244140625,0.150390625,2.8998741795864094,2.9587114790066815,2.841036880166137,True,6.853503184713376,6.923076923076923,6.784810126582278,157,78,79,29,13,16,0.15591397849462366,resolved
c1_L128_rep007.npz,0.15,6472,matched,413,4.0,0.1500244140625,0.150390625,2.8805764602067234,2.9296607180644707,2.831492202348976,True,6.7421383647798745,6.82051282051282,6.666666666666667,159,78,81,28,14,14,0.1497326203208556,resolved
c1_L128_rep007.npz,0.15,6472,matched,514,4.0,0.1500244140625,0.150390625,2.8820645630234507,2.96391392091434,2.8002152051325613,True,6.7924528301886795,6.961038961038961,6.634146341463414,159,77,82,28,14,14,0.1497326203208556,resolved
c1_L128_rep007.npz,0.15,7336,native,-1,1.0,0.1500244140625,0.1500244140625,2.4148637481380906,2.4217333156949237,2.4079941805812575,True,4.587136929460581,4.549060542797495,4.624742268041237,964,479,485,135,72,63,0.12283894449499545,resolved
c1_L128_rep007.npz,0.15,7336,majority,-1,1.0,0.1500244140625,0.1427001953125,2.6316271188928724,2.644568848400735,2.61868538938501,True,5.929178470254958,5.922190201729107,5.935933147632312,706,347,359,133,72,61,0.15852205005959474,resolved
c1_L128_rep007.npz,0.15,7336,matched,110,4.0,0.1500244140625,0.150390625,2.837677368882452,2.7741798449860933,2.9011748927788106,True,6.675,6.536585365853658,6.82051282051282,160,82,78,30,15,15,0.15789473684210525,resolved
c1_L128_rep007.npz,0.15,7336,matched,211,4.0,0.1500244140625,0.150390625,2.835398265130153,2.769621637481495,2.9011748927788106,True,6.633540372670807,6.506024096385542,6.769230769230769,161,83,78,29,14,15,0.15263157894736842,resolved
c1_L128_rep007.npz,0.15,7336,matched,312,4.0,0.1500244140625,0.150390625,2.9026956008493237,2.8362565112524822,2.9691346904461655,True,6.82051282051282,6.7,6.947368421052632,156,80,76,30,15,15,0.16129032258064516,resolved
c1_L128_rep007.npz,0.15,7336,matched,413,4.0,0.1500244140625,0.150390625,2.871657267716129,2.7741798449860933,2.9691346904461655,True,6.734177215189874,6.536585365853658,6.947368421052632,158,82,76,30,15,15,0.1595744680851064,resolved
c1_L128_rep007.npz,0.15,7336,matched,514,4.0,0.1500244140625,0.150390625,2.839455444100923,2.7441494773841457,2.934761410817701,True,6.675,6.457831325301205,6.909090909090909,160,83,77,30,15,15,0.15789473684210525,resolved
c1_L128_rep007.npz,0.15,8316,native,-1,1.0,0.1500244140625,0.1500244140625,2.4066392620963324,2.51133927250069,2.301939251691975,True,4.471,4.552361396303901,4.393762183235867,1000,487,513,119,59,60,0.1063449508489723,resolved
c1_L128_rep007.npz,0.15,8316,majority,-1,1.0,0.1500244140625,0.14178466796875,2.6749367880694166,2.7778407313521134,2.57203284478672,True,5.971469329529244,6.2192192192192195,5.747282608695652,701,333,368,120,60,60,0.146163215590743,resolved
c1_L128_rep007.npz,0.15,8316,matched,110,4.0,0.1500244140625,0.150390625,3.008125194380129,3.1150754959814475,2.9011748927788106,True,7.173333333333333,7.5,6.871794871794871,150,72,78,30,15,15,0.16666666666666666,resolved
c1_L128_rep007.npz,0.15,8316,matched,211,4.0,0.1500244140625,0.150390625,3.008125194380129,3.1150754959814475,2.9011748927788106,True,7.173333333333333,7.5,6.871794871794871,150,72,78,30,15,15,0.16666666666666666,resolved
c1_L128_rep007.npz,0.15,8316,matched,312,4.0,0.1500244140625,0.150390625,3.008125194380129,3.1150754959814475,2.9011748927788106,True,7.173333333333333,7.5,6.871794871794871,150,72,78,30,15,15,0.16666666666666666,resolved
c1_L128_rep007.npz,0.15,8316,matched,413,4.0,0.1500244140625,0.150390625,3.008125194380129,3.1150754959814475,2.9011748927788106,True,7.173333333333333,7.5,6.871794871794871,150,72,78,30,15,15,0.16666666666666666,resolved
c1_L128_rep007.npz,0.15,8316,matched,514,4.0,0.1500244140625,0.150390625,3.008125194380129,3.1150754959814475,2.9011748927788106,True,7.173333333333333,7.5,6.871794871794871,150,72,78,30,15,15,0.16666666666666666,resolved
c1_L128_rep007.npz,0.15,9427,native,-1,1.0,0.1500244140625,0.1500244140625,2.528095310412657,2.6267987716374916,2.4293918491878226,True,4.574036511156186,4.689727463312369,4.465618860510806,986,477,509,109,60,49,0.09954337899543379,resolved
c1_L128_rep007.npz,0.15,9427,majority,-1,1.0,0.1500244140625,0.13995361328125,2.7631979890238405,2.84921155509046,2.6771844229572204,True,6.071220930232558,6.253012048192771,5.901685393258427,688,332,356,108,58,50,0.135678391959799,resolved
c1_L128_rep007.npz,0.15,9427,matched,110,4.0,0.1500244140625,0.150390625,3.075134663448171,3.120842888615714,3.0294264382806277,True,7.292517006802721,7.492957746478873,7.105263157894737,147,71,76,29,16,13,0.16477272727272727,resolved
c1_L128_rep007.npz,0.15,9427,matched,211,4.0,0.1500244140625,0.150390625,3.09345486750596,3.120842888615714,3.066066846396206,True,7.315068493150685,7.436619718309859,7.2,146,71,75,29,16,13,0.1657142857142857,resolved
c1_L128_rep007.npz,0.15,9427,matched,312,4.0,0.1500244140625,0.150390625,3.111493960796908,3.193561483313188,3.0294264382806277,True,7.36986301369863,7.6,7.157894736842105,146,70,76,28,15,13,0.16091954022988506,resolved
c1_L128_rep007.npz,0.15,9427,matched,413,4.0,0.1500244140625,0.150390625,3.091866937348003,3.159742192278549,3.0239916824174577,True,7.319727891156463,7.542857142857143,7.116883116883117,147,70,77,28,16,12,0.16,resolved
c1_L128_rep007.npz,0.15,9427,matched,514,4.0,0.1500244140625,0.150390625,3.107165108734968,3.1538302661033373,3.0604999513665985,True,7.319727891156463,7.492957746478873,7.157894736842105,147,71,76,27,15,12,0.15517241379310345,resolved
c1_L128_rep007.npz,0.15,10686,native,-1,1.0,0.1500244140625,0.1500244140625,2.5704508476225802,2.4822792949351484,2.658622400310012,True,4.818872017353579,4.772428884026258,4.864516129032258,922,457,465,126,76,50,0.12022900763358779,resolved
c1_L128_rep007.npz,0.15,10686,majority,-1,1.0,0.1500244140625,0.1429443359375,2.800699797138053,2.7178318373584482,2.8835677569176585,True,6.279521674140509,6.14540059347181,6.4156626506024095,669,337,332,121,70,51,0.15316455696202533,resolved
c1_L128_rep007.npz,0.15,10686,matched,110,4.0,0.1500244140625,0.150390625,3.0413405510041205,2.9011748927788106,3.18150620922943,True,7.253333333333333,6.9743589743589745,7.555555555555555,150,78,72,28,15,13,0.15730337078651685,resolved
c1_L128_rep007.npz,0.15,10686,matched,211,4.0,0.1500244140625,0.150390625,3.0413405510041205,2.9011748927788106,3.18150620922943,True,7.253333333333333,6.9743589743589745,7.555555555555555,150,78,72,28,15,13,0.15730337078651685,resolved
c1_L128_rep007.npz,0.15,10686,matched,312,4.0,0.1500244140625,0.150390625,3.0753204498377977,2.9691346904461655,3.18150620922943,True,7.351351351351352,7.157894736842105,7.555555555555555,148,76,72,28,15,13,0.1590909090909091,resolved
c1_L128_rep007.npz,0.15,10686,matched,413,4.0,0.1500244140625,0.150390625,3.0753204498377977,2.9691346904461655,3.18150620922943,True,7.351351351351352,7.157894736842105,7.555555555555555,148,76,72,28,15,13,0.1590909090909091,resolved
c1_L128_rep007.npz,0.15,10686,matched,514,4.0,0.1500244140625,0.150390625,3.0581338100235653,2.934761410817701,3.18150620922943,True,7.302013422818792,7.064935064935065,7.555555555555555,149,77,72,28,15,13,0.15819209039548024,resolved
c1_L128_rep007.npz,0.15,12113,native,-1,1.0,0.1500244140625,0.1500244140625,2.575549398922009,2.6078603915404592,2.5432384063035585,True,4.639327024185068,4.679569892473118,4.600823045267489,951,465,486,132,76,56,0.12188365650969529,resolved
c1_L128_rep007.npz,0.15,12113,majority,-1,1.0,0.1500244140625,0.14227294921875,2.8570336920971484,2.9228089875178593,2.7912583966764375,True,6.311077389984826,6.507936507936508,6.130813953488372,659,315,344,128,74,54,0.16264294790343076,resolved
c1_L128_rep007.npz,0.15,12113,matched,110,4.0,0.1500244140625,0.150390625,3.1905419656514615,3.193561483313188,3.1875224479897346,True,7.631205673758865,7.714285714285714,7.549295774647887,141,70,71,29,15,14,0.17058823529411765,resolved
c1_L128_rep007.npz,0.15,12113,matched,211,4.0,0.1500244140625,0.150390625,3.2088450850450956,3.2697497488671465,3.1479404212230446,True,7.6879432624113475,7.884057971014493,7.5,141,69,72,28,14,14,0.16568047337278108,resolved
c1_L128_rep007.npz,0.15,12113,matched,312,4.0,0.1500244140625,0.150390625,3.1911234714099876,3.23430652159693,3.1479404212230446,True,7.631205673758865,7.826086956521739,7.444444444444445,141,69,72,29,15,14,0.17058823529411765,resolved
c1_L128_rep007.npz,0.15,12113,matched,413,4.0,0.1500244140625,0.150390625,3.2120225540780543,3.276104686933064,3.1479404212230446,True,7.714285714285714,7.9411764705882355,7.5,140,68,72,29,15,14,0.17159763313609466,resolved
c1_L128_rep007.npz,0.15,12113,matched,514,4.0,0.1500244140625,0.150390625,3.1905419656514615,3.193561483313188,3.1875224479897346,True,7.659574468085107,7.771428571428571,7.549295774647887,141,70,71,29,15,14,0.17058823529411765,resolved
c1_L128_rep007.npz,0.15,13731,native,-1,1.0,0.1500244140625,0.1500244140625,2.6275976176485667,2.6255491852275745,2.6296460500695584,True,4.793066088840737,4.825991189427313,4.7611940298507465,923,454,469,130,67,63,0.12345679012345678,resolved
c1_L128_rep007.npz,0.15,13731,majority,-1,1.0,0.1500244140625,0.1409912109375,2.865294165799071,2.873288949848754,2.857299381749388,True,6.40527950310559,6.429022082018927,6.382262996941896,644,317,327,127,67,60,0.16472114137483787,resolved
c1_L128_rep007.npz,0.15,13731,matched,110,4.0,0.1500244140625,0.150390625,3.104690658717437,3.120842888615714,3.0885384288191604,True,7.464788732394366,7.549295774647887,7.380281690140845,142,71,71,33,16,17,0.18857142857142858,resolved
c1_L128_rep007.npz,0.15,13731,matched,211,4.0,0.1500244140625,0.150390625,3.088996950675866,3.1266316768895837,3.051362224462148,True,7.464788732394366,7.6,7.333333333333333,142,70,72,34,17,17,0.19318181818181818,resolved
c1_L128_rep007.npz,0.15,13731,matched,312,4.0,0.1500244140625,0.150390625,3.0671259667331805,3.0828897090042124,3.051362224462148,True,7.361111111111111,7.444444444444445,7.277777777777778,144,72,72,33,16,17,0.1864406779661017,resolved
c1_L128_rep007.npz,0.15,13731,matched,413,4.0,0.1500244140625,0.150390625,3.107585052854372,3.1266316768895837,3.0885384288191604,True,7.460992907801418,7.542857142857143,7.380281690140845,141,70,71,34,17,17,0.19428571428571428,resolved
c1_L128_rep007.npz,0.15,13731,matched,514,4.0,0.1500244140625,0.150390625,3.088996950675866,3.1266316768895837,3.051362224462148,True,7.436619718309859,7.6,7.277777777777778,142,70,72,34,17,17,0.19318181818181818,resolved
c1_L128_rep007.npz,0.15,15565,native,-1,1.0,0.1500244140625,0.1500244140625,2.6798490435600426,2.727347613315969,2.6323504738041157,True,4.889265536723164,4.949425287356322,4.831111111111111,885,435,450,154,70,84,0.1482194417709336,resolved
c1_L128_rep007.npz,0.15,15565,majority,-1,1.0,0.1500244140625,0.142822265625,2.9332741972028455,2.9697727414119957,2.8967756529936954,True,6.597738287560581,6.590909090909091,6.604501607717042,619,308,311,149,66,83,0.19401041666666666,resolved
c1_L128_rep007.npz,0.15,15565,matched,110,4.0,0.1500244140625,0.150390625,3.2733206318766923,3.363028051549297,3.183613212204088,True,7.909090909090909,8.0,7.818181818181818,132,66,66,35,15,20,0.20958083832335328,resolved
c1_L128_rep007.npz,0.15,15565,matched,211,4.0,0.1500244140625,0.150390625,3.2515785266482373,3.325545345943574,3.1776117073529004,True,7.879699248120301,8.0,7.7611940298507465,133,66,67,35,16,19,0.20833333333333334,resolved
c1_L128_rep007.npz,0.15,15565,matched,312,4.0,0.1500244140625,0.150390625,3.2348364793724125,3.325545345943574,3.1441276128012503,True,7.849624060150376,7.9393939393939394,7.7611940298507465,133,66,67,36,16,20,0.21301775147928995,resolved
c1_L128_rep007.npz,0.15,15565,matched,413,4.0,0.1500244140625,0.150390625,3.2348364793724125,3.325545345943574,3.1441276128012503,True,7.819548872180451,7.9393939393939394,7.701492537313433,133,66,67,36,16,20,0.21301775147928995,resolved
c1_L128_rep007.npz,0.15,15565,matched,514,4.0,0.1500244140625,0.150390625,3.2569393649995604,3.36975111719787,3.1441276128012503,True,7.878787878787879,8.061538461538461,7.701492537313433,132,65,67,36,16,20,0.21428571428571427,resolved
c1_L128_rep007.npz,0.15,17644,native,-1,1.0,0.1500244140625,0.1500244140625,2.867947893767031,2.929442116135367,2.8064536713986947,True,5.283272283272283,5.263922518159807,5.302955665024631,819,413,406,150,66,84,0.15479876160990713,resolved
c1_L128_rep007.npz,0.15,17644,majority,-1,1.0,0.1500244140625,0.14398193359375,3.0746909667780233,3.1210259951714425,3.0283559383846046,True,6.9527824620573355,6.969798657718121,6.935593220338983,593,298,295,146,64,82,0.1975642760487145,resolved
c1_L128_rep007.npz,0.15,17644,matched,110,4.0,0.1500244140625,0.150390625,3.2573875176811926,3.3765011169968884,3.138273918365497,True,7.818181818181818,8.125,7.529411764705882,132,64,68,36,17,19,0.21428571428571427,resolved
c1_L128_rep007.npz,0.15,17644,matched,211,4.0,0.1500244140625,0.150390625,3.277056412174894,3.3765011169968884,3.1776117073529004,True,7.877862595419847,8.125,7.641791044776119,131,64,67,36,17,19,0.2155688622754491,resolved
c1_L128_rep007.npz,0.15,17644,matched,312,4.0,0.1500244140625,0.150390625,3.2548654717332317,3.3321192361135625,3.1776117073529004,True,7.787878787878788,8.0,7.582089552238806,132,65,67,36,17,19,0.21428571428571427,resolved
c1_L128_rep007.npz,0.15,17644,matched,413,4.0,0.1500244140625,0.150390625,3.216008716608553,3.3321192361135625,3.0998981971035433,True,7.701492537313433,8.0,7.420289855072464,134,65,69,36,17,19,0.21176470588235294,resolved
c1_L128_rep007.npz,0.15,17644,matched,514,4.0,0.1500244140625,0.150390625,3.2573875176811926,3.3765011169968884,3.138273918365497,True,7.787878787878788,8.125,7.470588235294118,132,64,68,36,17,19,0.21428571428571427,resolved
c1_L128_rep007.npz,0.15,20000,native,-1,1.0,0.1500244140625,0.1500244140625,2.8369039818232245,2.800139223008945,2.873668740637504,True,4.909090909090909,4.85876993166287,4.959183673469388,880,439,441,145,80,65,0.14146341463414633,resolved
c1_L128_rep007.npz,0.15,20000,majority,-1,1.0,0.1500244140625,0.14190673828125,3.116333647125066,3.093077480801651,3.139589813448481,True,6.941780821917808,6.879725085910653,7.003412969283277,584,291,293,140,77,63,0.19337016574585636,resolved
c1_L128_rep007.npz,0.15,20000,matched,110,4.0,0.1500244140625,0.150390625,3.300825016438319,3.325545345943574,3.276104686933064,True,7.940298507462686,8.06060606060606,7.823529411764706,134,66,68,31,16,15,0.18787878787878787,resolved
c1_L128_rep007.npz,0.15,20000,matched,211,4.0,0.1500244140625,0.150390625,3.282496823104684,3.2888889592763046,3.276104686933064,True,7.91044776119403,8.0,7.823529411764706,134,66,68,32,17,15,0.1927710843373494,resolved
c1_L128_rep007.npz,0.15,20000,matched,312,4.0,0.1500244140625,0.150390625,3.2792945311888086,3.282484375444553,3.276104686933064,True,7.881481481481481,7.940298507462686,7.823529411764706,135,67,68,31,16,15,0.18674698795180722,resolved
c1_L128_rep007.npz,0.15,20000,matched,413,4.0,0.1500244140625,0.150390625,3.3020288193974,3.36975111719787,3.23430652159693,True,7.940298507462686,8.184615384615384,7.7101449275362315,134,65,69,31,16,15,0.18787878787878787,resolved
c1_L128_rep007.npz,0.15,20000,matched,514,4.0,0.1500244140625,0.150390625,3.279925933770252,3.325545345943574,3.23430652159693,True,7.881481481481481,8.06060606060606,7.7101449275362315,135,66,69,31,16,15,0.18674698795180722,resolved
