file,c,L,t,threshold_05,positive_lobe,spectral_moment,inverse_interface_proxy
c0_L128_rep000.npz,0.5,128,1,0.6675518111801253,0.7661868245822103,3.2097724317122056,2.6701434159061277
c0_L128_rep000.npz,0.5,128,2,0.710902947182017,0.8051915737408786,3.3595713628189805,2.842963734166233
c0_L128_rep000.npz,0.5,128,3,0.7365458638314268,0.8351078684833697,3.4456957393988232,2.945173467553478
c0_L128_rep000.npz,0.5,128,4,0.758524344238485,0.860679402070887,3.51525973580644,3.033512312534716
c0_L128_rep000.npz,0.5,128,5,0.7802404115768171,0.8797102960001304,3.5904934100093646,3.120761904761905
c0_L128_rep000.npz,0.5,128,6,0.797083545138222,0.9020679600934616,3.6410863812621206,3.18816890445612
c0_L128_rep000.npz,0.5,128,7,0.8058175950953936,0.9174146909971495,3.6684207290276154,3.222659323367427
c0_L128_rep000.npz,0.5,128,8,0.8205679857473244,0.9338086646262362,3.713100498832294,3.2807368842611133
c0_L128_rep000.npz,0.5,128,10,0.8454198073371879,0.957317983345682,3.7915290637575243,3.380932728023112
c0_L128_rep000.npz,0.5,128,12,0.8630032603222826,0.9811138515695194,3.8453457865003795,3.4514430166420897
c0_L128_rep000.npz,0.5,128,15,0.8871595330739299,1.0015970849346816,3.916867896193855,3.5486246480398527
c0_L128_rep000.npz,0.5,128,18,0.8985381386597192,1.017028520990161,3.957328016227687,3.5937705637201143
c0_L128_rep000.npz,0.5,128,22,0.9247861073328572,1.036538929101452,4.0381758023145515,3.698419864559819
c0_L128_rep000.npz,0.5,128,27,0.946116680013682,1.0600752726011238,4.100112891125611,3.7838337182448036
c0_L128_rep000.npz,0.5,128,33,0.969985823747914,1.0926606347253014,4.17313152448204,3.8797063698792327
c0_L128_rep000.npz,0.5,128,40,1.002550058933454,1.121537325846409,4.257122028054186,3.9970724566967553
c0_L128_rep000.npz,0.5,128,48,1.0206839546645372,1.139211271588569,4.306649910785847,4.059464816650149
c0_L128_rep000.npz,0.5,128,58,1.0460797364956465,1.1685498970420407,4.3592053580111685,4.132156368221942
c0_L128_rep000.npz,0.5,128,71,1.084705768036307,1.192729130845563,4.444792073159718,4.254479356011426
c0_L128_rep000.npz,0.5,128,86,1.1174145398658717,1.2214337249974698,4.518363817675011,4.356288221217762
c0_L128_rep000.npz,0.5,128,105,1.1465871642774759,1.2610489168103527,4.580132446526794,4.438905445678678
c0_L128_rep000.npz,0.5,128,127,1.1750301386377335,1.287828694327112,4.6571472559153415,4.533480907581627
c0_L128_rep000.npz,0.5,128,154,1.2192514818171176,1.330724422473729,4.7557260963928405,4.67846944603084
c0_L128_rep000.npz,0.5,128,187,1.2711376797180254,1.3915434182967212,4.874086448061967,4.833038348082596
c0_L128_rep000.npz,0.5,128,227,1.300198165911247,1.4206084744726533,4.939547311283016,4.930484501956064
c0_L128_rep000.npz,0.5,128,276,1.3687758399767715,1.4775343697462033,5.097894509265407,5.168454258675079
c0_L128_rep000.npz,0.5,128,334,1.4142465094278072,1.5311717098938122,5.198067930575654,5.297122534755901
c0_L128_rep000.npz,0.5,128,406,1.4826589803302017,1.5997031658901908,5.347087466617308,5.529530880863989
c0_L128_rep000.npz,0.5,128,493,1.4972663863856863,1.6207787780579777,5.407164961367029,5.586089328332765
c0_L128_rep000.npz,0.5,128,598,1.578494027206823,1.7104287857816804,5.595835481399938,5.872401433691756
c0_L128_rep000.npz,0.5,128,726,1.6359189009138104,1.7656210949458977,5.721218912834763,6.041297935103245
c0_L128_rep000.npz,0.5,128,881,1.6801278142672742,1.824139500232893,5.815920118766594,6.1663530297327815
c0_L128_rep000.npz,0.5,128,1069,1.752098446342612,1.8985174530229694,5.982024446885741,6.392508778774873
c0_L128_rep000.npz,0.5,128,1298,1.8004747811074115,1.9529162767295385,6.065453628907893,6.504168320762207
c0_L128_rep000.npz,0.5,128,1576,1.907660340917722,2.052658399948897,6.33238943044596,6.957112526539278
c0_L128_rep000.npz,0.5,128,1912,1.9827993375861297,2.138234002297125,6.497114856202672,7.189118034225538
c0_L128_rep000.npz,0.5,128,2321,2.0970938585278116,2.2570938709278128,6.679360108960041,7.437131184748071
c0_L128_rep000.npz,0.5,128,2818,2.1965995700605823,2.3661012775398875,6.897051046810942,7.73194903256253
c0_L128_rep000.npz,0.5,128,3420,2.2944124761765137,2.46341500610966,7.11668064161577,8.039254170755642
c0_L128_rep000.npz,0.5,128,4151,2.4235622784695527,2.5940385185822805,7.405254383440802,8.520020800832034
c0_L128_rep000.npz,0.5,128,5039,2.5441370002820043,2.7311668230857684,7.604855820770041,8.747463961558996
c0_L128_rep000.npz,0.5,128,6116,2.719146423135464,2.8963561619261826,7.94161167658215,9.261729790842283
c0_L128_rep000.npz,0.5,128,7423,2.8023310947361875,2.989058380092607,8.10797644278288,9.492468134414832
c0_L128_rep000.npz,0.5,128,9010,2.9474130240856375,3.159880299317628,8.350786377836947,9.799043062200957
c0_L128_rep000.npz,0.5,128,10937,3.070680765830649,3.262248586077625,8.583783507931507,10.157470551766894
c0_L128_rep000.npz,0.5,128,13275,3.1648048164155815,3.3492767413616753,8.767499313047649,10.45564773452457
c0_L128_rep000.npz,0.5,128,16113,3.236189131710179,3.4406327618340415,8.86291261297474,10.52956298200514
c0_L128_rep000.npz,0.5,128,19557,3.405630753627711,3.59628316958554,9.28820736302791,11.299310344827585
c0_L128_rep000.npz,0.5,128,23739,3.583941557348734,3.755000684966726,9.528820147312198,11.570621468926554
c0_L128_rep000.npz,0.5,128,28814,3.6658416273790815,3.8404388645057876,9.74758968768146,11.976608187134502
c0_L128_rep000.npz,0.5,128,34974,3.7885906040268456,4.018656066505597,9.919204951628661,12.19047619047619
c0_L128_rep000.npz,0.5,128,42451,4.123742371763154,4.322639465332031,10.375876955416041,12.770070148090413
c0_L128_rep000.npz,0.5,128,51526,4.344172880419774,4.56996941443902,10.727310353778648,13.277147487844408
c0_L128_rep000.npz,0.5,128,62542,4.50199410438703,4.744958773770766,10.974991951329722,13.641965029142382
c0_L128_rep000.npz,0.5,128,75913,4.89744126840901,5.10397395954876,11.671518477554558,14.641644325290438
c0_L128_rep000.npz,0.5,128,92142,5.389031086907194,5.643038635253906,12.469136823048798,15.906796116504854
c0_L128_rep000.npz,0.5,128,111841,5.697177419354839,5.944685805466627,13.007791520234768,16.718367346938777
c0_L128_rep000.npz,0.5,128,135751,5.847309046885318,6.102495023676081,12.909935015689994,16.237859266600594
c0_L128_rep000.npz,0.5,128,164773,6.324817565302597,6.536370168468375,14.01067377498499,18.347144456886898
c0_L128_rep000.npz,0.5,128,200000,6.6308654568882215,6.84038949664977,14.217558469147638,18.492099322799096
c0_L128_rep001.npz,0.5,128,1,0.6737951961767193,0.7669048708610104,3.2348336888589038,2.6951801283105774
c0_L128_rep001.npz,0.5,128,2,0.7155842942924795,0.8137133535966159,3.375307749820898,2.8623340321453528
c0_L128_rep001.npz,0.5,128,3,0.7396233640095069,0.8469475706383096,3.4559211456044525,2.958468761285663
c0_L128_rep001.npz,0.5,128,4,0.7631355793371499,0.8717836906141807,3.5335299898161328,3.052160953800298
c0_L128_rep001.npz,0.5,128,5,0.7864693471026492,0.8971908632613238,3.6058010755371765,3.1453253983490113
c0_L128_rep001.npz,0.5,128,6,0.7976764372766403,0.907788120455155,3.6434644559462934,3.1906523855890945
c0_L128_rep001.npz,0.5,128,7,0.8114109690621187,0.9244840557072438,3.6870883566253423,3.2456418383518226
c0_L128_rep001.npz,0.5,128,8,0.821186784706865,0.9338169388075138,3.7261072818230954,3.284683239775461
c0_L128_rep001.npz,0.5,128,10,0.8428613019414649,0.9578603702653524,3.794050910307558,3.37119341563786
c0_L128_rep001.npz,0.5,128,12,0.8592869341916214,0.9813109037215239,3.84310343092694,3.436962450178309
c0_L128_rep001.npz,0.5,128,15,0.8887362347659722,1.0032822238321295,3.9341216365071494,3.5547841180299415
c0_L128_rep001.npz,0.5,128,18,0.901875319587337,1.0250977428313641,3.9719487085812166,3.6072214883311315
c0_L128_rep001.npz,0.5,128,22,0.9265122965229674,1.053471305985705,4.047660454006814,3.7059488803438136
c0_L128_rep001.npz,0.5,128,27,0.9503774967532544,1.0770620516638305,4.121835921197019,3.8013921113689095
c0_L128_rep001.npz,0.5,128,33,0.9644690719431768,1.1021538720151058,4.1626061193460995,3.85778196373911
c0_L128_rep001.npz,0.5,128,40,0.9873910278548234,1.1246128953364942,4.230587300292133,3.9450999277630627
c0_L128_rep001.npz,0.5,128,48,1.0145217828446784,1.1535902581233208,4.297543063292755,4.037456875308034
c0_L128_rep001.npz,0.5,128,58,1.0584096932979934,1.1888150810649378,4.390378495844547,4.1668362156663274
c0_L128_rep001.npz,0.5,128,71,1.0856876488179785,1.215997316791061,4.452922222831007,4.246759979263867
c0_L128_rep001.npz,0.5,128,86,1.1184699510478402,1.2405968505793896,4.52797751660669,4.350504514073287
c0_L128_rep001.npz,0.5,128,105,1.1621765996229088,1.283073250038489,4.6280910427891975,4.487537660914818
c0_L128_rep001.npz,0.5,128,127,1.2101571841809102,1.3295403766558171,4.73735613548606,4.642674978747521
c0_L128_rep001.npz,0.5,128,154,1.2440216103316346,1.3578576049163096,4.82073561872412,4.75725900116144
c0_L128_rep001.npz,0.5,128,187,1.281358479144,1.4034374249904644,4.898234036540629,4.866052866052866
c0_L128_rep001.npz,0.5,128,227,1.3176609789513014,1.4409695647998886,4.994560510646663,4.993599512343797
c0_L128_rep001.npz,0.5,128,276,1.3642270985639624,1.4820202424927236,5.098663529373625,5.147345271756205
c0_L128_rep001.npz,0.5,128,334,1.4170432727809779,1.5295589027173406,5.211939228422164,5.322936972059779
c0_L128_rep001.npz,0.5,128,406,1.456286795626577,1.5740907305696075,5.306956680424002,5.45043246839654
c0_L128_rep001.npz,0.5,128,493,1.4842084639498432,1.6108375876137753,5.357907036813214,5.507226890756303
c0_L128_rep001.npz,0.5,128,598,1.5665399916165108,1.6912077315326395,5.55761115978262,5.805811481218994
c0_L128_rep001.npz,0.5,128,726,1.6174743340142805,1.7482413658728966,5.675328764179533,5.9578181818181815
c0_L128_rep001.npz,0.5,128,881,1.6710110556969973,1.8076331308162361,5.802825524912593,6.161714930424972
c0_L128_rep001.npz,0.5,128,1069,1.757478636504073,1.890924125741411,6.006839610573917,6.460567823343848
c0_L128_rep001.npz,0.5,128,1298,1.8259201338376494,1.9667988429214014,6.149733693486326,6.67916836526702
c0_L128_rep001.npz,0.5,128,1576,1.8914326236167531,2.047250319192947,6.280245534993839,6.849498327759197
c0_L128_rep001.npz,0.5,128,1912,1.9274412205317737,2.0958848613280785,6.3760830821071846,6.986780383795309
c0_L128_rep001.npz,0.5,128,2321,2.0674610868660026,2.224876942046189,6.637803417008384,7.3503813369223865
c0_L128_rep001.npz,0.5,128,2818,2.121662968075626,2.3039225115715016,6.72263764501235,7.406871609403255
c0_L128_rep001.npz,0.5,128,3420,2.245176374614875,2.4180889392521627,6.985454552044869,7.831739961759082
c0_L128_rep001.npz,0.5,128,4151,2.3608183179936386,2.517702771857773,7.243682860865076,8.229030637870418
c0_L128_rep001.npz,0.5,128,5039,2.4970658864735062,2.654890600281694,7.480330917407072,8.57801047120419
c0_L128_rep001.npz,0.5,128,6116,2.537721492157694,2.712660403862311,7.644775762429931,8.82283252557889
c0_L128_rep001.npz,0.5,128,7423,2.6725240444651788,2.8428235589797812,7.876399382950808,9.16331096196868
c0_L128_rep001.npz,0.5,128,9010,2.746624803767661,2.938176157529397,8.017020128277794,9.362285714285715
c0_L128_rep001.npz,0.5,128,10937,2.9074579831932774,3.096999574926679,8.277380522621861,9.75818939845146
c0_L128_rep001.npz,0.5,128,13275,3.1393203933445606,3.3091077771042885,8.715168171380876,10.349968414403032
c0_L128_rep001.npz,0.5,128,16113,3.265236680683616,3.4784828845622022,8.991175860773968,10.793148880105402
c0_L128_rep001.npz,0.5,128,19557,3.5462480172792006,3.7221794025595942,9.396357829510702,11.401530967292972
c0_L128_rep001.npz,0.5,128,23739,3.7829241619113043,3.99970838496333,9.787807465460977,11.950401167031364
c0_L128_rep001.npz,0.5,128,28814,3.9534814766895243,4.17614617136812,10.19587647424776,12.690937257939582
c0_L128_rep001.npz,0.5,128,34974,4.1676739501007285,4.426761412602092,10.475390326984904,12.992862807295797
c0_L128_rep001.npz,0.5,128,42451,4.460186982401656,4.691001689180415,10.778211022273053,13.374693877551021
c0_L128_rep001.npz,0.5,128,51526,4.60434362934363,4.921447901867225,11.090815754719904,13.861252115059221
c0_L128_rep001.npz,0.5,128,62542,5.0108716722667355,5.282307394983047,11.685121532421123,14.76036036036036
c0_L128_rep001.npz,0.5,128,75913,5.254901960784315,5.536081229366746,12.095074865375054,15.47119924457035
c0_L128_rep001.npz,0.5,128,92142,5.539855963283955,5.856727392306354,12.505563277732026,16.01564027370479
c0_L128_rep001.npz,0.5,128,111841,5.698033707865168,6.008241547355519,12.791595026373955,16.334995014955133
c0_L128_rep001.npz,0.5,128,135751,6.122064777327935,6.36890051541188,13.452731262430195,17.44834930777423
c0_L128_rep001.npz,0.5,128,164773,6.701555376776615,7.014587570629983,13.967956441291964,17.88646288209607
c0_L128_rep001.npz,0.5,128,200000,7.155651913875598,7.461609190376244,14.820593034600606,19.412322274881518
c0_L128_rep002.npz,0.5,128,1,0.6689531453948252,0.7590654013813406,3.219542401364039,2.6758125102074146
c0_L128_rep002.npz,0.5,128,2,0.7074368111125005,0.8048655641579718,3.351650771416873,2.829706390328152
c0_L128_rep002.npz,0.5,128,3,0.7323610686642209,0.8343651584734032,3.4357174518665166,2.9293760057214375
c0_L128_rep002.npz,0.5,128,4,0.7586779849043201,0.8658018591131009,3.521312374337578,3.0346360437117985
c0_L128_rep002.npz,0.5,128,5,0.7770823993234529,0.8860683329621253,3.583325367615266,3.1083285904003035
c0_L128_rep002.npz,0.5,128,6,0.7956835029713123,0.9059797174514025,3.646642280892463,3.1825951825951826
c0_L128_rep002.npz,0.5,128,7,0.8063712055636438,0.9213286533932145,3.679101167923426,3.2251968503937007
c0_L128_rep002.npz,0.5,128,8,0.8254858678049739,0.938105575998804,3.7381904627022617,3.301229095305259
c0_L128_rep002.npz,0.5,128,10,0.8474893850157512,0.9626287336584172,3.8067623075999144,3.3893256102606535
c0_L128_rep002.npz,0.5,128,12,0.8607011278620347,0.9799031087257584,3.8475233500234234,3.4420168067226893
c0_L128_rep002.npz,0.5,128,15,0.8888952506154029,1.0094614090480412,3.937757936890285,3.5547841180299415
c0_L128_rep002.npz,0.5,128,18,0.9007159849144184,1.0226627107917876,3.979989487225054,3.602462620932278
c0_L128_rep002.npz,0.5,128,22,0.9329429803903668,1.060138288311819,4.073477622932719,3.7312685037576863
c0_L128_rep002.npz,0.5,128,27,0.9574820772862389,1.0867896513653983,4.149292429404865,3.8298270219728847
c0_L128_rep002.npz,0.5,128,33,0.9785006545839712,1.115576549589047,4.211689967743342,3.913999044433827
c0_L128_rep002.npz,0.5,128,40,1.0052270502219947,1.141377240692947,4.291817235726797,4.014702278853222
c0_L128_rep002.npz,0.5,128,48,1.0500971367732912,1.1757648494917483,4.381857828024763,4.144700227675183
c0_L128_rep002.npz,0.5,128,58,1.075095601411391,1.203431654585774,4.437976443448339,4.216160576428204
c0_L128_rep002.npz,0.5,128,71,1.1202243629075141,1.2404239055517394,4.537969552280953,4.357446808510638
c0_L128_rep002.npz,0.5,128,86,1.1599810877787922,1.2773590195340008,4.619087770427267,4.47405789186237
c0_L128_rep002.npz,0.5,128,105,1.207579185520362,1.317353423213162,4.732085504153727,4.637418624398528
c0_L128_rep002.npz,0.5,128,127,1.2300090831238495,1.3439444873658464,4.778044567965827,4.7026406429391505
c0_L128_rep002.npz,0.5,128,154,1.2704121446144836,1.3830234898171545,4.876694609555755,4.834464443788728
c0_L128_rep002.npz,0.5,128,187,1.3134340349327838,1.42742445034157,4.970121659596463,4.970873786407767
c0_L128_rep002.npz,0.5,128,227,1.3486161629183226,1.4531465178920318,5.070562515955113,5.123202001250782
c0_L128_rep002.npz,0.5,128,276,1.3716062644000249,1.4945538304973325,5.111809018103743,5.161940768746062
c0_L128_rep002.npz,0.5,128,334,1.4281814930011207,1.5561458384954072,5.225316095906171,5.333333333333333
c0_L128_rep002.npz,0.5,128,406,1.4726737027264734,1.6073452194240496,5.3442363442011205,5.474106247911794
c0_L128_rep002.npz,0.5,128,493,1.5466722923953387,1.6775808041401334,5.534686678540871,5.756851721714687
c0_L128_rep002.npz,0.5,128,598,1.6027939616362559,1.731219981858671,5.64545335614218,5.925497287522604
c0_L128_rep002.npz,0.5,128,726,1.66502380639401,1.7893486175102384,5.807758182968105,6.1663530297327815
c0_L128_rep002.npz,0.5,128,881,1.7552363969083071,1.8822953466876482,6.020894075139862,6.506751389992057
c0_L128_rep002.npz,0.5,128,1069,1.7729881052505108,1.913522108346327,6.055079236917788,6.504168320762207
c0_L128_rep002.npz,0.5,128,1298,1.8360746300725954,1.9826782098105356,6.182630958556617,6.71750717507175
c0_L128_rep002.npz,0.5,128,1576,1.9251892396008765,2.078847132626842,6.357590380983494,6.951209164191769
c0_L128_rep002.npz,0.5,128,1912,1.984048404840484,2.1552184233794343,6.497463097083828,7.142109851787271
c0_L128_rep002.npz,0.5,128,2321,2.0744777816254922,2.241772428643767,6.699788835830352,7.447272727272727
c0_L128_rep002.npz,0.5,128,2818,2.153729758105449,2.330984170043603,6.853784793548042,7.670411985018727
c0_L128_rep002.npz,0.5,128,3420,2.283223418271102,2.457868138184375,7.090173223491785,8.00390815828041
c0_L128_rep002.npz,0.5,128,4151,2.3252247665506327,2.5166702367212257,7.142747944608071,8.039254170755642
c0_L128_rep002.npz,0.5,128,5039,2.4568239056740246,2.647197028110516,7.4153814500142,8.419321685508736
c0_L128_rep002.npz,0.5,128,6116,2.552962945776004,2.7581002339500946,7.583239269286157,8.664198836594394
c0_L128_rep002.npz,0.5,128,7423,2.7564775331942926,2.946373761664009,8.001367473586289,9.319681456200227
c0_L128_rep002.npz,0.5,128,9010,2.8979535003861066,3.1017204367897726,8.271341306992571,9.74078478002378
c0_L128_rep002.npz,0.5,128,10937,2.989763566057389,3.2123838837281893,8.485120606974508,10.063882063882064
c0_L128_rep002.npz,0.5,128,13275,3.2286257911835543,3.3906150246803355,8.858934474321567,10.60453074433657
c0_L128_rep002.npz,0.5,128,16113,3.28784161502607,3.5046493829099172,9.004744450213844,10.78604344963792
c0_L128_rep002.npz,0.5,128,19557,3.515078770012014,3.6986286795242718,9.386089057971109,11.299310344827585
c0_L128_rep002.npz,0.5,128,23739,3.7489601487161615,3.9502245288747764,9.663436160142348,11.611622962437988
c0_L128_rep002.npz,0.5,128,28814,3.926044833014842,4.112605485685142,10.097645057238841,12.459315589353611
c0_L128_rep002.npz,0.5,128,34974,4.046261132962611,4.254603235217054,10.359481415553033,12.770070148090413
c0_L128_rep002.npz,0.5,128,42451,4.408572383614926,4.594742218464865,11.000085386975899,13.81450252951096
c0_L128_rep002.npz,0.5,128,51526,4.5823022812438365,4.819374690988638,11.31159898037906,14.246956521739131
c0_L128_rep002.npz,0.5,128,62542,4.929049892208193,5.166896022142596,11.930205034440053,15.283582089552239
c0_L128_rep002.npz,0.5,128,75913,5.117184388689765,5.352394532258243,12.10396412474258,15.398496240601503
c0_L128_rep002.npz,0.5,128,92142,5.5708794173185865,5.82643762864496,12.636496587709502,16.031311154598825
c0_L128_rep002.npz,0.5,128,111841,5.827009638283812,6.149651565306533,12.81344784003654,16.125984251968504
c0_L128_rep002.npz,0.5,128,135751,6.2343234525060485,6.509297992091552,13.702750916973939,17.636167922497307
c0_L128_rep002.npz,0.5,128,164773,6.435234899328859,6.766265896388463,13.882737355729303,17.655172413793103
c0_L128_rep002.npz,0.5,128,200000,6.887590711175618,7.181081565281678,14.736886114682312,19.117852975495914
c0_L128_rep003.npz,0.5,128,1,0.666454240138342,0.756322839340267,3.2045354927988923,2.665798893589326
c0_L128_rep003.npz,0.5,128,2,0.6999611616010297,0.7889068051518088,3.321251884763751,2.7997265892002736
c0_L128_rep003.npz,0.5,128,3,0.7271333076974558,0.81889405861879,3.414005306299847,2.9080582179623713
c0_L128_rep003.npz,0.5,128,4,0.749165254019623,0.8482631782946574,3.4846565922514405,2.9957944779667214
c0_L128_rep003.npz,0.5,128,5,0.7675768477391001,0.8646535131297184,3.5489779594548767,3.069314349943799
c0_L128_rep003.npz,0.5,128,6,0.7798643149942747,0.8812547001019082,3.584934060954224,3.1189796306872264
c0_L128_rep003.npz,0.5,128,7,0.7949223045833878,0.8921591932928599,3.63986838308615,3.1795070832524743
c0_L128_rep003.npz,0.5,128,8,0.8084434737057618,0.9133580460620715,3.6777431111167607,3.233471482139333
c0_L128_rep003.npz,0.5,128,10,0.8299068747384202,0.9408135314018629,3.747751286719217,3.319286871961102
c0_L128_rep003.npz,0.5,128,12,0.8547632900058877,0.9638814632610485,3.8277845037460048,3.4190317195325544
c0_L128_rep003.npz,0.5,128,15,0.8824890255302045,0.9920781656539994,3.914770084124599,3.5295131408875484
c0_L128_rep003.npz,0.5,128,18,0.8930297076537506,1.009235800686655,3.9425889418960405,3.5718334423370393
c0_L128_rep003.npz,0.5,128,22,0.9164044786353875,1.032645275416281,4.017320761582555,3.665324384787472
c0_L128_rep003.npz,0.5,128,27,0.9317578777093452,1.0571974328724312,4.066083287765381,3.727024567788899
c0_L128_rep003.npz,0.5,128,33,0.9651274527896905,1.0899599390281576,4.167162718175096,3.8605089538171535
c0_L128_rep003.npz,0.5,128,40,0.994658539249063,1.122229820578724,4.246577578011489,3.978630403108305
c0_L128_rep003.npz,0.5,128,48,1.021384783798577,1.144710527549867,4.312512609112818,4.061477441745166
c0_L128_rep003.npz,0.5,128,58,1.0645632904972575,1.1834997460631964,4.406298141573009,4.189209920736385
c0_L128_rep003.npz,0.5,128,71,1.1014449272960665,1.2138740971403301,4.487815327637472,4.303651168899396
c0_L128_rep003.npz,0.5,128,86,1.132290273578707,1.2495382506990693,4.547712902529168,4.390139335476956
c0_L128_rep003.npz,0.5,128,105,1.167686687695793,1.2837116028087852,4.628721572913131,4.499862675089261
c0_L128_rep003.npz,0.5,128,127,1.2161916399717323,1.3282336881245542,4.739543263444183,4.654545454545454
c0_L128_rep003.npz,0.5,128,154,1.2644748117574816,1.372135310854655,4.853924384542867,4.817406645104381
c0_L128_rep003.npz,0.5,128,187,1.2936178798962787,1.4101557280878751,4.913154484160206,4.895129967134747
c0_L128_rep003.npz,0.5,128,227,1.3312357511178952,1.4417255174530206,5.014070212050586,5.041230769230769
c0_L128_rep003.npz,0.5,128,276,1.379077739973193,1.489119380375082,5.125701549990428,5.197969543147208
c0_L128_rep003.npz,0.5,128,334,1.4035679763306166,1.5227988711263176,5.17689130973752,5.251282051282051
c0_L128_rep003.npz,0.5,128,406,1.4566432169065022,1.5724965648711557,5.302545846901252,5.441381600797078
c0_L128_rep003.npz,0.5,128,493,1.50503521813139,1.6371271167553887,5.407687812616003,5.567108392796467
c0_L128_rep003.npz,0.5,128,598,1.5968793412324174,1.724510617830065,5.629640486901363,5.902017291066282
c0_L128_rep003.npz,0.5,128,726,1.6588691805719793,1.7869501454163639,5.756724454868232,6.095238095238095
c0_L128_rep003.npz,0.5,128,881,1.698656152401583,1.8445110503681073,5.854693027235092,6.206060606060606
c0_L128_rep003.npz,0.5,128,1069,1.7710648240274356,1.9095190290708017,6.020156584893263,6.473330699328328
c0_L128_rep003.npz,0.5,128,1298,1.8261236594784176,1.9709636700922286,6.156935959744625,6.676446617766911
c0_L128_rep003.npz,0.5,128,1576,1.9009759937810453,2.056934670138229,6.315519223323969,6.8927219183845185
c0_L128_rep003.npz,0.5,128,1912,1.9793483759318424,2.1352153879956752,6.477433270439589,7.163970266724967
c0_L128_rep003.npz,0.5,128,2321,2.0468412312032216,2.2179407310142176,6.621346864994495,7.333930170098478
c0_L128_rep003.npz,0.5,128,2818,2.168257979159794,2.339220630955375,6.885699800492179,7.706491063029163
c0_L128_rep003.npz,0.5,128,3420,2.2701074666842302,2.440822479295761,7.107246115540013,8.059026069847516
c0_L128_rep003.npz,0.5,128,4151,2.3548629091548396,2.526575648843486,7.226917563384213,8.17564870259481
c0_L128_rep003.npz,0.5,128,5039,2.4998383851357135,2.669329182935455,7.478736816301873,8.5422314911366
c0_L128_rep003.npz,0.5,128,6116,2.6044798665283855,2.7845449278686107,7.753037851234105,8.953005464480874
c0_L128_rep003.npz,0.5,128,7423,2.729355250872279,2.946544236393193,7.892591961232683,9.122494432071269
c0_L128_rep003.npz,0.5,128,9010,2.8966451300544263,3.085357802139062,8.2643660405015,9.694674556213018
c0_L128_rep003.npz,0.5,128,10937,2.9963611367481926,3.2001178248764743,8.418803982099556,9.85207456404089
c0_L128_rep003.npz,0.5,128,13275,3.223413071598693,3.4049297835256263,8.852319467797392,10.570322580645161
c0_L128_rep003.npz,0.5,128,16113,3.371368441040572,3.575758671139088,9.061414744835464,10.814521452145215
c0_L128_rep003.npz,0.5,128,19557,3.518214100121254,3.7637805964156863,9.37883767724412,11.330567081604427
c0_L128_rep003.npz,0.5,128,23739,3.7496624662466247,3.9647206864844438,9.830308818245719,12.109386548410939
c0_L128_rep003.npz,0.5,128,28814,3.9149365011415527,4.157652246513163,9.96038570197771,12.172362555720653
c0_L128_rep003.npz,0.5,128,34974,4.102675300332283,4.391367681588524,10.15548144936149,12.374622356495468
c0_L128_rep003.npz,0.5,128,42451,4.428561677674345,4.739824496247324,10.722863591904174,13.331163547599674
c0_L128_rep003.npz,0.5,128,51526,4.600625483168178,4.920182341551442,11.035283749699067,13.77964676198486
c0_L128_rep003.npz,0.5,128,62542,4.684281698295762,4.991647327339519,11.139745940769675,13.826160337552743
c0_L128_rep003.npz,0.5,128,75913,4.933007647935705,5.220223117741282,11.43199358423822,14.209887250650477
c0_L128_rep003.npz,0.5,128,92142,5.320789301573095,5.664147134705301,12.105877108189974,15.442035815268614
c0_L128_rep003.npz,0.5,128,111841,5.633303636935332,6.010022901800361,12.424881643513066,15.891367604267701
c0_L128_rep003.npz,0.5,128,135751,5.751739216855496,6.208475457616599,12.58219216497144,15.906796116504854
c0_L128_rep003.npz,0.5,128,164773,6.554165732855221,7.132253766741071,13.43655506961928,17.31923890063425
c0_L128_rep003.npz,0.5,128,200000,6.784666666666666,7.415289099809206,13.760194248895289,17.77006507592191
c0_L128_rep004.npz,0.5,128,1,0.675086957631819,0.7721814019037008,3.2387771196778106,2.7000659195781145
c0_L128_rep004.npz,0.5,128,2,0.7143377150209547,0.8209694269572223,3.3741893811604924,2.8573421695151726
c0_L128_rep004.npz,0.5,128,3,0.7419033708779348,0.8517946577841367,3.466194117871731,2.967578337257743
c0_L128_rep004.npz,0.5,128,4,0.767928303656689,0.8756573079427084,3.5535755343730946,3.071616047994001
c0_L128_rep004.npz,0.5,128,5,0.7845450191121087,0.8980287090752738,3.6084330574730745,3.138096150162804
c0_L128_rep004.npz,0.5,128,6,0.8043565033224692,0.9172582825112041,3.673092291933984,3.2169644610249364
c0_L128_rep004.npz,0.5,128,7,0.8218727354124327,0.9370326622767531,3.727433464716811,3.287319422150883
c0_L128_rep004.npz,0.5,128,8,0.8362953940451983,0.9536281634726241,3.7737008187762315,3.3450387913434056
c0_L128_rep004.npz,0.5,128,10,0.8600532327786107,0.97963852665614,3.8468267661789226,3.439848834768003
c0_L128_rep004.npz,0.5,128,12,0.875588498235305,0.9923712137883473,3.898278438019436,3.502351432235998
c0_L128_rep004.npz,0.5,128,15,0.9000317506668798,1.0264361445151535,3.9731515420057217,3.6000878927708198
c0_L128_rep004.npz,0.5,128,18,0.9215792670581089,1.0470749467521345,4.040143872327573,3.6859392575928007
c0_L128_rep004.npz,0.5,128,22,0.9438848383018246,1.068751443910752,4.107746685889438,3.775115207373272
c0_L128_rep004.npz,0.5,128,27,0.9686328630894732,1.1002901256642437,4.180701139487499,3.8742019389926696
c0_L128_rep004.npz,0.5,128,33,0.9963517833280238,1.1378636520197274,4.257658257932325,3.9854050109462418
c0_L128_rep004.npz,0.5,128,40,1.033046439732154,1.1625496083223528,4.341086428261624,4.093953023488256
c0_L128_rep004.npz,0.5,128,48,1.0591684193608897,1.1874581531217276,4.398726801269843,4.170017816238229
c0_L128_rep004.npz,0.5,128,58,1.0879170601196098,1.215472078144409,4.463881961940643,4.2533748701973
c0_L128_rep004.npz,0.5,128,71,1.140537783403924,1.2530624524576046,4.5796590119639164,4.4209390178089585
c0_L128_rep004.npz,0.5,128,86,1.173511650776097,1.2828154606193438,4.646462952929885,4.523467697404749
c0_L128_rep004.npz,0.5,128,105,1.2258450928976832,1.3240917020067866,4.766432789125071,4.706693478885378
c0_L128_rep004.npz,0.5,128,127,1.2403137953573289,1.3411568405851038,4.80808385952978,4.74760938858302
c0_L128_rep004.npz,0.5,128,154,1.2694276422481194,1.3764654514911308,4.87321417292879,4.834464443788728
c0_L128_rep004.npz,0.5,128,187,1.2900634950720242,1.3997156158230109,4.927539058868837,4.900987137301825
c0_L128_rep004.npz,0.5,128,227,1.3232229885057472,1.4372095788720949,4.991166544393955,5.008865790278202
c0_L128_rep004.npz,0.5,128,276,1.3566098802177102,1.475708535920194,5.067084749940583,5.100871731008717
c0_L128_rep004.npz,0.5,128,334,1.404858871954369,1.5252767041577142,5.188867346166155,5.261400128452151
c0_L128_rep004.npz,0.5,128,406,1.457247478859642,1.5840490371539429,5.2927187849892245,5.417989417989418
c0_L128_rep004.npz,0.5,128,493,1.4870248195871483,1.6160244325174729,5.368039370438878,5.520215633423181
c0_L128_rep004.npz,0.5,128,598,1.5680519372942077,1.6993755222433786,5.537053796625096,5.7507897507897505
c0_L128_rep004.npz,0.5,128,726,1.6505158539338818,1.7875298480598294,5.753587593907166,6.077151335311573
c0_L128_rep004.npz,0.5,128,881,1.718285165876213,1.862144100366049,5.926273409760554,6.313680154142582
c0_L128_rep004.npz,0.5,128,1069,1.7565662774818798,1.9185422279181266,5.996541013617322,6.3950039032006245
c0_L128_rep004.npz,0.5,128,1298,1.8454178370786516,2.019125926981703,6.188281034342393,6.668294668294668
c0_L128_rep004.npz,0.5,128,1576,1.9514300929804085,2.122516785659873,6.417438155654196,7.03175965665236
c0_L128_rep004.npz,0.5,128,1912,2.038935084630313,2.207459211759846,6.604471972282036,7.294746215494212
c0_L128_rep004.npz,0.5,128,2321,2.1020155061787076,2.27843464832989,6.759783853496845,7.512150389729482
c0_L128_rep004.npz,0.5,128,2818,2.2126238173015014,2.393676081636513,7.004671243062134,7.895903614457831
c0_L128_rep004.npz,0.5,128,3420,2.320660610320345,2.493776527801844,7.154752807800692,8.078895463510849
c0_L128_rep004.npz,0.5,128,4151,2.4528585548993718,2.641664854150796,7.397211155565722,8.419321685508736
c0_L128_rep004.npz,0.5,128,5039,2.553008760685151,2.73202451120917,7.676200341387631,8.904347826086957
c0_L128_rep004.npz,0.5,128,6116,2.7325855380792192,2.8999528739952387,7.899760932349766,9.173572228443449
c0_L128_rep004.npz,0.5,128,7423,2.787420382165605,2.9483557192155114,8.139175203361658,9.570093457943925
c0_L128_rep004.npz,0.5,128,9010,2.931924586487244,3.0649347842692127,8.354597100497928,9.905683192261185
c0_L128_rep004.npz,0.5,128,10937,2.9801864699767573,3.1421934364092943,8.460432526719178,10.033067973055726
c0_L128_rep004.npz,0.5,128,13275,3.08045290423338,3.255443447177763,8.609189993664755,10.227215980024969
c0_L128_rep004.npz,0.5,128,16113,3.196798729830521,3.3977884198710555,8.772548895809406,10.38276299112801
c0_L128_rep004.npz,0.5,128,19557,3.32121339009468,3.543942880743577,9.035369533657583,10.800263678312458
c0_L128_rep004.npz,0.5,128,23739,3.607182653022017,3.820431474146985,9.629242358605662,11.702857142857143
c0_L128_rep004.npz,0.5,128,28814,3.820439709209599,4.0444239944893745,9.923322942408003,12.127313101406365
c0_L128_rep004.npz,0.5,128,34974,4.051646327423439,4.301281381914829,10.391661008558769,12.8
c0_L128_rep004.npz,0.5,128,42451,4.495081719128329,4.753318503970975,11.061935406734422,13.77964676198486
c0_L128_rep004.npz,0.5,128,51526,4.876791101055806,5.10177799029421,11.584971360211876,14.628571428571428
c0_L128_rep004.npz,0.5,128,62542,5.134823814503146,5.369363107760821,11.919093010415912,15.114391143911439
c0_L128_rep004.npz,0.5,128,75913,5.360034453057709,5.525275970872379,12.257142238913508,15.559354226020893
c0_L128_rep004.npz,0.5,128,92142,5.548249330739749,5.735654770759853,12.710073249740537,16.367632367632368
c0_L128_rep004.npz,0.5,128,111841,5.695863982449348,5.980424514159348,12.476031936362961,15.723608445297504
c0_L128_rep004.npz,0.5,128,135751,5.979603507434236,6.265597725286482,13.240510887074354,17.120167189132708
c0_L128_rep004.npz,0.5,128,164773,6.296535135793448,6.660367240811993,13.70121224536531,17.789359391965256
c0_L128_rep004.npz,0.5,128,200000,6.67463518722467,7.054740551211543,14.157772151075758,18.347144456886898
c0_L128_rep005.npz,0.5,128,1,0.6737991345784988,0.7827787297646454,3.2360981188788807,2.6951801283105774
c0_L128_rep005.npz,0.5,128,2,0.7106179688703961,0.8153364154328568,3.362657159971307,2.842470506592644
c0_L128_rep005.npz,0.5,128,3,0.7357917660077623,0.8427558312049279,3.4454644301876356,2.942528735632184
c0_L128_rep005.npz,0.5,128,4,0.7571494482274599,0.8642538920370813,3.5180625705889272,3.0273466371027347
c0_L128_rep005.npz,0.5,128,5,0.775097189806531,0.8815844494240952,3.5743707213931875,3.098921883866087
c0_L128_rep005.npz,0.5,128,6,0.7909572242884009,0.8992211766283407,3.6336787013958474,3.1623238756996717
c0_L128_rep005.npz,0.5,128,7,0.8035097434761473,0.9145865048022732,3.671395677054666,3.2119192315232308
c0_L128_rep005.npz,0.5,128,8,0.8199106548533062,0.9324568788880507,3.7220224070782493,3.2781112444977993
c0_L128_rep005.npz,0.5,128,10,0.8414816034735955,0.956342761066963,3.7892989056959347,3.364271047227926
c0_L128_rep005.npz,0.5,128,12,0.8618476342735659,0.9828170906880722,3.8547776458335195,3.444187513138533
c0_L128_rep005.npz,0.5,128,15,0.8892276733087765,1.013600202566629,3.9367154054258418,3.556327327979162
c0_L128_rep005.npz,0.5,128,18,0.9050951715943837,1.028308842534,3.987082445268345,3.6199734865223157
c0_L128_rep005.npz,0.5,128,22,0.9303209293899217,1.0561366275755542,4.065653953290827,3.721099250511015
c0_L128_rep005.npz,0.5,128,27,0.9551698669963125,1.088130454654231,4.1362387094458235,3.8200046630916296
c0_L128_rep005.npz,0.5,128,33,0.989188495659862,1.1188414992267663,4.233846299230844,3.9565322385897126
c0_L128_rep005.npz,0.5,128,40,1.0247862596329074,1.1491480924418676,4.318354876353985,4.07055900621118
c0_L128_rep005.npz,0.5,128,48,1.0417661051289517,1.167854752164422,4.360501195299388,4.11968820719135
c0_L128_rep005.npz,0.5,128,58,1.0822417928583123,1.20039454053597,4.446203072987495,4.241263266891018
c0_L128_rep005.npz,0.5,128,71,1.1138064738859805,1.2334053715891238,4.509824701698114,4.3332451732345945
c0_L128_rep005.npz,0.5,128,86,1.1457075317318623,1.2612817345870502,4.587045310719156,4.436501489304089
c0_L128_rep005.npz,0.5,128,105,1.1837329547503748,1.3016513931128517,4.6658187665563045,4.548584119933371
c0_L128_rep005.npz,0.5,128,127,1.1943771043771045,1.3243599242900124,4.684656610596118,4.5663322185061315
c0_L128_rep005.npz,0.5,128,154,1.2422358309984187,1.3667223760710119,4.80019704477756,4.733891938746027
c0_L128_rep005.npz,0.5,128,187,1.2953397282174262,1.4153100938178689,4.928299985694484,4.92012012012012
c0_L128_rep005.npz,0.5,128,227,1.3299320280029394,1.4471594013974385,4.999485167729181,5.018070444104135
c0_L128_rep005.npz,0.5,128,276,1.3783591590563757,1.4959241517905686,5.115958335305847,5.183169882948434
c0_L128_rep005.npz,0.5,128,334,1.4315928604952928,1.5463213538481013,5.235324964621844,5.35249918327344
c0_L128_rep005.npz,0.5,128,406,1.479083719642286,1.5952792583504758,5.358622425586519,5.5220761712167175
c0_L128_rep005.npz,0.5,128,493,1.5194451893837813,1.6530825474592592,5.446747011647676,5.639931153184166
c0_L128_rep005.npz,0.5,128,598,1.5758699822334372,1.7014002677945599,5.574807276777572,5.824386775684323
c0_L128_rep005.npz,0.5,128,726,1.6166704442429736,1.7657749151289195,5.666077535651086,5.9578181818181815
c0_L128_rep005.npz,0.5,128,881,1.6824708604545553,1.8216326919632342,5.806895233985525,6.164033107599699
c0_L128_rep005.npz,0.5,128,1069,1.7227987421383648,1.8767674029759953,5.926997145208503,6.3185499421519475
c0_L128_rep005.npz,0.5,128,1298,1.8133887806144666,1.9722844812992903,6.1268474842834895,6.611783696529459
c0_L128_rep005.npz,0.5,128,1576,1.8807539682539685,2.040987819185193,6.293547153166878,6.866722548197821
c0_L128_rep005.npz,0.5,128,1912,1.9752120984646762,2.1497258692611885,6.481110802434098,7.120382442416341
c0_L128_rep005.npz,0.5,128,2321,2.039421569102931,2.2251778593097074,6.6247424350814015,7.324094769780957
c0_L128_rep005.npz,0.5,128,2818,2.1684263383338642,2.340909309980087,6.847394284954124,7.6560747663551405
c0_L128_rep005.npz,0.5,128,3420,2.3012229981412498,2.4763510641797684,7.11369761923271,8.043200785468827
c0_L128_rep005.npz,0.5,128,4151,2.4360428039903814,2.5945185672540485,7.337596741769878,8.367722165474975
c0_L128_rep005.npz,0.5,128,5039,2.532244318181818,2.6971802337578454,7.588619103825498,8.752136752136753
c0_L128_rep005.npz,0.5,128,6116,2.60702784232196,2.7820877707875606,7.696984112022672,8.856216216216216
c0_L128_rep005.npz,0.5,128,7423,2.7373632927471574,2.9067209228773914,7.894179794212924,9.142857142857142
c0_L128_rep005.npz,0.5,128,9010,2.8292119066979162,3.0236122955868754,8.161460960536557,9.5533527696793
c0_L128_rep005.npz,0.5,128,10937,2.9686894659164285,3.1529849220007753,8.405050769361056,9.935718617343845
c0_L128_rep005.npz,0.5,128,13275,3.141557563150882,3.3187886299913343,8.71785716441986,10.435668789808917
c0_L128_rep005.npz,0.5,128,16113,3.3443065158181433,3.526947223846925,8.947135486899992,10.625162127107652
c0_L128_rep005.npz,0.5,128,19557,3.482104684159864,3.6844823491547296,9.20330730621947,11.032996632996634
c0_L128_rep005.npz,0.5,128,23739,3.7290816326530614,3.91238169509649,9.900895598974135,12.281859070464767
c0_L128_rep005.npz,0.5,128,28814,3.8313157894736842,4.051491621321741,9.915260059894386,12.172362555720653
c0_L128_rep005.npz,0.5,128,34974,3.9843660497907027,4.230302233642672,10.26422491515328,12.8
c0_L128_rep005.npz,0.5,128,42451,4.122856334841629,4.361081429414971,10.482066708057157,12.941548183254344
c0_L128_rep005.npz,0.5,128,51526,4.4621302551321556,4.688303144962143,10.987956369552414,13.802864363942712
c0_L128_rep005.npz,0.5,128,62542,4.764686786604394,4.996243179241392,11.421151186666776,14.359333917616127
c0_L128_rep005.npz,0.5,128,75913,4.878037844139539,5.115828587901276,11.661121567855492,14.733812949640289
c0_L128_rep005.npz,0.5,128,92142,5.138629740199738,5.437100883295332,12.048542145290279,15.170370370370371
c0_L128_rep005.npz,0.5,128,111841,5.350421921785681,5.671927322805109,12.158387017976754,15.156336725254395
c0_L128_rep005.npz,0.5,128,135751,5.719720531890918,6.040245784558895,12.896153092448236,16.482897384305836
c0_L128_rep005.npz,0.5,128,164773,6.011261107313739,6.338264704548969,13.450336467037658,17.300950369588172
c0_L128_rep005.npz,0.5,128,200000,6.408764387363609,6.731251252003205,13.857134638568452,17.847494553376908
c0_L128_rep006.npz,0.5,128,1,0.6730469711694201,0.7773887232730263,3.2313091727338565,2.6916379168720224
c0_L128_rep006.npz,0.5,128,2,0.7147091049871195,0.8195610720413358,3.3693592270273025,2.8578405721262863
c0_L128_rep006.npz,0.5,128,3,0.7454179728649883,0.8479756413507581,3.4752267587841037,2.9816196542311193
c0_L128_rep006.npz,0.5,128,4,0.7684302690589272,0.8763985558712122,3.5519785235513117,3.0733445882573625
c0_L128_rep006.npz,0.5,128,5,0.7874873602232879,0.8960165326816909,3.6174438271720235,3.1495578623606306
c0_L128_rep006.npz,0.5,128,6,0.8030665025918047,0.9141654084748354,3.6702380648218047,3.2119192315232308
c0_L128_rep006.npz,0.5,128,7,0.8167283221828676,0.9301577432602466,3.710331339128997,3.266347687400319
c0_L128_rep006.npz,0.5,128,8,0.8259709635845459,0.9431312608286799,3.738898312209804,3.303225806451613
c0_L128_rep006.npz,0.5,128,10,0.8450054341026751,0.9640260146263765,3.802453564338386,3.3795379537953796
c0_L128_rep006.npz,0.5,128,12,0.8635445412341409,0.9778258456908359,3.858966420222636,3.45362563237774
c0_L128_rep006.npz,0.5,128,15,0.880150111549429,1.0014829868911828,3.911661576663074,3.5204125483455093
c0_L128_rep006.npz,0.5,128,18,0.9048353081292431,1.0297595016212102,3.9841727087049597,3.618374558303887
c0_L128_rep006.npz,0.5,128,22,0.9308581476582691,1.0524174265223465,4.066967067276338,3.7219445706497045
c0_L128_rep006.npz,0.5,128,27,0.9564854797484145,1.080764271805437,4.142104201177463,3.8253560588372637
c0_L128_rep006.npz,0.5,128,33,0.9718988434021864,1.1013087053628374,4.192279208675824,3.8870699881376036
c0_L128_rep006.npz,0.5,128,40,1.003840716874054,1.135197974863011,4.277556640571399,4.007827788649706
c0_L128_rep006.npz,0.5,128,48,1.0413687168813506,1.1633591317588707,4.355537592209613,4.118652589240824
c0_L128_rep006.npz,0.5,128,58,1.0676997129347547,1.184534464491235,4.41759154607602,4.199948731094591
c0_L128_rep006.npz,0.5,128,71,1.1052410406111108,1.2195345817433538,4.4978591896950215,4.312713872071598
c0_L128_rep006.npz,0.5,128,86,1.1208926513365114,1.2390928079136683,4.533105589217193,4.357446808510638
c0_L128_rep006.npz,0.5,128,105,1.1713780918727914,1.2813900852003823,4.647127913302524,4.519724137931035
c0_L128_rep006.npz,0.5,128,127,1.1915086991099346,1.3072265978152697,4.701102766405469,4.576536312849162
c0_L128_rep006.npz,0.5,128,154,1.2606043473648811,1.36857232544259,4.853454966282013,4.81457537466941
c0_L128_rep006.npz,0.5,128,187,1.282974123171158,1.4026530793909027,4.900277318283192,4.867498514557338
c0_L128_rep006.npz,0.5,128,227,1.3228124015471567,1.4463478519355053,4.98806178147622,4.987519025875191
c0_L128_rep006.npz,0.5,128,276,1.3796249753920862,1.5036312370886193,5.131066659809696,5.186451408673631
c0_L128_rep006.npz,0.5,128,334,1.4312152650991086,1.54800569586284,5.259410792060698,5.384160368057838
c0_L128_rep006.npz,0.5,128,406,1.4587500209624855,1.5837703440290762,5.3233432039414055,5.461333333333333
c0_L128_rep006.npz,0.5,128,493,1.4924402715331042,1.623466967481894,5.394470278681787,5.557666214382632
c0_L128_rep006.npz,0.5,128,598,1.5560779816513761,1.6905482852736038,5.531733767358502,5.754829645240604
c0_L128_rep006.npz,0.5,128,726,1.6390956745016847,1.773528965774723,5.74301067949286,6.052456594015515
c0_L128_rep006.npz,0.5,128,881,1.7001358558921202,1.8428138448618496,5.900092051771716,6.287029930928626
c0_L128_rep006.npz,0.5,128,1069,1.768918056694923,1.916609024625875,6.041723978864168,6.486144101346001
c0_L128_rep006.npz,0.5,128,1298,1.8563773229828278,2.007225469007957,6.225547605123374,6.767451466336225
c0_L128_rep006.npz,0.5,128,1576,1.9057258968111408,2.0544041262599473,6.322875382256268,6.88982338099243
c0_L128_rep006.npz,0.5,128,1912,2.014063496264572,2.175834064028552,6.554596767212141,7.246351172047767
c0_L128_rep006.npz,0.5,128,2321,2.1048521292204874,2.2802686838487354,6.734764751432103,7.471044231646147
c0_L128_rep006.npz,0.5,128,2818,2.205169883293864,2.375444110569707,6.923248240336984,7.764928909952607
c0_L128_rep006.npz,0.5,128,3420,2.2373292413638235,2.4220188735344905,6.969364670044365,7.794481446241675
c0_L128_rep006.npz,0.5,128,4151,2.3644873397195045,2.5360427951228197,7.18574437843185,8.122954883490332
c0_L128_rep006.npz,0.5,128,5039,2.4671025271322087,2.6317524971483848,7.43731512432598,8.515592515592516
c0_L128_rep006.npz,0.5,128,6116,2.5848426602229666,2.7446308135134263,7.722344904829811,8.982456140350877
c0_L128_rep006.npz,0.5,128,7423,2.6607145825862055,2.8660467489601436,7.826779066782772,9.061946902654867
c0_L128_rep006.npz,0.5,128,9010,2.829994807320105,3.0206142391479727,8.13896924449941,9.592505854800937
c0_L128_rep006.npz,0.5,128,10937,2.923920872562638,3.142759874497391,8.30266441171243,9.746579417013683
c0_L128_rep006.npz,0.5,128,13275,3.0463790720381434,3.256403839992818,8.47127193031782,9.91167574107683
c0_L128_rep006.npz,0.5,128,16113,3.3132723103411497,3.5248089914532788,9.0104959762148,10.879150066401062
c0_L128_rep006.npz,0.5,128,19557,3.505961145194274,3.7414840558577684,9.325689445059531,11.291523087525844
c0_L128_rep006.npz,0.5,128,23739,3.6970925031311506,3.9307329452885074,9.65997360569533,11.804034582132564
c0_L128_rep006.npz,0.5,128,28814,3.8655304689857943,4.062393558117771,9.89395166769254,12.06480117820324
c0_L128_rep006.npz,0.5,128,34974,3.9757269279393173,4.179480542056755,10.062773900645379,12.291072768192048
c0_L128_rep006.npz,0.5,128,42451,4.141558553883412,4.3953229554397595,10.505549401270883,13.096722621902478
c0_L128_rep006.npz,0.5,128,51526,4.432780282655698,4.686928176879883,10.83097567262578,13.518151815181518
c0_L128_rep006.npz,0.5,128,62542,4.672789860189239,4.900999703177623,11.2740698430149,14.197573656845753
c0_L128_rep006.npz,0.5,128,75913,4.967092678100264,5.439510980201301,11.715023546906485,14.827149321266969
c0_L128_rep006.npz,0.5,128,92142,5.268785488813833,5.747937581495314,12.233860806492036,15.633587786259541
c0_L128_rep006.npz,0.5,128,111841,5.514156394453005,5.9112941254426055,12.36699703491603,15.663479923518164
c0_L128_rep006.npz,0.5,128,135751,6.033803482783074,6.349220816288369,13.39192171728347,17.44834930777423
c0_L128_rep006.npz,0.5,128,164773,6.38094191522763,6.660581414710542,13.797123114038639,17.866957470010906
c0_L128_rep006.npz,0.5,128,200000,6.6534238521070925,6.975950768975206,14.292786179327013,18.72457142857143
c0_L128_rep007.npz,0.5,128,1,0.6636623950565714,0.7545897651217794,3.1940627520111677,2.6545690213869086
c0_L128_rep007.npz,0.5,128,2,0.7056117089152278,0.7966118277818114,3.3415997288280614,2.8223944875107665
c0_L128_rep007.npz,0.5,128,3,0.7324773066280904,0.829424570115318,3.4330627250072396,2.9298998569384835
c0_L128_rep007.npz,0.5,128,4,0.7507734912351994,0.8487041698783271,3.4960056582283516,3.002932551319648
c0_L128_rep007.npz,0.5,128,5,0.7729164779663547,0.8703373333688573,3.5683333969104014,3.091320754716981
c0_L128_rep007.npz,0.5,128,6,0.791183604866589,0.8911754725269997,3.6246116198986007,3.164156044804944
c0_L128_rep007.npz,0.5,128,7,0.8042480915571432,0.9075305068702029,3.6723901784202653,3.2169644610249364
c0_L128_rep007.npz,0.5,128,8,0.8182245377464501,0.9208218336823017,3.712249884549807,3.272872552936476
c0_L128_rep007.npz,0.5,128,10,0.8392019248366727,0.9442554209129903,3.7782772270550273,3.3566892030321656
c0_L128_rep007.npz,0.5,128,12,0.8535120746617424,0.963179971387359,3.8244092118703095,3.4140445926234633
c0_L128_rep007.npz,0.5,128,15,0.8752296593918363,0.9903360374155858,3.8900187058381603,3.500854700854701
c0_L128_rep007.npz,0.5,128,18,0.8998305065114071,1.0144300107673998,3.9663619304339623,3.5992970123022845
c0_L128_rep007.npz,0.5,128,22,0.9159434551936915,1.0377911752700615,4.0140754370819,3.663685152057245
c0_L128_rep007.npz,0.5,128,27,0.9407830504018351,1.0636983498063668,4.086793906313451,3.7629765732659624
c0_L128_rep007.npz,0.5,128,33,0.9633687041965018,1.0829900741829543,4.154782558472294,3.8523395250411476
c0_L128_rep007.npz,0.5,128,40,0.9856214745006053,1.113666628235833,4.220581904156877,3.9422521655437923
c0_L128_rep007.npz,0.5,128,48,1.0181287844511404,1.1447434819180904,4.3028813004198,4.051434223541048
c0_L128_rep007.npz,0.5,128,58,1.0557108630173255,1.183416031174072,4.384381907613813,4.1604875571356015
c0_L128_rep007.npz,0.5,128,71,1.0992603266090297,1.216144860497827,4.481542087025502,4.292376211684569
c0_L128_rep007.npz,0.5,128,86,1.1259057800825458,1.2461608502645136,4.543743956806867,4.37256471844142
c0_L128_rep007.npz,0.5,128,105,1.157926388383039,1.2763260049011134,4.609280229147731,4.470395634379264
c0_L128_rep007.npz,0.5,128,127,1.1943035676167189,1.3153874024391667,4.702638980837741,4.584219362059318
c0_L128_rep007.npz,0.5,128,154,1.2450776031012631,1.359924256292436,4.809858399279747,4.751740139211137
c0_L128_rep007.npz,0.5,128,187,1.31336554492164,1.4166194347516647,4.970449263903828,4.989037758830694
c0_L128_rep007.npz,0.5,128,227,1.3340404347723083,1.4471954310241741,5.017485102056047,5.041230769230769
c0_L128_rep007.npz,0.5,128,276,1.3883964544721998,1.5029897750539218,5.156227545047968,5.231162196679438
c0_L128_rep007.npz,0.5,128,334,1.4353573166856255,1.5544307222477403,5.250800052042108,5.371803278688525
c0_L128_rep007.npz,0.5,128,406,1.4793675654031913,1.5980951399385002,5.373012798218376,5.538877620013523
c0_L128_rep007.npz,0.5,128,493,1.5176848557641271,1.6385169775165513,5.441536778655264,5.636050911592707
c0_L128_rep007.npz,0.5,128,598,1.574448589316454,1.7013461525230416,5.606631128754162,5.885057471264368
c0_L128_rep007.npz,0.5,128,726,1.616490473977695,1.7607646619915092,5.649980091910539,5.93193338160753
c0_L128_rep007.npz,0.5,128,881,1.6924186515797994,1.8334019837928235,5.844823523892724,6.2178368121442125
c0_L128_rep007.npz,0.5,128,1069,1.757407070995424,1.9007022597136727,5.989652391292881,6.422579380635045
c0_L128_rep007.npz,0.5,128,1298,1.816289276956105,1.967541182016988,6.081377949168131,6.524890481879729
c0_L128_rep007.npz,0.5,128,1576,1.8966954060929346,2.0569478070769946,6.3077922591738975,6.863845831587767
c0_L128_rep007.npz,0.5,128,1912,1.9794842670580972,2.148854453890931,6.5268037344669505,7.182814555019728
c0_L128_rep007.npz,0.5,128,2321,2.0650695487203663,2.246498959459581,6.678173079162411,7.403524627202892
c0_L128_rep007.npz,0.5,128,2818,2.141552013835673,2.32336018852014,6.797937405884574,7.539806718821906
c0_L128_rep007.npz,0.5,128,3420,2.2310392979696108,2.4023666150958127,7.025826883143272,7.895903614457831
c0_L128_rep007.npz,0.5,128,4151,2.340135631121278,2.531016277792708,7.189100276994416,8.102868447082097
c0_L128_rep007.npz,0.5,128,5039,2.4966731331740473,2.699015837809783,7.522357942397953,8.641350210970463
c0_L128_rep007.npz,0.5,128,6116,2.64401601348504,2.840771039768232,7.828489807823257,9.122494432071269
c0_L128_rep007.npz,0.5,128,7423,2.764078907890789,2.9781313905337345,8.056560467310495,9.410683515221137
c0_L128_rep007.npz,0.5,128,9010,2.887813793103448,3.11524961501454,8.256604836955862,9.631981187536743
c0_L128_rep007.npz,0.5,128,10937,3.060810485810486,3.233354757471462,8.611317847689715,10.252816020025032
c0_L128_rep007.npz,0.5,128,13275,3.2249562421861047,3.4087127719220955,8.874326667510298,10.59082094376212
c0_L128_rep007.npz,0.5,128,16113,3.49219963121118,3.6985394389341795,9.328921752154091,11.27598072952512
c0_L128_rep007.npz,0.5,128,19557,3.611440677966102,3.8362588892333527,9.51620386734914,11.473389355742297
c0_L128_rep007.npz,0.5,128,23739,3.7249135415540904,3.925174710020727,9.79599289260309,12.002930402930403
c0_L128_rep007.npz,0.5,128,28814,3.9649300612737512,4.149415342835174,10.151704237134448,12.430955993930198
c0_L128_rep007.npz,0.5,128,34974,4.21467629376756,4.422703403073615,10.628610035040913,13.191626409017713
c0_L128_rep007.npz,0.5,128,42451,4.4985937499999995,4.68505871310681,11.222329967611527,14.14853195164076
c0_L128_rep007.npz,0.5,128,51526,4.774378528568473,4.970353185994055,11.638586513524556,14.867513611615244
c0_L128_rep007.npz,0.5,128,62542,4.953514739229025,5.163461948069569,11.906271642899608,15.086556169429098
c0_L128_rep007.npz,0.5,128,75913,5.191690369768387,5.392096917039707,12.300557264789946,15.723608445297504
c0_L128_rep007.npz,0.5,128,92142,5.457669714770182,5.690407009918022,12.540190120741132,15.891367604267701
c0_L128_rep007.npz,0.5,128,111841,5.752299484915379,5.968346537558686,13.18479156913768,17.0844629822732
c0_L128_rep007.npz,0.5,128,135751,6.157098489482848,6.364793670269089,13.586220273388815,17.636167922497307
c0_L128_rep007.npz,0.5,128,164773,6.333535860347824,6.6007585407617775,13.918772034473315,17.847494553376908
c0_L128_rep007.npz,0.5,128,200000,6.970097055387473,7.24028229019734,15.088909222265352,19.956151035322776
c0_L32_rep000.npz,0.5,32,1,0.6533333333333333,0.8377671072134387,3.153450849071802,2.6122448979591835
c0_L32_rep000.npz,0.5,32,2,0.6900319674513223,0.816015625,3.281458456096142,2.7601078167115904
c0_L32_rep000.npz,0.5,32,3,0.7335785601681555,0.9142228174835836,3.435062517220622,2.9340974212034383
c0_L32_rep000.npz,0.5,32,4,0.7423345884884347,0.927880859375,3.461568159777896,2.9681159420289855
c0_L32_rep000.npz,0.5,32,5,0.7711123208129196,0.8799986227964745,3.5519628638565,3.0843373493975905
c0_L32_rep000.npz,0.5,32,6,0.7855421686746988,0.9828171502976191,3.6071912553200387,3.1411042944785277
c0_L32_rep000.npz,0.5,32,7,0.8127721335268505,0.9701407701238389,3.7033307372400537,3.250793650793651
c0_L32_rep000.npz,0.5,32,8,0.8178997223583211,0.9875217013888888,3.721212740039935,3.2715654952076676
c0_L32_rep000.npz,0.5,32,10,0.8181001388548559,0.9201177240728022,3.7082400865629124,3.2715654952076676
c0_L32_rep000.npz,0.5,32,12,0.8424334271487335,0.9454031808035714,3.7843714855247828,3.3684210526315788
c0_L32_rep000.npz,0.5,32,15,0.8366013071895425,1.003692626953125,3.7664655933096065,3.34640522875817
c0_L32_rep000.npz,0.5,32,18,0.8678065820922964,1.0553313873626373,3.863753690820024,3.471186440677966
c0_L32_rep000.npz,0.5,32,22,0.9147057322239804,1.041290283203125,4.00456035097671,3.657142857142857
c0_L32_rep000.npz,0.5,32,27,0.9430119176598051,1.0780103278882576,4.091908379255663,3.764705882352941
c0_L32_rep000.npz,0.5,32,33,0.9809725158562368,1.129871624386252,4.203706469869343,3.9233716475095783
c0_L32_rep000.npz,0.5,32,40,1.0484782608695653,1.1440492287660255,4.339384928670147,4.145748987854251
c0_L32_rep000.npz,0.5,32,48,1.0576315789473685,1.1552937825520835,4.376981359146948,4.179591836734694
c0_L32_rep000.npz,0.5,32,58,1.0390653523183644,1.1917772480085784,4.295964702314977,4.079681274900398
c0_L32_rep000.npz,0.5,32,71,1.0843593251253991,1.2240851596320346,4.404089958356111,4.231404958677686
c0_L32_rep000.npz,0.5,32,86,1.1248788759689923,1.2297707680250785,4.497792831217924,4.3760683760683765
c0_L32_rep000.npz,0.5,32,105,1.0809152872444012,1.2154753227173047,4.4176555411105385,4.19672131147541
c0_L32_rep000.npz,0.5,32,127,1.1926315789473685,1.29095703125,4.627256738827667,4.530973451327434
c0_L32_rep000.npz,0.5,32,154,1.271255060728745,1.3563014439174106,4.855664535936782,4.8530805687203795
c0_L32_rep000.npz,0.5,32,187,1.2712089077412514,1.3674016126336899,4.878766792336157,4.876190476190477
c0_L32_rep000.npz,0.5,32,227,1.3373760385955507,1.403348152304702,5.0670482403545,5.171717171717172
c0_L32_rep000.npz,0.5,32,276,1.3232070910556004,1.4171919389204546,4.954995605111629,4.995121951219512
c0_L32_rep000.npz,0.5,32,334,1.412920412920413,1.4862130472585924,5.179072827889835,5.333333333333333
c0_L32_rep000.npz,0.5,32,406,1.48084388185654,1.548042804222753,5.36868984388456,5.626373626373627
c0_L32_rep000.npz,0.5,32,493,1.5232432432432432,1.6100477430555555,5.466435478465839,5.752808988764045
c0_L32_rep000.npz,0.5,32,598,1.4761065413239325,1.6073562661498708,5.362095729656087,5.446808510638298
c0_L32_rep000.npz,0.5,32,726,1.6162426614481413,1.7578998161764705,5.776553982189665,6.095238095238095
c0_L32_rep000.npz,0.5,32,881,1.7638888888888888,1.8810711385528673,6.056674877398693,6.564102564102564
c0_L32_rep000.npz,0.5,32,1069,1.8180071721311473,2.043460422092014,6.18955140928348,6.64935064935065
c0_L32_rep000.npz,0.5,32,1298,1.9363421363815534,2.1965401785714285,6.308926597978518,6.781456953642384
c0_L32_rep000.npz,0.5,32,1576,2.0080980066445178,2.1960261418269234,6.428005777424926,6.918918918918919
c0_L32_rep000.npz,0.5,32,1912,2.358615221987315,2.505562337239583,7.128222779271172,8.126984126984127
c0_L32_rep000.npz,0.5,32,2321,2.487108190091001,2.650117460664336,7.5044750389030925,8.677966101694915
c0_L32_rep000.npz,0.5,32,2818,2.3459429824561395,2.6283513849431817,7.06520059327136,7.816793893129771
c0_L32_rep000.npz,0.5,32,3420,2.590760869565217,2.747105189732143,7.813260220981769,9.309090909090909
c0_L32_rep000.npz,0.5,32,4151,2.53234649122807,2.7375023251488093,7.613957597512002,8.904347826086957
c0_L32_rep000.npz,0.5,32,5039,2.6416666666666666,2.866610440340909,7.79456880648853,9.225225225225225
c0_L32_rep000.npz,0.5,32,6116,2.822368421052632,2.9833333333333334,7.995226377291696,9.394495412844037
c0_L32_rep000.npz,0.5,32,7423,2.9864864864864864,3.0974517561431623,8.494648331342052,10.343434343434344
c0_L32_rep000.npz,0.5,32,9010,3.045454545454545,3.213107638888889,8.450220969409106,10.03921568627451
c0_L32_rep000.npz,0.5,32,10937,2.9625,3.143420233242754,8.600747002394396,10.448979591836734
c0_L32_rep000.npz,0.5,32,13275,2.9443269908386185,3.1254460058171,8.218564072836546,9.570093457943925
c0_L32_rep000.npz,0.5,32,16113,3.1799999999999997,3.4930607722355766,8.317786288284823,9.570093457943925
c0_L32_rep000.npz,0.5,32,19557,3.1296296296296298,3.4105734810371517,8.590221481492144,9.941747572815533
c0_L32_rep000.npz,0.5,32,23739,3.354395604395604,3.6462239583333336,8.546709610166188,9.752380952380953
c0_L32_rep000.npz,0.5,32,28814,3.815340909090909,3.924963107638889,10.513135715731204,13.653333333333334
c0_L32_rep000.npz,0.5,32,34974,4.12202380952381,4.297688802083334,9.785098194478078,11.636363636363637
c0_L32_rep000.npz,0.5,32,42451,4.389285714285714,4.589311079545455,11.239800001444353,14.222222222222221
c0_L32_rep000.npz,0.5,32,51526,4.365384615384617,4.647357647235577,10.985771075109492,13.837837837837839
c0_L32_rep000.npz,0.5,32,62542,4.358766233766234,nan,10.830719406794122,13.473684210526315
c0_L32_rep000.npz,0.5,32,75913,5.038177339901479,nan,11.055752123823275,13.473684210526315
c0_L32_rep000.npz,0.5,32,92142,7.651612903225804,nan,12.494988864494292,16.0
c0_L32_rep000.npz,0.5,32,111841,nan,nan,11.9666952781779,15.058823529411764
c0_L32_rep000.npz,0.5,32,135751,nan,nan,14.344925151552413,20.07843137254902
c0_L32_rep000.npz,0.5,32,164773,nan,nan,13.49623922428154,18.285714285714285
c0_L32_rep000.npz,0.5,32,200000,nan,nan,12.704373614155024,16.0
c0_L32_rep001.npz,0.5,32,1,0.6478030825856913,0.7530048076923077,3.1190159300564404,2.585858585858586
c0_L32_rep001.npz,0.5,32,2,0.6938127974616606,0.7970377604166667,3.2836101423267063,2.7750677506775068
c0_L32_rep001.npz,0.5,32,3,0.7175428679103071,0.8213541666666666,3.36851097218899,2.8683473389355743
c0_L32_rep001.npz,0.5,32,4,0.7507912481078849,0.8422286184210527,3.4870974244813207,3.002932551319648
c0_L32_rep001.npz,0.5,32,5,0.7597041211694259,0.8525904605263157,3.517539495756316,3.0385756676557865
c0_L32_rep001.npz,0.5,32,6,0.7711123208129196,0.8759073247354497,3.5508562327597666,3.0843373493975905
c0_L32_rep001.npz,0.5,32,7,0.797577451665502,0.8912744140625,3.638248320144862,3.190031152647975
c0_L32_rep001.npz,0.5,32,8,0.8235683548493876,0.9252460186298077,3.7212446874383236,3.292604501607717
c0_L32_rep001.npz,0.5,32,10,0.836637047163363,0.9553985436259143,3.7762013630714417,3.34640522875817
c0_L32_rep001.npz,0.5,32,12,0.8444444444444444,0.9625346366995073,3.803573394238662,3.3684210526315788
c0_L32_rep001.npz,0.5,32,15,0.859408795962509,0.9516225961538461,3.8426622370234145,3.436241610738255
c0_L32_rep001.npz,0.5,32,18,0.8797354747283892,0.9859451593137256,3.9002339539287116,3.5189003436426116
c0_L32_rep001.npz,0.5,32,22,0.8991422656018929,1.0050583237327189,3.9718958044856105,3.592982456140351
c0_L32_rep001.npz,0.5,32,27,0.9085325950163604,1.0340555726600986,3.9936495280591653,3.631205673758865
c0_L32_rep001.npz,0.5,32,33,0.9361020658730582,1.0740861670466058,4.069986406664116,3.7372262773722627
c0_L32_rep001.npz,0.5,32,40,1.040339134315038,1.141311258832846,4.2953453091049445,4.063492063492063
c0_L32_rep001.npz,0.5,32,48,1.0304878048780488,1.1570457175925926,4.317532417982286,4.079681274900398
c0_L32_rep001.npz,0.5,32,58,1.0447996183206107,1.1655939275568183,4.338714126963639,4.096
c0_L32_rep001.npz,0.5,32,71,1.0604713002017236,1.2032367845786962,4.368840197591566,4.129032258064516
c0_L32_rep001.npz,0.5,32,86,1.096978021978022,1.2358303317775974,4.45200926496682,4.266666666666667
c0_L32_rep001.npz,0.5,32,105,1.1245426829268292,1.2751844299853372,4.519529663503112,4.338983050847458
c0_L32_rep001.npz,0.5,32,127,1.2463477698771817,1.3363095238095237,4.837376697461515,4.807511737089202
c0_L32_rep001.npz,0.5,32,154,1.236344537815126,1.3463032155797103,4.821506855211898,4.7407407407407405
c0_L32_rep001.npz,0.5,32,187,1.3024691358024691,1.415397703185562,4.949996982820047,4.946859903381642
c0_L32_rep001.npz,0.5,32,227,1.3472581108240023,1.462034542624521,5.092662444364051,5.171717171717172
c0_L32_rep001.npz,0.5,32,276,1.348684210526316,1.4706107786643026,5.003163693823661,5.044334975369458
c0_L32_rep001.npz,0.5,32,334,1.3731060606060606,1.5608062744140625,5.019061367206227,5.044334975369458
c0_L32_rep001.npz,0.5,32,406,1.3938670908448216,1.5373641304347827,5.112625597742404,5.171717171717172
c0_L32_rep001.npz,0.5,32,493,1.479910714285714,1.652893950973732,5.298951075424292,5.417989417989418
c0_L32_rep001.npz,0.5,32,598,1.520757020757021,1.7457052139037432,5.376490620867241,5.535135135135135
c0_L32_rep001.npz,0.5,32,726,1.5747303543913713,1.7504057042738972,5.4982564656744035,5.688888888888889
c0_L32_rep001.npz,0.5,32,881,1.7112601106853984,1.8852742513020835,5.910043703447329,6.3602484472049685
c0_L32_rep001.npz,0.5,32,1069,1.6810344827586206,1.956208728608631,5.749705799296004,6.023529411764706
c0_L32_rep001.npz,0.5,32,1298,1.8185019206145967,2.077756395526961,6.099879210538138,6.606451612903226
c0_L32_rep001.npz,0.5,32,1576,1.9090205187766163,2.170127467105263,6.286651847157509,6.781456953642384
c0_L32_rep001.npz,0.5,32,1912,2.223232740801985,2.3951983754027926,6.936801029589857,7.876923076923077
c0_L32_rep001.npz,0.5,32,2321,2.311722488038278,2.474645465353261,7.0947210848571665,8.062992125984252
c0_L32_rep001.npz,0.5,32,2818,2.4230576441102762,2.550432140700483,7.075089798654669,8.0
c0_L32_rep001.npz,0.5,32,3420,2.3362745098039217,2.550749684343434,7.129797646228632,8.062992125984252
c0_L32_rep001.npz,0.5,32,4151,2.2089093701996934,2.386916434716599,6.871733534451573,7.6992481203007515
c0_L32_rep001.npz,0.5,32,5039,2.4547803617571065,2.634597614247312,7.651526239900084,8.904347826086957
c0_L32_rep001.npz,0.5,32,6116,2.647946084724005,2.8175735294117645,7.6037210792396435,8.677966101694915
c0_L32_rep001.npz,0.5,32,7423,2.90179211469534,3.200317760739164,8.33294254828554,10.03921568627451
c0_L32_rep001.npz,0.5,32,9010,3.0433039294306328,3.2236298798798795,8.186774614265065,9.481481481481481
c0_L32_rep001.npz,0.5,32,10937,2.939855072463768,3.1118011870941555,8.259422461358115,9.660377358490566
c0_L32_rep001.npz,0.5,32,13275,3.3521959459459443,3.3718135127314808,8.657395820064528,10.24
c0_L32_rep001.npz,0.5,32,16113,3.499122807017544,3.5158880471380476,9.061254882919446,10.666666666666666
c0_L32_rep001.npz,0.5,32,19557,3.516544117647059,3.6106395232371797,9.53520872631427,11.770114942528735
c0_L32_rep001.npz,0.5,32,23739,3.65546218487395,3.785888671875,9.608854449321903,11.770114942528735
c0_L32_rep001.npz,0.5,32,28814,4.038709677419354,4.178455421146953,9.686597914798826,11.636363636363637
c0_L32_rep001.npz,0.5,32,34974,4.361904761904762,4.641741071428571,10.633700026723456,12.962025316455696
c0_L32_rep001.npz,0.5,32,42451,4.888794567062817,nan,11.374773320106524,14.422535211267606
c0_L32_rep001.npz,0.5,32,51526,6.435483870967742,nan,12.028796738653767,15.283582089552239
c0_L32_rep001.npz,0.5,32,62542,nan,nan,14.22483821205487,20.07843137254902
c0_L32_rep001.npz,0.5,32,75913,nan,nan,12.005667842428855,14.840579710144928
c0_L32_rep001.npz,0.5,32,92142,nan,nan,12.342056785583768,15.515151515151516
c0_L32_rep001.npz,0.5,32,111841,nan,nan,12.665832372314869,16.0
c0_L32_rep001.npz,0.5,32,135751,nan,nan,13.305902001684988,17.655172413793103
c0_L32_rep001.npz,0.5,32,164773,nan,nan,12.500830980888443,15.753846153846155
c0_L32_rep001.npz,0.5,32,200000,nan,nan,12.660397954532572,16.0
c0_L32_rep002.npz,0.5,32,1,0.6673183447376996,0.7569210737179487,3.2162177150210365,2.6666666666666665
c0_L32_rep002.npz,0.5,32,2,0.6997878887461536,0.7856995488556338,3.335637449552696,2.797814207650273
c0_L32_rep002.npz,0.5,32,3,0.735850926751908,0.8237482821089455,3.449292888530989,2.942528735632184
c0_L32_rep002.npz,0.5,32,4,0.7471240895786536,0.8610298295454546,3.4707279190549505,2.9854227405247813
c0_L32_rep002.npz,0.5,32,5,0.7686996547756042,0.8758138020833333,3.5430128911258234,3.065868263473054
c0_L32_rep002.npz,0.5,32,6,0.7903945111492281,0.8885937114006917,3.637974510708038,3.1604938271604937
c0_L32_rep002.npz,0.5,32,7,0.797577451665502,0.9184294201078869,3.6479868159078896,3.190031152647975
c0_L32_rep002.npz,0.5,32,8,0.8343099787685775,0.9609592358903021,3.756466400227414,3.3355048859934855
c0_L32_rep002.npz,0.5,32,10,0.8682855040470934,0.9712099334455324,3.904064596526859,3.471186440677966
c0_L32_rep002.npz,0.5,32,12,0.9110435663627152,1.0242370551503095,4.0134372513951275,3.6441281138790034
c0_L32_rep002.npz,0.5,32,15,0.9065065065065065,1.0306755514705883,3.9973226481982898,3.618374558303887
c0_L32_rep002.npz,0.5,32,18,0.956555685684011,1.0826343201754387,4.137103874286843,3.8208955223880596
c0_L32_rep002.npz,0.5,32,22,0.9447652249700402,1.0732965986858043,4.111551760067658,3.7785977859778597
c0_L32_rep002.npz,0.5,32,27,1.0108747044917257,1.1389892578125,4.290047256862667,4.031496062992126
c0_L32_rep002.npz,0.5,32,33,1.0018939393939394,1.1394786005434783,4.271323792110369,3.9844357976653697
c0_L32_rep002.npz,0.5,32,40,1.0646645021645023,1.194242086038961,4.392428050898208,4.179591836734694
c0_L32_rep002.npz,0.5,32,48,1.1112012987012987,1.2342006138392856,4.528356763005284,4.320675105485232
c0_L32_rep002.npz,0.5,32,58,1.1656162464985993,1.2848586309523808,4.6229843971981746,4.491228070175438
c0_L32_rep002.npz,0.5,32,71,1.1896551724137931,1.2968587239583333,4.693639450870173,4.591928251121076
c0_L32_rep002.npz,0.5,32,86,1.2486590038314176,1.3300432477678572,4.833928876287587,4.830188679245283
c0_L32_rep002.npz,0.5,32,105,1.2247899159663866,1.3242412860576924,4.764993752084596,4.697247706422019
c0_L32_rep002.npz,0.5,32,127,1.2382014874915483,1.3540790264423077,4.806101225776101,4.7627906976744185
c0_L32_rep002.npz,0.5,32,154,1.251881963264077,1.3775534361471862,4.824862417069551,4.7627906976744185
c0_L32_rep002.npz,0.5,32,187,1.360189193522527,1.4872453820850202,5.113472644386329,5.1457286432160805
c0_L32_rep002.npz,0.5,32,227,1.40291415901172,1.541513523910985,5.212576561878809,5.333333333333333
c0_L32_rep002.npz,0.5,32,276,1.490023474178404,1.621510776689708,5.423838630270609,5.657458563535911
c0_L32_rep002.npz,0.5,32,334,1.5108147080028838,1.616830941133721,5.470911772261398,5.688888888888889
c0_L32_rep002.npz,0.5,32,406,1.5052860696517412,1.6535815939278937,5.360772676261276,5.505376344086022
c0_L32_rep002.npz,0.5,32,493,1.5765965656955432,1.697812547870711,5.633134312732441,5.91907514450867
c0_L32_rep002.npz,0.5,32,598,1.6618012422360249,1.7637473580917873,5.7948243003888695,6.2439024390243905
c0_L32_rep002.npz,0.5,32,726,1.7168472652218782,1.863262754498106,5.819810377915488,6.131736526946108
c0_L32_rep002.npz,0.5,32,881,1.7714285714285714,1.9085069444444445,6.025795028439631,6.522292993630574
c0_L32_rep002.npz,0.5,32,1069,1.7872635561160153,1.9426618303571428,6.084383999548174,6.522292993630574
c0_L32_rep002.npz,0.5,32,1298,2.0180946489328795,2.102337549603175,6.61685746333474,7.474452554744525
c0_L32_rep002.npz,0.5,32,1576,1.975231646471846,2.17259765625,6.448028439276873,7.062068965517241
c0_L32_rep002.npz,0.5,32,1912,2.171926229508197,2.346391214434143,6.736014043450238,7.420289855072464
c0_L32_rep002.npz,0.5,32,2321,2.240805265195509,2.3934513972355766,7.001485856846168,8.062992125984252
c0_L32_rep002.npz,0.5,32,2818,2.305043859649123,2.66376953125,7.057807082565513,8.062992125984252
c0_L32_rep002.npz,0.5,32,3420,2.4901021711366544,2.864227764423077,7.083860420723765,8.0
c0_L32_rep002.npz,0.5,32,4151,2.41984126984127,nan,6.970851539457198,7.641791044776119
c0_L32_rep002.npz,0.5,32,5039,3.104901960784314,nan,7.8111449617132,9.394495412844037
c0_L32_rep002.npz,0.5,32,6116,3.1347926267281103,3.5513720703125,7.61714383667276,8.752136752136753
c0_L32_rep002.npz,0.5,32,7423,3.081367924528302,nan,7.936375366909994,9.394495412844037
c0_L32_rep002.npz,0.5,32,9010,2.9923076923076923,3.291095344387755,8.169978623243807,9.846153846153847
c0_L32_rep002.npz,0.5,32,10937,2.7990580847723705,3.1387276785714286,7.843614500033875,9.142857142857142
c0_L32_rep002.npz,0.5,32,13275,2.981168831168831,3.1047847554719565,8.393170731465595,10.138613861386139
c0_L32_rep002.npz,0.5,32,16113,3.1114695340501797,3.3187246653469087,8.748053917310958,10.778947368421052
c0_L32_rep002.npz,0.5,32,19557,3.029861111111112,3.1725367247828187,8.626713219802065,10.448979591836734
c0_L32_rep002.npz,0.5,32,23739,3.047671840354767,3.365815193422379,8.204988896495463,9.394495412844037
c0_L32_rep002.npz,0.5,32,28814,3.8553030303030305,4.173160282258065,9.782054755177827,12.047058823529412
c0_L32_rep002.npz,0.5,32,34974,4.461111111111109,nan,10.552052749270407,12.8
c0_L32_rep002.npz,0.5,32,42451,4.415458937198067,nan,11.072026308282126,13.653333333333334
c0_L32_rep002.npz,0.5,32,51526,4.586956521739131,nan,11.235397953710137,14.222222222222221
c0_L32_rep002.npz,0.5,32,62542,4.239130434782608,nan,10.400422589187857,12.641975308641975
c0_L32_rep002.npz,0.5,32,75913,4.8549999999999995,nan,12.005139725649547,15.753846153846155
c0_L32_rep002.npz,0.5,32,92142,4.1104347826086975,nan,9.344791302301044,10.448979591836734
c0_L32_rep002.npz,0.5,32,111841,4.618589743589744,nan,12.030800987841038,16.0
c0_L32_rep002.npz,0.5,32,135751,4.468518518518518,nan,10.231639484057037,12.047058823529412
c0_L32_rep002.npz,0.5,32,164773,4.571666666666665,nan,11.643418194596785,14.840579710144928
c0_L32_rep002.npz,0.5,32,200000,4.5713043478260875,nan,11.305446330655688,14.027397260273972
c0_L32_rep003.npz,0.5,32,1,0.6671190857515132,0.7921519886363637,3.2161853942241705,2.6666666666666665
c0_L32_rep003.npz,0.5,32,2,0.7131417220187473,0.8550630727208647,3.3415322684535815,2.852367688022284
c0_L32_rep003.npz,0.5,32,3,0.7444125105663567,0.8792613636363636,3.4636355875508102,2.9767441860465116
c0_L32_rep003.npz,0.5,32,4,0.7760141093474426,0.8894667119565217,3.578263533801006,3.103030303030303
c0_L32_rep003.npz,0.5,32,5,0.7829405162738496,0.9030230978260869,3.6019644353125195,3.1314984709480123
c0_L32_rep003.npz,0.5,32,6,0.8025788190895511,0.9187777102402745,3.666946141785998,3.2100313479623823
c0_L32_rep003.npz,0.5,32,7,0.8205465379083625,0.9335184813488142,3.726388633825667,3.282051282051282
c0_L32_rep003.npz,0.5,32,8,0.8285570638511814,0.9428998161764706,3.7439267124923146,3.313915857605178
c0_L32_rep003.npz,0.5,32,10,0.8395698924731183,0.9539627878289474,3.7644839645071735,3.357377049180328
c0_L32_rep003.npz,0.5,32,12,0.8650228310502284,0.9962411385995371,3.856094255299847,3.4594594594594597
c0_L32_rep003.npz,0.5,32,15,0.9150326797385621,1.0221460459183673,4.006648979764908,3.657142857142857
c0_L32_rep003.npz,0.5,32,18,0.9430119176598051,1.048125,4.075363423182332,3.764705882352941
c0_L32_rep003.npz,0.5,32,22,0.9014084507042254,1.0228366325971177,3.9527026914935375,3.6056338028169015
c0_L32_rep003.npz,0.5,32,27,0.9667122663018696,1.0873932699985482,4.161664951486102,3.8641509433962264
c0_L32_rep003.npz,0.5,32,33,0.9660514923672818,1.086691586663207,4.154520217964781,3.8641509433962264
c0_L32_rep003.npz,0.5,32,40,1.0204081632653061,1.1111288931856187,4.287727208731282,4.063492063492063
c0_L32_rep003.npz,0.5,32,48,0.9884317233154443,1.1129795372063387,4.223179343905608,3.9536679536679538
c0_L32_rep003.npz,0.5,32,58,1.0384615384615383,1.155092775198341,4.331439325188154,4.112449799196787
c0_L32_rep003.npz,0.5,32,71,1.0342244066171182,1.1510507868624282,4.3244377348500205,4.096
c0_L32_rep003.npz,0.5,32,86,1.05,1.1693474264705883,4.386627831173284,4.145748987854251
c0_L32_rep003.npz,0.5,32,105,1.1041244083840431,1.2116760766806722,4.472111789777953,4.320675105485232
c0_L32_rep003.npz,0.5,32,127,1.096004151530877,1.2393745086477987,4.450356808018255,4.266666666666667
c0_L32_rep003.npz,0.5,32,154,1.13768115942029,1.2704620871655519,4.525230945078,4.394849785407725
c0_L32_rep003.npz,0.5,32,187,1.150261324041812,1.2825358072916666,4.582061002424101,4.432900432900433
c0_L32_rep003.npz,0.5,32,227,1.2093256814921092,1.3321940104166665,4.730215759123208,4.633484162895928
c0_L32_rep003.npz,0.5,32,276,1.3278217568947908,1.3923038224796036,5.073262666045214,5.171717171717172
c0_L32_rep003.npz,0.5,32,334,1.341688874083944,1.4591459116541352,5.002634785809522,5.044334975369458
c0_L32_rep003.npz,0.5,32,406,1.4441558441558442,1.5761541996606336,5.240384908762018,5.361256544502618
c0_L32_rep003.npz,0.5,32,493,1.4769444444444444,1.6030505952380953,5.350214024259659,5.505376344086022
c0_L32_rep003.npz,0.5,32,598,1.4642857142857144,1.6042947438623234,5.278977995579245,5.361256544502618
c0_L32_rep003.npz,0.5,32,726,1.629828797190518,1.7467253449675324,5.689704581166884,5.988304093567251
c0_L32_rep003.npz,0.5,32,881,1.6175643521522822,1.7574040421195654,5.674745956851133,5.953488372093023
c0_L32_rep003.npz,0.5,32,1069,1.717424242424243,1.865801411290323,5.825511084219258,6.168674698795181
c0_L32_rep003.npz,0.5,32,1298,1.7078431372549017,1.8501497821350763,5.853128143515666,6.168674698795181
c0_L32_rep003.npz,0.5,32,1576,1.8609742747673783,2.010176652827079,6.184273494609713,6.7368421052631575
c0_L32_rep003.npz,0.5,32,1912,1.9695524578136465,2.0874565972222223,6.238035484794343,6.781456953642384
c0_L32_rep003.npz,0.5,32,2321,1.912166558230319,2.1373046875,6.211777266110502,6.606451612903226
c0_L32_rep003.npz,0.5,32,2818,2.3342031312725813,2.3771306818181817,7.339314035247541,8.677966101694915
c0_L32_rep003.npz,0.5,32,3420,2.261224489795919,2.4091075550426133,7.121044989659757,8.062992125984252
c0_L32_rep003.npz,0.5,32,4151,2.3816526610644257,2.5277285762483133,7.296550346564108,8.325203252032521
c0_L32_rep003.npz,0.5,32,5039,2.5729813664596275,2.6843738644622093,7.7968387492936735,9.309090909090909
c0_L32_rep003.npz,0.5,32,6116,2.55024154589372,2.6603144892939814,7.82196237335484,9.309090909090909
c0_L32_rep003.npz,0.5,32,7423,2.5146179401993356,2.7337318657219973,7.322277870802846,8.126984126984127
c0_L32_rep003.npz,0.5,32,9010,2.725972540045767,2.875091552734375,7.914330419913943,9.481481481481481
c0_L32_rep003.npz,0.5,32,10937,2.667293233082707,2.8843865645559212,7.7880471133828335,8.904347826086957
c0_L32_rep003.npz,0.5,32,13275,3.0931263858093128,3.2124871148003473,8.690950398953307,10.666666666666666
c0_L32_rep003.npz,0.5,32,16113,3.0128205128205128,3.3080071783685066,8.49504026560366,9.846153846153847
c0_L32_rep003.npz,0.5,32,19557,3.1776061776061786,3.4625257554945055,8.373371531464713,9.570093457943925
c0_L32_rep003.npz,0.5,32,23739,3.2742946708463947,3.4758277529761905,8.871503498824703,10.343434343434344
c0_L32_rep003.npz,0.5,32,28814,3.996296296296295,4.092129472373188,10.695197775854455,13.837837837837839
c0_L32_rep003.npz,0.5,32,34974,3.920114942528734,3.98959263392857,10.326607003500845,12.962025316455696
c0_L32_rep003.npz,0.5,32,42451,4.255208333333334,4.414095052083333,10.958364277710363,14.027397260273972
c0_L32_rep003.npz,0.5,32,51526,4.619318181818182,4.66060777889785,10.892477656960255,13.653333333333334
c0_L32_rep003.npz,0.5,32,62542,6.214640198511166,nan,12.682675974309392,17.35593220338983
c0_L32_rep003.npz,0.5,32,75913,6.348275862068967,nan,12.500664645623567,16.516129032258064
c0_L32_rep003.npz,0.5,32,92142,nan,nan,13.401302468562672,17.964912280701753
c0_L32_rep003.npz,0.5,32,111841,nan,nan,12.539183121767412,16.0
c0_L32_rep003.npz,0.5,32,135751,nan,nan,13.46272253743229,17.964912280701753
c0_L32_rep003.npz,0.5,32,164773,nan,nan,14.542163526103213,20.48
c0_L32_rep003.npz,0.5,32,200000,nan,nan,13.761487526325498,18.962962962962962
c0_L32_rep004.npz,0.5,32,1,0.6615031248330752,0.7661345108695652,3.1944220277435673,2.645994832041344
c0_L32_rep004.npz,0.5,32,2,0.7053679863978626,0.8356838474025974,3.3510811255017257,2.8209366391184574
c0_L32_rep004.npz,0.5,32,3,0.7468698965704954,0.9415838068181819,3.473296191692454,2.9854227405247813
c0_L32_rep004.npz,0.5,32,4,0.7621477937267411,0.9141845703125,3.535638671153235,3.0476190476190474
c0_L32_rep004.npz,0.5,32,5,0.7880578919451391,0.9262016369047619,3.6096605804082356,3.1507692307692308
c0_L32_rep004.npz,0.5,32,6,0.7834681042228212,0.878473330566905,3.6304358887185755,3.1314984709480123
c0_L32_rep004.npz,0.5,32,7,0.7981351981351981,0.9011610243055556,3.658687153466997,3.190031152647975
c0_L32_rep004.npz,0.5,32,8,0.816479096412465,0.9136334043560606,3.7130102487547014,3.261146496815287
c0_L32_rep004.npz,0.5,32,10,0.8448936911815963,0.9445133435908319,3.812143448422386,3.3795379537953796
c0_L32_rep004.npz,0.5,32,12,0.8649043510021458,0.9792986751152074,3.8899522773016604,3.4594594594594597
c0_L32_rep004.npz,0.5,32,15,0.8673992673992674,1.0033951297883064,3.8482965556092683,3.4594594594594597
c0_L32_rep004.npz,0.5,32,18,0.941634662195056,1.03564453125,4.095736784154146,3.764705882352941
c0_L32_rep004.npz,0.5,32,22,0.9483562921903298,1.0757949561403508,4.122099693827338,3.7925925925925927
c0_L32_rep004.npz,0.5,32,27,0.9552770815928711,1.0994001116071428,4.144845744099055,3.8208955223880596
c0_L32_rep004.npz,0.5,32,33,0.9737359713062594,1.1185564313616072,4.193263102883767,3.893536121673004
c0_L32_rep004.npz,0.5,32,40,1.0139182522903454,1.1445222077546298,4.289029338448652,4.015686274509804
c0_L32_rep004.npz,0.5,32,48,0.9961240310077519,1.1389782475490196,4.2677968943850315,3.9844357976653697
c0_L32_rep004.npz,0.5,32,58,1.0337248957938614,1.1620710784313726,4.328859090929546,4.096
c0_L32_rep004.npz,0.5,32,71,1.0914322250639388,1.1989404021009886,4.488410957813913,4.266666666666667
c0_L32_rep004.npz,0.5,32,86,1.0855555555555554,1.2339716372282608,4.447531333801543,4.231404958677686
c0_L32_rep004.npz,0.5,32,105,1.2113821138211383,1.3031133742559522,4.758431815545722,4.654545454545454
c0_L32_rep004.npz,0.5,32,127,1.2024598615407278,1.3214630477729885,4.694636854123596,4.591928251121076
c0_L32_rep004.npz,0.5,32,154,1.2621597501115573,1.3842153897849463,4.856755015252298,4.807511737089202
c0_L32_rep004.npz,0.5,32,187,1.3301481789225869,1.4215887661637931,5.0386690452248395,5.12
c0_L32_rep004.npz,0.5,32,227,1.353333333333333,1.4874596974206349,5.001337935441636,5.044334975369458
c0_L32_rep004.npz,0.5,32,276,1.3770833333333332,1.4950206425586772,5.120235613136277,5.1457286432160805
c0_L32_rep004.npz,0.5,32,334,1.4156782802075611,1.567391690340909,5.176313384441717,5.251282051282051
c0_L32_rep004.npz,0.5,32,406,1.576118475559238,1.6885856055459485,5.549398781615986,5.818181818181818
c0_L32_rep004.npz,0.5,32,493,1.6077699736611062,1.757795516304348,5.626689283740932,5.885057471264368
c0_L32_rep004.npz,0.5,32,598,1.668910521955261,1.7877523291925466,5.86474235024072,6.282208588957055
c0_L32_rep004.npz,0.5,32,726,1.7254588134869824,1.8591387348790323,6.01564013475213,6.522292993630574
c0_L32_rep004.npz,0.5,32,881,1.7805642633228842,1.9326450892857143,5.948770081785392,6.4
c0_L32_rep004.npz,0.5,32,1069,1.769595286885246,1.9335239955357144,5.962373934975335,6.4
c0_L32_rep004.npz,0.5,32,1298,1.7953580901856765,1.972256903642773,6.071337737506849,6.440251572327044
c0_L32_rep004.npz,0.5,32,1576,1.9322033898305087,2.158854166666667,6.40570140191701,7.013698630136986
c0_L32_rep004.npz,0.5,32,1912,1.8995762711864406,2.0916686776061777,6.361137317918612,6.87248322147651
c0_L32_rep004.npz,0.5,32,2321,1.9833333333333334,2.2031915838068183,6.613407136922098,7.314285714285714
c0_L32_rep004.npz,0.5,32,2818,2.1752901353965184,2.354181276297335,6.884191713438664,7.816793893129771
c0_L32_rep004.npz,0.5,32,3420,2.31810115350488,2.428498938637955,7.2254900597683775,8.39344262295082
c0_L32_rep004.npz,0.5,32,4151,2.347011144883485,2.518731398809524,7.062094862729944,7.937984496124031
c0_L32_rep004.npz,0.5,32,5039,2.302325581395349,2.5944380326704546,6.990589797206365,7.6992481203007515
c0_L32_rep004.npz,0.5,32,6116,2.60077519379845,2.7279102384291725,7.636195490694223,8.904347826086957
c0_L32_rep004.npz,0.5,32,7423,2.7294981640146876,2.885793585526316,7.994494635718573,9.481481481481481
c0_L32_rep004.npz,0.5,32,9010,2.8153794037940374,3.0103551552048486,8.116869072676193,9.309090909090909
c0_L32_rep004.npz,0.5,32,10937,2.8014354066985643,2.9869068287037037,8.065372420380337,9.481481481481481
c0_L32_rep004.npz,0.5,32,13275,3.0730519480519476,3.2144489397321427,8.691888333679813,10.24
c0_L32_rep004.npz,0.5,32,16113,3.45995995995996,3.735948226544622,9.560709263777136,11.770114942528735
c0_L32_rep004.npz,0.5,32,19557,3.583333333333333,3.6939205813717533,9.495644652344588,11.377777777777778
c0_L32_rep004.npz,0.5,32,23739,3.870967741935485,3.9411182892628203,10.38468759484499,13.128205128205128
c0_L32_rep004.npz,0.5,32,28814,4.150625,4.244555243130388,10.211369170022627,12.487804878048781
c0_L32_rep004.npz,0.5,32,34974,4.097435897435898,4.177361556267806,10.284316387641692,12.641975308641975
c0_L32_rep004.npz,0.5,32,42451,4.133333333333335,4.153009588068183,10.679977306563622,13.653333333333334
c0_L32_rep004.npz,0.5,32,51526,4.659375000000001,nan,11.122311947284318,14.027397260273972
c0_L32_rep004.npz,0.5,32,62542,5.157169117647059,nan,11.67221621509902,15.515151515151516
c0_L32_rep004.npz,0.5,32,75913,4.983870967741935,nan,11.107126265574,13.837837837837839
c0_L32_rep004.npz,0.5,32,92142,nan,nan,12.843561359381166,16.78688524590164
c0_L32_rep004.npz,0.5,32,111841,8.169354838709685,nan,12.270499389818559,15.753846153846155
c0_L32_rep004.npz,0.5,32,135751,nan,nan,12.773105854304742,16.0
c0_L32_rep004.npz,0.5,32,164773,nan,nan,12.206837050952931,14.840579710144928
c0_L32_rep004.npz,0.5,32,200000,nan,nan,14.568317051848643,20.48
c0_L32_rep005.npz,0.5,32,1,0.6654783125371361,0.7644339685501066,3.2211649038398718,2.6597402597402597
c0_L32_rep005.npz,0.5,32,2,0.6938127974616606,0.796620705244123,3.309130351193014,2.7750677506775068
c0_L32_rep005.npz,0.5,32,3,0.7303465765004227,0.8309226489290495,3.4182241320480284,2.9173789173789175
c0_L32_rep005.npz,0.5,32,4,0.7384942803937218,0.8610399199695122,3.452388377286276,2.951008645533141
c0_L32_rep005.npz,0.5,32,5,0.7674577244821024,0.898695054945055,3.5489354303443874,3.065868263473054
c0_L32_rep005.npz,0.5,32,6,0.7689421272910955,0.8896595348011364,3.5498872066905367,3.075075075075075
c0_L32_rep005.npz,0.5,32,7,0.7711962833914053,0.8800889756944446,3.5810623736765685,3.0843373493975905
c0_L32_rep005.npz,0.5,32,8,0.8028944470662263,0.909796204229798,3.6743244854867583,3.2100313479623823
c0_L32_rep005.npz,0.5,32,10,0.8183006535947712,0.9147032485177866,3.723336927442361,3.2715654952076676
c0_L32_rep005.npz,0.5,32,12,0.8185681595292579,0.9070357399425287,3.7370602936881903,3.2715654952076676
c0_L32_rep005.npz,0.5,32,15,0.846442601484068,0.9559513700181159,3.807641121360716,3.3795379537953796
c0_L32_rep005.npz,0.5,32,18,0.8678065820922964,0.9991705478766025,3.873914177846654,3.471186440677966
c0_L32_rep005.npz,0.5,32,22,0.8972549019607843,1.0177873883928572,3.949005476253391,3.5804195804195804
c0_L32_rep005.npz,0.5,32,27,0.9489812729968696,1.0797521588577292,4.1025615013932795,3.7925925925925927
c0_L32_rep005.npz,0.5,32,33,0.9765606869343235,1.0905924479166667,4.18160779643797,3.878787878787879
c0_L32_rep005.npz,0.5,32,40,1.0208712151158195,1.1298513986013985,4.270898829118151,4.0
c0_L32_rep005.npz,0.5,32,48,1.031196581196581,1.1467237410365059,4.320471916952497,4.079681274900398
c0_L32_rep005.npz,0.5,32,58,1.034846547314578,1.15835976660401,4.35342197834502,4.096
c0_L32_rep005.npz,0.5,32,71,1.0229885057471264,1.15947265625,4.337721628236961,4.063492063492063
c0_L32_rep005.npz,0.5,32,86,1.0921545041432772,1.2105678325260805,4.4767604072362746,4.266666666666667
c0_L32_rep005.npz,0.5,32,105,1.1222943722943721,1.2358672400094974,4.564392957383735,4.357446808510638
c0_L32_rep005.npz,0.5,32,127,1.2340647857889238,1.3291437922297296,4.841409086433947,4.7627906976744185
c0_L32_rep005.npz,0.5,32,154,1.2492784992784993,1.425186968722755,4.814692069250846,4.675799086757991
c0_L32_rep005.npz,0.5,32,187,1.3736793327154773,1.5166710069444445,5.073068144153649,5.069306930693069
c0_L32_rep005.npz,0.5,32,227,1.46193741209564,1.5842112352540836,5.343106527653122,5.475935828877005
c0_L32_rep005.npz,0.5,32,276,1.5050607287449393,1.6374097679093569,5.358254133815388,5.505376344086022
c0_L32_rep005.npz,0.5,32,334,1.5536130536130535,1.6755712890624999,5.535158667544169,5.752808988764045
c0_L32_rep005.npz,0.5,32,406,1.6186073957513765,1.7464637169471153,5.66278417948496,5.988304093567251
c0_L32_rep005.npz,0.5,32,493,1.6117948717948718,1.7718394886363638,5.675898140223489,5.988304093567251
c0_L32_rep005.npz,0.5,32,598,1.6023504273504274,1.764794921875,5.656499821534059,5.885057471264368
c0_L32_rep005.npz,0.5,32,726,1.6075504828797191,1.7671101888020835,5.656837255710914,5.885057471264368
c0_L32_rep005.npz,0.5,32,881,1.7718253968253967,1.9100675632094943,6.061884179667257,6.606451612903226
c0_L32_rep005.npz,0.5,32,1069,1.8105682951146562,1.9508096883585164,6.145404408833465,6.64935064935065
c0_L32_rep005.npz,0.5,32,1298,1.8728652751423147,1.979403831845238,6.442383112176002,7.160839160839161
c0_L32_rep005.npz,0.5,32,1576,1.8168935815504308,1.9921504579741378,6.05221784670853,6.481012658227848
c0_L32_rep005.npz,0.5,32,1912,1.878106821787414,2.0131636186079547,6.368203733365987,6.918918918918919
c0_L32_rep005.npz,0.5,32,2321,2.0420289855072467,2.157916356646825,6.591171133819199,7.211267605633803
c0_L32_rep005.npz,0.5,32,2818,2.033409387222947,2.125435179045093,6.561641569041081,7.26241134751773
c0_L32_rep005.npz,0.5,32,3420,2.094109195402299,2.218111746651786,6.637404000869366,7.366906474820144
c0_L32_rep005.npz,0.5,32,4151,2.2129268292682926,2.366455078125,6.981902369576524,7.816793893129771
c0_L32_rep005.npz,0.5,32,5039,2.409844054580897,2.53223299571805,7.3984913430949035,8.39344262295082
c0_L32_rep005.npz,0.5,32,6116,2.495714285714285,2.6831597222222223,7.474637629477522,8.462809917355372
c0_L32_rep005.npz,0.5,32,7423,2.7954545454545454,3.0492891110248443,8.049355804630206,9.481481481481481
c0_L32_rep005.npz,0.5,32,9010,2.8421423537702606,3.0844401041666667,8.090399369900684,9.481481481481481
c0_L32_rep005.npz,0.5,32,10937,2.808558558558558,3.0441495028409093,7.8947696097753735,9.061946902654867
c0_L32_rep005.npz,0.5,32,13275,2.975033738191633,3.1416015625,8.49569616165495,10.138613861386139
c0_L32_rep005.npz,0.5,32,16113,3.0728070175438598,3.2702546296296298,8.709874250508511,10.448979591836734
c0_L32_rep005.npz,0.5,32,19557,3.1311688311688313,3.3819585020242915,8.46326664351242,9.752380952380953
c0_L32_rep005.npz,0.5,32,23739,3.5449308755760374,3.680016637731482,9.465261502174483,11.50561797752809
c0_L32_rep005.npz,0.5,32,28814,3.3550446998722867,3.560914855072464,8.815904460012094,10.24
c0_L32_rep005.npz,0.5,32,34974,3.5120689655172415,3.6597752833104398,9.203564167048311,11.010752688172044
c0_L32_rep005.npz,0.5,32,42451,3.8132183908045967,3.8545247395833333,10.163853505161395,12.962025316455696
c0_L32_rep005.npz,0.5,32,51526,3.929187192118227,3.885772705078125,10.120385910941332,12.641975308641975
c0_L32_rep005.npz,0.5,32,62542,3.794504181600953,3.7774697580645142,9.443444888109836,11.010752688172044
c0_L32_rep005.npz,0.5,32,75913,3.8638392857142865,3.893585205078125,10.337584498609997,12.962025316455696
c0_L32_rep005.npz,0.5,32,92142,3.833333333333333,3.85357666015625,9.95829853046149,12.19047619047619
c0_L32_rep005.npz,0.5,32,111841,3.7490196078431364,3.8086635044642847,9.927436874927784,12.19047619047619
c0_L32_rep005.npz,0.5,32,135751,3.9364919354838723,3.929687500000001,10.736470682596247,13.837837837837839
c0_L32_rep005.npz,0.5,32,164773,3.881609195402298,3.8721018145161286,10.27778660701344,12.8
c0_L32_rep005.npz,0.5,32,200000,3.913793103448277,3.899562951290246,10.262398135577655,12.962025316455696
c0_L32_rep006.npz,0.5,32,1,0.6784136040722717,0.7965809811827957,3.24903366062184,2.7018469656992083
c0_L32_rep006.npz,0.5,32,2,0.719668972488076,0.8182168019218347,3.395977424403014,2.8764044943820224
c0_L32_rep006.npz,0.5,32,3,0.7566436492990165,0.8752911447108477,3.5083846854682874,3.0206489675516224
c0_L32_rep006.npz,0.5,32,4,0.767816091954023,0.8758919133192389,3.530081570445046,3.065868263473054
c0_L32_rep006.npz,0.5,32,5,0.7912087912087912,0.9059028996956928,3.5956946577900357,3.1604938271604937
c0_L32_rep006.npz,0.5,32,6,0.8027050404969726,0.8970060170807453,3.6529516808259346,3.2100313479623823
c0_L32_rep006.npz,0.5,32,7,0.8077719382067208,0.9276297433035714,3.660774258229285,3.230283911671924
c0_L32_rep006.npz,0.5,32,8,0.8210526315789474,0.9296482631138393,3.716105169972802,3.282051282051282
c0_L32_rep006.npz,0.5,32,10,0.857347670250896,0.9448141891891892,3.8355909685657723,3.4247491638795986
c0_L32_rep006.npz,0.5,32,12,0.8592152092625129,0.9529032939189189,3.8503484091041167,3.436241610738255
c0_L32_rep006.npz,0.5,32,15,0.8920835356969403,0.9956892078049517,3.934947843449334,3.56794425087108
c0_L32_rep006.npz,0.5,32,18,0.8922568736034198,0.9907341723172169,3.941322684056636,3.56794425087108
c0_L32_rep006.npz,0.5,32,22,0.9212924606462303,1.031088738488409,4.0188612668946755,3.683453237410072
c0_L32_rep006.npz,0.5,32,27,0.9751317523056653,1.07817918544279,4.170095498968927,3.878787878787879
c0_L32_rep006.npz,0.5,32,33,0.9965650493774152,1.1149303303372868,4.198022336178097,3.9384615384615387
c0_L32_rep006.npz,0.5,32,40,1.0155320555188367,1.125457733366435,4.254072280217889,4.0
c0_L32_rep006.npz,0.5,32,48,1.0626259035430738,1.1640503038581622,4.384090868545072,4.179591836734694
c0_L32_rep006.npz,0.5,32,58,1.072819281241959,1.1690857290988939,4.407389821606483,4.19672131147541
c0_L32_rep006.npz,0.5,32,71,1.0845394736842104,1.1985952092313217,4.418739229699487,4.231404958677686
c0_L32_rep006.npz,0.5,32,86,1.1228016979987872,1.2130022321428573,4.505229267748201,4.357446808510638
c0_L32_rep006.npz,0.5,32,105,1.1740196078431373,1.2551436335403725,4.623242830822951,4.511013215859031
c0_L32_rep006.npz,0.5,32,127,1.2087150575522667,1.28466796875,4.750512755308895,4.697247706422019
c0_L32_rep006.npz,0.5,32,154,1.2010403916768666,1.2932924107142858,4.7359583169403665,4.654545454545454
c0_L32_rep006.npz,0.5,32,187,1.2661336790550273,1.3635027510181703,4.8280182230809165,4.807511737089202
c0_L32_rep006.npz,0.5,32,227,1.268952566420921,1.363118894459992,4.87894924413474,4.8530805687203795
c0_L32_rep006.npz,0.5,32,276,1.342869465209891,1.44287109375,5.0371674239491595,5.0945273631840795
c0_L32_rep006.npz,0.5,32,334,1.3125,1.4543535786290323,4.932002592355677,4.946859903381642
c0_L32_rep006.npz,0.5,32,406,1.4544414792222646,1.5918195593786295,5.226344502529768,5.305699481865285
c0_L32_rep006.npz,0.5,32,493,1.4170771756978653,1.560199326441103,5.178499993278653,5.224489795918367
c0_L32_rep006.npz,0.5,32,598,1.502016129032258,1.6726968344155844,5.37405018157799,5.475935828877005
c0_L32_rep006.npz,0.5,32,726,1.616495901639344,1.7656494140625,5.6341355109738,5.953488372093023
c0_L32_rep006.npz,0.5,32,881,1.62987012987013,1.7933169815891472,5.645131427332176,5.851428571428571
c0_L32_rep006.npz,0.5,32,1069,1.838071348940914,1.9747535218583776,6.219938252349592,6.781456953642384
c0_L32_rep006.npz,0.5,32,1298,1.820993914807302,2.0653664981617648,6.133782169568439,6.64935064935065
c0_L32_rep006.npz,0.5,32,1576,1.809974747474747,2.025940478372434,6.107734528415867,6.522292993630574
c0_L32_rep006.npz,0.5,32,1912,1.8634910485933502,1.9833126344542573,6.17362305401741,6.64935064935065
c0_L32_rep006.npz,0.5,32,2321,1.9469696969696968,2.104974410669975,6.326480500801852,6.965986394557823
c0_L32_rep006.npz,0.5,32,2818,2.1494554255748284,nan,6.616911015311256,7.366906474820144
c0_L32_rep006.npz,0.5,32,3420,2.1702178030303028,nan,6.53236014363568,7.111111111111111
c0_L32_rep006.npz,0.5,32,4151,2.572649572649573,2.752080396303258,7.609609596267818,8.982456140350877
c0_L32_rep006.npz,0.5,32,5039,2.6476761619190414,2.8528529575892856,7.64361405524048,8.904347826086957
c0_L32_rep006.npz,0.5,32,6116,2.755482456140351,2.8561583533653847,7.982691813296921,9.309090909090909
c0_L32_rep006.npz,0.5,32,7423,2.883720930232558,3.0216587611607144,8.292473306697518,9.941747572815533
c0_L32_rep006.npz,0.5,32,9010,2.803827751196172,3.0796669407894735,8.157941686933258,9.309090909090909
c0_L32_rep006.npz,0.5,32,10937,3.3551520270270263,3.4655877976190474,9.364411101538414,11.636363636363637
c0_L32_rep006.npz,0.5,32,13275,3.349951124144673,3.570452008928571,9.227367320842847,11.130434782608695
c0_L32_rep006.npz,0.5,32,16113,3.5781250000000004,3.666871355223124,9.5888861912515,11.636363636363637
c0_L32_rep006.npz,0.5,32,19557,3.428787878787879,3.6068086433756807,9.392082562046028,11.252747252747254
c0_L32_rep006.npz,0.5,32,23739,3.8304597701149437,3.9239206621723803,10.232127605059057,12.8
c0_L32_rep006.npz,0.5,32,28814,3.793956043956043,3.942325367647058,9.802377753893568,11.906976744186046
c0_L32_rep006.npz,0.5,32,34974,4.104488078541373,4.338157371238425,10.07166277451946,12.047058823529412
c0_L32_rep006.npz,0.5,32,42451,4.7028862478777596,nan,11.429508932659466,14.628571428571428
c0_L32_rep006.npz,0.5,32,51526,4.935483870967743,nan,10.847773850649803,13.2987012987013
c0_L32_rep006.npz,0.5,32,62542,7.9838709677419395,nan,13.053745203828635,17.35593220338983
c0_L32_rep006.npz,0.5,32,75913,nan,nan,13.539791178611063,18.285714285714285
c0_L32_rep006.npz,0.5,32,92142,nan,nan,14.249904753797034,19.692307692307693
c0_L32_rep006.npz,0.5,32,111841,nan,nan,12.91659660214643,17.066666666666666
c0_L32_rep006.npz,0.5,32,135751,nan,nan,12.341601785044062,15.515151515151516
c0_L32_rep006.npz,0.5,32,164773,nan,nan,12.217229632184825,15.283582089552239
c0_L32_rep006.npz,0.5,32,200000,nan,nan,11.834507789448255,14.628571428571428
c0_L32_rep007.npz,0.5,32,1,0.6672428694900605,0.7814360119047619,3.2076484305239963,2.6528497409326426
c0_L32_rep007.npz,0.5,32,2,0.7098039215686274,0.8523297991071428,3.3562104160924187,2.8287292817679557
c0_L32_rep007.npz,0.5,32,3,0.7391333288956933,0.9217797851562499,3.439273194452835,2.951008645533141
c0_L32_rep007.npz,0.5,32,4,0.7793322969871936,0.95244140625,3.576548335514531,3.1124620060790273
c0_L32_rep007.npz,0.5,32,5,0.7789863115057344,0.9943901909722223,3.5774519432856886,3.1124620060790273
c0_L32_rep007.npz,0.5,32,6,0.7931854807766097,0.9921875,3.624262483593894,3.170278637770898
c0_L32_rep007.npz,0.5,32,7,0.8205128205128205,0.9872581845238094,3.725099426187804,3.282051282051282
c0_L32_rep007.npz,0.5,32,8,0.836637047163363,1.0020914713541667,3.7821298088044113,3.34640522875817
c0_L32_rep007.npz,0.5,32,10,0.8395061728395061,0.9773039641203703,3.7841321431724273,3.34640522875817
c0_L32_rep007.npz,0.5,32,12,0.8682855040470934,0.9868790064102564,3.88102969336048,3.471186440677966
c0_L32_rep007.npz,0.5,32,15,0.8654970760233918,1.0639935661764706,3.8786690443668137,3.4594594594594597
c0_L32_rep007.npz,0.5,32,18,0.8951486697965572,1.0165441176470589,3.960808150754683,3.5804195804195804
c0_L32_rep007.npz,0.5,32,22,0.8922568736034198,1.0379379734848486,3.94895146509954,3.56794425087108
c0_L32_rep007.npz,0.5,32,27,0.948200175592625,1.0842670641447367,4.124916243928654,3.7925925925925927
c0_L32_rep007.npz,0.5,32,33,1.0050331348041273,1.1972013774671053,4.272117083108025,4.0
c0_L32_rep007.npz,0.5,32,40,0.9765406162464986,1.2292599978146854,4.178486302384816,3.893536121673004
c0_L32_rep007.npz,0.5,32,48,1.0225045372050818,1.2594567587209302,4.319529043860481,4.063492063492063
c0_L32_rep007.npz,0.5,32,58,1.0536265432098766,1.225300480769231,4.401853294563283,4.145748987854251
c0_L32_rep007.npz,0.5,32,71,1.1627525252525253,1.2656745865068697,4.634709602526835,4.511013215859031
c0_L32_rep007.npz,0.5,32,86,1.1959440942724036,1.304750504032258,4.674496142726571,4.591928251121076
c0_L32_rep007.npz,0.5,32,105,1.228448275862069,1.326078869047619,4.752607988261175,4.71889400921659
c0_L32_rep007.npz,0.5,32,127,1.2397619047619048,1.3677309097782258,4.7733553989496516,4.697247706422019
c0_L32_rep007.npz,0.5,32,154,1.2559177888022677,1.3463727270650585,4.840161335590237,4.807511737089202
c0_L32_rep007.npz,0.5,32,187,1.3052925989672977,1.3979326780572494,4.955919427039118,4.995121951219512
c0_L32_rep007.npz,0.5,32,227,1.2812695434646653,1.3936648261278197,4.8841920085712545,4.8530805687203795
c0_L32_rep007.npz,0.5,32,276,1.3742923742923743,1.4858517530487805,5.106491385727331,5.171717171717172
c0_L32_rep007.npz,0.5,32,334,1.4828767123287672,1.5715140885899814,5.3517355669901345,5.535135135135135
c0_L32_rep007.npz,0.5,32,406,1.4800913242009135,1.5613925468836185,5.333084188279243,5.535135135135135
c0_L32_rep007.npz,0.5,32,493,1.4772727272727273,1.593362462944664,5.279470848682751,5.389473684210526
c0_L32_rep007.npz,0.5,32,598,1.4341754136274685,1.5436703712024582,5.2773846933054855,5.361256544502618
c0_L32_rep007.npz,0.5,32,726,1.5932835820895521,1.693309550382653,5.580442172550054,5.851428571428571
c0_L32_rep007.npz,0.5,32,881,1.6223591549295775,1.7374447601010101,5.748989509351577,6.131736526946108
c0_L32_rep007.npz,0.5,32,1069,1.6629032258064518,1.7706490652901785,5.7268085694583695,6.059171597633136
c0_L32_rep007.npz,0.5,32,1298,1.6828431372549015,1.8145751953125,5.767290921142135,6.059171597633136
c0_L32_rep007.npz,0.5,32,1576,1.859375,1.9828265765765765,6.358706471109214,7.013698630136986
c0_L32_rep007.npz,0.5,32,1912,1.8440860215053763,2.0046731968118685,6.239973436523181,6.69281045751634
c0_L32_rep007.npz,0.5,32,2321,1.997732426303855,2.1390245225694446,6.594096218968973,7.314285714285714
c0_L32_rep007.npz,0.5,32,2818,2.0514619883040934,2.259919084821428,6.541762223010384,7.211267605633803
c0_L32_rep007.npz,0.5,32,3420,2.1838296112489664,2.420654296875,6.6352614105264935,7.26241134751773
c0_L32_rep007.npz,0.5,32,4151,2.3764189886480906,2.5316569010416665,6.945003403584824,7.757575757575758
c0_L32_rep007.npz,0.5,32,5039,2.533791208791209,2.8236511752136755,7.331251397282121,8.39344262295082
c0_L32_rep007.npz,0.5,32,6116,2.394796380090498,nan,7.2636168383903446,8.325203252032521
c0_L32_rep007.npz,0.5,32,7423,2.6954166666666675,2.948399522569445,7.667601996527927,8.752136752136753
c0_L32_rep007.npz,0.5,32,9010,2.772819472616633,3.024805110254329,7.847785922380133,9.225225225225225
c0_L32_rep007.npz,0.5,32,10937,3.026662277814351,3.198938095674487,8.575643231524253,10.556701030927835
c0_L32_rep007.npz,0.5,32,13275,2.93062015503876,3.327175564236111,8.209921131973454,9.660377358490566
c0_L32_rep007.npz,0.5,32,16113,3.0733863837312114,3.4506770833333333,8.75528813023578,10.448979591836734
c0_L32_rep007.npz,0.5,32,19557,3.6354838709677413,nan,10.046895099328472,12.487804878048781
c0_L32_rep007.npz,0.5,32,23739,4.958333333333333,nan,11.362724506708451,14.422535211267606
c0_L32_rep007.npz,0.5,32,28814,6.199652777777776,nan,12.315581082065737,16.0
c0_L32_rep007.npz,0.5,32,34974,7.416666666666666,nan,13.162406082663177,17.964912280701753
c0_L32_rep007.npz,0.5,32,42451,nan,nan,11.911388670395759,14.840579710144928
c0_L32_rep007.npz,0.5,32,51526,nan,nan,12.040700346542934,14.840579710144928
c0_L32_rep007.npz,0.5,32,62542,nan,nan,12.846049062820692,16.516129032258064
c0_L32_rep007.npz,0.5,32,75913,nan,nan,13.812609486391516,18.962962962962962
c0_L32_rep007.npz,0.5,32,92142,nan,nan,13.709187713998363,18.285714285714285
c0_L32_rep007.npz,0.5,32,111841,nan,nan,12.926351078342112,16.516129032258064
c0_L32_rep007.npz,0.5,32,135751,nan,nan,13.399549204130219,17.964912280701753
c0_L32_rep007.npz,0.5,32,164773,nan,nan,13.827628862607563,18.285714285714285
c0_L32_rep007.npz,0.5,32,200000,nan,nan,12.727758253884675,16.253968253968253
c0_L64_rep000.npz,0.5,64,1,0.6843281929672935,0.7905247638435067,3.277134267352954,2.7361389445557784
c0_L64_rep000.npz,0.5,64,2,0.7216525156045754,0.8435841686320755,3.3979446126080464,2.886539816772375
c0_L64_rep000.npz,0.5,64,3,0.7544690039823345,0.8805487521453089,3.5124612267513,3.01620029455081
c0_L64_rep000.npz,0.5,64,4,0.772806893821858,0.8959995401168125,3.557312871531536,3.086661642803316
c0_L64_rep000.npz,0.5,64,5,0.7881154193820132,0.9033346211080586,3.6178716021378206,3.148347425057648
c0_L64_rep000.npz,0.5,64,6,0.8077778054056742,0.9203651829769737,3.676097889848485,3.227738376674547
c0_L64_rep000.npz,0.5,64,7,0.8229364620342063,0.9319392907436248,3.7330104761392997,3.28995983935743
c0_L64_rep000.npz,0.5,64,8,0.8296072380712471,0.9473897488317757,3.7528921346467863,3.3165991902834007
c0_L64_rep000.npz,0.5,64,10,0.8570388009525143,0.9703533658569403,3.8407810920485224,3.427615062761506
c0_L64_rep000.npz,0.5,64,12,0.8686082652238978,0.989384567282545,3.8780863764960993,3.474130619168787
c0_L64_rep000.npz,0.5,64,15,0.9078727705449412,1.0244169652335455,3.993910662100256,3.631205673758865
c0_L64_rep000.npz,0.5,64,18,0.9175656709371377,1.0390201940068617,4.022015657211284,3.6702508960573477
c0_L64_rep000.npz,0.5,64,22,0.9344590431466586,1.079257041982212,4.074932481354033,3.7372262773722627
c0_L64_rep000.npz,0.5,64,27,0.9680852965040014,1.0982763588625764,4.185690943672378,3.8714555765595464
c0_L64_rep000.npz,0.5,64,33,0.9838229756569379,1.1204365619860197,4.228589430810017,3.934678194044188
c0_L64_rep000.npz,0.5,64,40,1.020035269912805,1.1611559951457915,4.317427826700621,4.0554455445544555
c0_L64_rep000.npz,0.5,64,48,1.0535573345360243,1.1848877484663345,4.390720064238049,4.154158215010142
c0_L64_rep000.npz,0.5,64,58,1.0934761842018577,1.2207675025576636,4.49077056358945,4.2711157455683
c0_L64_rep000.npz,0.5,64,71,1.1640238343318572,1.2670227836641632,4.636195691824296,4.506050605060506
c0_L64_rep000.npz,0.5,64,86,1.205485856113151,1.3032781661677095,4.741429992928346,4.638731596828992
c0_L64_rep000.npz,0.5,64,105,1.224793270601654,1.3391690818212365,4.75127052487639,4.665148063781321
c0_L64_rep000.npz,0.5,64,127,1.214381868131868,1.3366047472492784,4.753185319445089,4.6439909297052155
c0_L64_rep000.npz,0.5,64,154,1.2659430826755298,1.3877479835792825,4.8733139239557275,4.81316098707403
c0_L64_rep000.npz,0.5,64,187,1.3162882174146255,1.4426431382611402,4.966518665874236,4.970873786407767
c0_L64_rep000.npz,0.5,64,227,1.3124347023441225,1.4457397649998387,4.97324598458811,4.946859903381642
c0_L64_rep000.npz,0.5,64,276,1.3904556695997368,1.522202022281949,5.158276323520562,5.224489795918367
c0_L64_rep000.npz,0.5,64,334,1.445336348219333,1.570519084649989,5.249234361846159,5.389473684210526
c0_L64_rep000.npz,0.5,64,406,1.465176102896983,1.5906460571713055,5.277193558231832,5.417989417989418
c0_L64_rep000.npz,0.5,64,493,1.535325552825553,1.665465237801535,5.474951936482173,5.696801112656467
c0_L64_rep000.npz,0.5,64,598,1.6013943477447126,1.7324313539447207,5.613423702032765,5.893525179856115
c0_L64_rep000.npz,0.5,64,726,1.644573389996731,1.778839619954427,5.742827640018984,6.068148148148148
c0_L64_rep000.npz,0.5,64,881,1.7311197916666665,1.8707598105244254,5.942689594095079,6.3602484472049685
c0_L64_rep000.npz,0.5,64,1069,1.7838671760211577,1.9560418020291883,6.036011454735775,6.440251572327044
c0_L64_rep000.npz,0.5,64,1298,1.8578036254803934,2.0350165475984108,6.2157195908024105,6.7368421052631575
c0_L64_rep000.npz,0.5,64,1576,1.9035484639199807,2.1100041316105766,6.2842588925852025,6.803986710963455
c0_L64_rep000.npz,0.5,64,1912,1.9663865546218489,2.159087504252753,6.477600618495877,7.160839160839161
c0_L64_rep000.npz,0.5,64,2321,2.0044875030172697,2.179065722022706,6.5528342560873,7.223985890652557
c0_L64_rep000.npz,0.5,64,2818,2.13897795096927,2.3010446408961123,6.779296516871049,7.5711645101663585
c0_L64_rep000.npz,0.5,64,3420,2.117367240089753,2.485250418526786,6.739639098247747,7.38018018018018
c0_L64_rep000.npz,0.5,64,4151,2.349722814498934,2.5581543848536037,7.248525814139416,8.325203252032521
c0_L64_rep000.npz,0.5,64,5039,2.4388036402285107,2.662939947438551,7.373273118826281,8.445360824742268
c0_L64_rep000.npz,0.5,64,6116,2.5587755102040814,2.8331038678278686,7.554876505967408,8.733475479744136
c0_L64_rep000.npz,0.5,64,7423,2.720808167960886,3.00204600263291,7.835809692936376,9.16331096196868
c0_L64_rep000.npz,0.5,64,9010,2.9384439359267738,3.155822555900877,8.238480202286313,9.799043062200957
c0_L64_rep000.npz,0.5,64,10937,3.0499481250926337,3.2600531948678864,8.414732061803015,9.990243902439024
c0_L64_rep000.npz,0.5,64,13275,3.0724724986904137,nan,8.454025306931824,10.014669926650367
c0_L64_rep000.npz,0.5,64,16113,3.3297297297297295,nan,8.926360560635064,10.835978835978835
c0_L64_rep000.npz,0.5,64,19557,3.6642061079751045,nan,9.518320424048119,11.603399433427763
c0_L64_rep000.npz,0.5,64,23739,3.9069716775599126,nan,9.747869997274982,11.804034582132564
c0_L64_rep000.npz,0.5,64,28814,3.9214411737394372,4.209239612926137,9.724241602720452,11.50561797752809
c0_L64_rep000.npz,0.5,64,34974,4.4333920796184945,4.6233060796210115,10.984144837219453,13.74496644295302
c0_L64_rep000.npz,0.5,64,42451,4.689503205128204,4.912640516493056,11.606307041561886,14.840579710144928
c0_L64_rep000.npz,0.5,64,51526,4.804533739456419,nan,11.554233984902755,14.473498233215548
c0_L64_rep000.npz,0.5,64,62542,5.035501355013549,5.208191160171751,11.719052769943241,14.733812949640289
c0_L64_rep000.npz,0.5,64,75913,5.06046511627907,5.257895236545139,11.677629133501148,14.52482269503546
c0_L64_rep000.npz,0.5,64,92142,5.3298726467331115,5.670461047535211,12.488464366179516,16.062745098039215
c0_L64_rep000.npz,0.5,64,111841,5.625098039215685,5.944587953629032,12.882046267647464,16.78688524590164
c0_L64_rep000.npz,0.5,64,135751,5.587754199823165,5.871727876884993,12.955884274697663,16.582995951417004
c0_L64_rep000.npz,0.5,64,164773,6.050457102672292,6.32036452276223,13.303581784127381,16.925619834710744
c0_L64_rep000.npz,0.5,64,200000,6.437138130686517,6.713621570675873,13.891242019048914,17.88646288209607
c0_L64_rep001.npz,0.5,64,1,0.6578446161615829,0.7730463962928922,3.1734853566154317,2.6307000642260756
c0_L64_rep001.npz,0.5,64,2,0.691809885030224,0.7851151046219406,3.285292790342413,2.7638326585695006
c0_L64_rep001.npz,0.5,64,3,0.7213968503094401,0.8193667486649525,3.387323029631581,2.880450070323488
c0_L64_rep001.npz,0.5,64,4,0.7388705092668645,0.8341767052439182,3.4519021471074884,2.951008645533141
c0_L64_rep001.npz,0.5,64,5,0.762190002547545,0.8570913310434627,3.5255259596521786,3.0476190476190474
c0_L64_rep001.npz,0.5,64,6,0.7694718823534725,0.8657578466353771,3.5556096339020393,3.0773854244928627
c0_L64_rep001.npz,0.5,64,7,0.7864823348694316,0.8860111036057177,3.6065718971642693,3.1459293394777266
c0_L64_rep001.npz,0.5,64,8,0.7938671455254827,0.9000085984135464,3.626107544229871,3.1751937984496124
c0_L64_rep001.npz,0.5,64,10,0.8218319729573749,0.9289508928571428,3.713374399599596,3.287319422150883
c0_L64_rep001.npz,0.5,64,12,0.8462902401774761,0.9461879916958043,3.79776775425117,3.3851239669421487
c0_L64_rep001.npz,0.5,64,15,0.8547603121516165,0.9621028367260256,3.827002693482239,3.4190317195325544
c0_L64_rep001.npz,0.5,64,18,0.8835176474438504,1.0068647713496768,3.9169085472697573,3.5310344827586206
c0_L64_rep001.npz,0.5,64,22,0.9027920185430298,1.0260756092197847,3.9750783555436637,3.608810572687225
c0_L64_rep001.npz,0.5,64,27,0.9423940504331453,1.0725221789279762,4.1001136949247545,3.768169273229071
c0_L64_rep001.npz,0.5,64,33,0.9755247800714224,1.110252808988764,4.201651839952416,3.900952380952381
c0_L64_rep001.npz,0.5,64,40,0.9975915221579961,1.1390570790912946,4.261303439976688,3.9844357976653697
c0_L64_rep001.npz,0.5,64,48,1.0162911706214073,1.1494068422740564,4.304936552842756,4.039447731755424
c0_L64_rep001.npz,0.5,64,58,1.085739475424289,1.2069653888081395,4.456021514122482,4.2533748701973
c0_L64_rep001.npz,0.5,64,71,1.1204113224237062,1.2410824802792577,4.529460665735086,4.357446808510638
c0_L64_rep001.npz,0.5,64,86,1.1660831793575157,1.280418878626414,4.650072411129694,4.515986769570011
c0_L64_rep001.npz,0.5,64,105,1.2112459938962705,1.3157627294533143,4.743785345700873,4.6598407281001135
c0_L64_rep001.npz,0.5,64,127,1.2298487531845175,1.348760469941921,4.75877371457372,4.6811428571428575
c0_L64_rep001.npz,0.5,64,154,1.2723591795373541,1.3712531140177173,4.885033094429174,4.87039239001189
c0_L64_rep001.npz,0.5,64,187,1.3166785122009004,1.4188591376996595,4.990925187239142,5.001221001221001
c0_L64_rep001.npz,0.5,64,227,1.3686713286713288,1.4941398187075037,5.083326425440256,5.1136079900124844
c0_L64_rep001.npz,0.5,64,276,1.4614355362946911,1.5719622083702545,5.319366265937338,5.497986577181208
c0_L64_rep001.npz,0.5,64,334,1.4794871794871796,1.6257229099025974,5.345108963877395,5.505376344086022
c0_L64_rep001.npz,0.5,64,406,1.5474572063552108,1.6794322082142146,5.528447762222786,5.785310734463277
c0_L64_rep001.npz,0.5,64,493,1.5776901269567363,1.7015889485677085,5.602873849177308,5.868194842406877
c0_L64_rep001.npz,0.5,64,598,1.6579796264855684,1.8166780017671131,5.731186712299909,6.050221565731167
c0_L64_rep001.npz,0.5,64,726,1.7044726440607447,1.8407076394674249,5.8998054515339815,6.320987654320987
c0_L64_rep001.npz,0.5,64,881,1.7232804232804233,1.8733775820974574,5.910580660527571,6.320987654320987
c0_L64_rep001.npz,0.5,64,1069,1.742262343404569,1.8948047215328092,5.935763922049428,6.320987654320987
c0_L64_rep001.npz,0.5,64,1298,1.8447557876905702,2.000777889046867,6.108205806632953,6.564102564102564
c0_L64_rep001.npz,0.5,64,1576,1.8577380952380953,2.0509095769152124,6.191217773193555,6.671009771986971
c0_L64_rep001.npz,0.5,64,1912,2.02574486868241,2.202465813699807,6.546439657223116,7.198594024604569
c0_L64_rep001.npz,0.5,64,2321,2.0972453967975175,2.307562894274364,6.796221117066835,7.529411764705882
c0_L64_rep001.npz,0.5,64,2818,2.1818064182194616,2.421020182869343,6.813427322419113,7.529411764705882
c0_L64_rep001.npz,0.5,64,3420,2.3742303872889767,2.5852222564632195,7.211986562196343,8.192
c0_L64_rep001.npz,0.5,64,4151,2.530450787910101,2.700158815582154,7.5180374795600615,8.714893617021277
c0_L64_rep001.npz,0.5,64,5039,2.621641621129326,2.793413923227929,7.652625706605233,8.78969957081545
c0_L64_rep001.npz,0.5,64,6116,2.8388405054644807,3.0106457842896317,8.26551985371565,9.965936739659368
c0_L64_rep001.npz,0.5,64,7423,2.863458225667528,3.0051341165594527,8.105221515404843,9.481481481481481
c0_L64_rep001.npz,0.5,64,9010,2.8778174262613483,3.118065376817901,8.013884710642948,9.266968325791856
c0_L64_rep001.npz,0.5,64,10937,2.999516207063377,3.2459415470157658,8.297018079200882,9.729216152019003
c0_L64_rep001.npz,0.5,64,13275,3.105159154026917,3.35303201205209,8.474760156306237,9.941747572815533
c0_L64_rep001.npz,0.5,64,16113,3.3856624319419226,3.523220844681164,9.154392768545229,11.130434782608695
c0_L64_rep001.npz,0.5,64,19557,3.4840002565089137,3.679805612091971,9.45913152956558,11.50561797752809
c0_L64_rep001.npz,0.5,64,23739,3.7901833872707655,3.9279762268066407,10.007222026851423,12.487804878048781
c0_L64_rep001.npz,0.5,64,28814,3.857735461441213,4.088963255590322,9.89800335707438,11.941690962099125
c0_L64_rep001.npz,0.5,64,34974,4.3511961722488035,4.640010219180878,10.841248980585753,13.562913907284768
c0_L64_rep001.npz,0.5,64,42451,4.582905982905982,4.877319024851076,11.092030359805092,13.884745762711864
c0_L64_rep001.npz,0.5,64,51526,4.606371252204586,4.9778775084252445,11.418176936532916,14.52482269503546
c0_L64_rep001.npz,0.5,64,62542,4.879032258064516,5.284123485444358,11.367515064020399,14.52482269503546
c0_L64_rep001.npz,0.5,64,75913,4.81093366093366,5.168723022538147,11.283870836872424,14.027397260273972
c0_L64_rep001.npz,0.5,64,92142,4.972228691197019,5.235368208451705,11.851487019298384,15.398496240601503
c0_L64_rep001.npz,0.5,64,111841,5.277877947295423,5.430590234621607,11.964022032001461,15.170370370370371
c0_L64_rep001.npz,0.5,64,135751,5.625641025641027,5.758625929633867,12.629094103901224,16.253968253968253
c0_L64_rep001.npz,0.5,64,164773,5.680147058823531,5.814459092881946,12.738472802616654,16.384
c0_L64_rep001.npz,0.5,64,200000,6.042658541230241,6.200672148449874,12.910364939887515,16.253968253968253
c0_L64_rep002.npz,0.5,64,1,0.6625418508102316,0.7528839318930698,3.18705533266091,2.6494178525226393
c0_L64_rep002.npz,0.5,64,2,0.6976771817263708,0.7908584770114943,3.307755186897417,2.790190735694823
c0_L64_rep002.npz,0.5,64,3,0.731969719265545,0.8241517038056345,3.4233532362884818,2.927805575411008
c0_L64_rep002.npz,0.5,64,4,0.7513328682290725,0.8471309988839286,3.490490884375223,3.005135730007337
c0_L64_rep002.npz,0.5,64,5,0.764349376114082,0.8691117720170455,3.5339520430354776,3.056716417910448
c0_L64_rep002.npz,0.5,64,6,0.7895259971560781,0.8908851934373739,3.6297950890073705,3.1580570547417115
c0_L64_rep002.npz,0.5,64,7,0.8037854889589906,0.9115561745383522,3.6654117820034973,3.2150706436420724
c0_L64_rep002.npz,0.5,64,8,0.8153197013956508,0.9269225885255419,3.6987230430588767,3.261146496815287
c0_L64_rep002.npz,0.5,64,10,0.8442344394843158,0.9610795251404872,3.7879209725327345,3.376751854905194
c0_L64_rep002.npz,0.5,64,12,0.8613016411997736,0.9810483102154957,3.8456383859325194,3.444911690496215
c0_L64_rep002.npz,0.5,64,15,0.8860279698086544,1.0053887517197326,3.9203765575375815,3.5432525951557095
c0_L64_rep002.npz,0.5,64,18,0.9093866229590872,1.0287605031562785,3.986356605768516,3.6344276841171252
c0_L64_rep002.npz,0.5,64,22,0.9329309944623139,1.0571337015953999,4.05694148114787,3.727024567788899
c0_L64_rep002.npz,0.5,64,27,0.9762379528082419,1.1035720790905899,4.167861829503808,3.893536121673004
c0_L64_rep002.npz,0.5,64,33,1.0022287383729673,1.1227094363184973,4.245350104099277,3.988315481986368
c0_L64_rep002.npz,0.5,64,40,1.0277332264100507,1.1537724267413003,4.305595501867634,4.071570576540755
c0_L64_rep002.npz,0.5,64,48,1.0523529411764705,1.1765068963282428,4.3634313777102545,4.149949341438703
c0_L64_rep002.npz,0.5,64,58,1.0982581338244322,1.20512233811767,4.465094709149684,4.29800629590766
c0_L64_rep002.npz,0.5,64,71,1.112657828282828,1.219520519530303,4.509212785701231,4.338983050847458
c0_L64_rep002.npz,0.5,64,86,1.1555507225363684,1.2609384345095693,4.606961414663274,4.476502732240437
c0_L64_rep002.npz,0.5,64,105,1.1552056826033468,1.2632194459169255,4.597786547702503,4.4667393675027265
c0_L64_rep002.npz,0.5,64,127,1.1759720749381408,1.2926414298868547,4.643890252335433,4.520971302428256
c0_L64_rep002.npz,0.5,64,154,1.2383328095537398,1.3512391709052987,4.797304295052583,4.746234067207416
c0_L64_rep002.npz,0.5,64,187,1.2559134615384617,1.3766483429939518,4.814389195687039,4.768335273573923
c0_L64_rep002.npz,0.5,64,227,1.2908342229678205,1.4096998609938063,4.912675155072019,4.899521531100478
c0_L64_rep002.npz,0.5,64,276,1.3423650364544932,1.4631417345297755,5.028786335839127,5.05679012345679
c0_L64_rep002.npz,0.5,64,334,1.3915254237288135,1.5303628980127069,5.121285080978694,5.1651954602774275
c0_L64_rep002.npz,0.5,64,406,1.5065972222222221,1.6136043008179604,5.407758614604823,5.641873278236915
c0_L64_rep002.npz,0.5,64,493,1.5521953614514168,1.6606051354660623,5.556323334759661,5.843081312410842
c0_L64_rep002.npz,0.5,64,598,1.562155388471178,1.6790236569522472,5.50859277548247,5.760900140646976
c0_L64_rep002.npz,0.5,64,726,1.6017526404408389,1.7155318410773028,5.660352685072082,5.962154294032024
c0_L64_rep002.npz,0.5,64,881,1.6657176028306058,1.799451159732424,5.77182982151227,6.15015015015015
c0_L64_rep002.npz,0.5,64,1069,1.7246845949535192,1.8490728062316326,5.89638941252259,6.291858678955453
c0_L64_rep002.npz,0.5,64,1298,1.7768125268125268,1.937801118703415,6.05384246694989,6.532695374800638
c0_L64_rep002.npz,0.5,64,1576,1.8638728124569384,2.0234076138200434,6.224509696563836,6.7368421052631575
c0_L64_rep002.npz,0.5,64,1912,1.9276660362260858,2.0750483217969746,6.353985905484228,6.954159592529711
c0_L64_rep002.npz,0.5,64,2321,2.0517738183356244,2.2201404926324804,6.679810488105295,7.433756805807622
c0_L64_rep002.npz,0.5,64,2818,2.1433342572062086,2.362098590926042,6.7832701985728034,7.543278084714549
c0_L64_rep002.npz,0.5,64,3420,2.248782961460446,2.4233576993231365,6.989984529023265,7.876923076923077
c0_L64_rep002.npz,0.5,64,4151,2.2890675137979724,2.511255232636925,7.099736532204991,8.015655577299412
c0_L64_rep002.npz,0.5,64,5039,2.539270833333333,2.7549059637661637,7.456984505116558,8.551148225469728
c0_L64_rep002.npz,0.5,64,6116,2.6115996649916244,2.859839619299498,7.5821752787870835,8.733475479744136
c0_L64_rep002.npz,0.5,64,7423,2.754321808510638,2.9664869025735294,7.873454264636091,9.246049661399548
c0_L64_rep002.npz,0.5,64,9010,2.665372670807453,3.047598478688805,7.614193190056304,8.696390658174098
c0_L64_rep002.npz,0.5,64,10937,2.817628720836685,3.1873779296875,7.989524542287028,9.330296127562642
c0_L64_rep002.npz,0.5,64,13275,3.0164550533265615,3.3779163360595703,8.227832684004696,9.68321513002364
c0_L64_rep002.npz,0.5,64,16113,3.2657142857142856,3.558621139083656,8.6558699705782,10.265664160401002
c0_L64_rep002.npz,0.5,64,19557,3.286469598654169,3.6447971994205695,8.85668384795283,10.502564102564103
c0_L64_rep002.npz,0.5,64,23739,3.583523218354678,nan,9.099430084667459,10.835978835978835
c0_L64_rep002.npz,0.5,64,28814,3.9821959649545855,nan,10.05860067315035,12.56441717791411
c0_L64_rep002.npz,0.5,64,34974,4.038488700564972,4.277108999399038,10.11884891500873,12.374622356495468
c0_L64_rep002.npz,0.5,64,42451,4.229395604395604,4.466545833532276,10.526957523679929,12.962025316455696
c0_L64_rep002.npz,0.5,64,51526,4.411652191894127,4.597337036132812,10.967792154637712,13.562913907284768
c0_L64_rep002.npz,0.5,64,62542,4.6446770334928225,4.945577129289216,11.206535594017637,13.79124579124579
c0_L64_rep002.npz,0.5,64,75913,5.145674585387718,5.521891605516194,11.950759520344727,15.058823529411764
c0_L64_rep002.npz,0.5,64,92142,5.757589984350547,6.062017170055821,13.0257709786946,16.718367346938777
c0_L64_rep002.npz,0.5,64,111841,6.095689813962056,6.437789212740385,13.649359327889533,17.808695652173913
c0_L64_rep002.npz,0.5,64,135751,6.627476415094341,6.906471946022727,13.633362855113177,17.35593220338983
c0_L64_rep002.npz,0.5,64,164773,7.068860078277888,7.336943655303029,14.513725804294802,18.618181818181817
c0_L64_rep002.npz,0.5,64,200000,7.40669014084507,7.7258557629083615,15.060842290613381,19.504761904761907
c0_L64_rep003.npz,0.5,64,1,0.675171682400598,0.8150598304958184,3.238115482646869,2.7000659195781145
c0_L64_rep003.npz,0.5,64,2,0.7121345775879413,0.8074622844827586,3.372312317550997,2.8484005563282335
c0_L64_rep003.npz,0.5,64,3,0.7340686627173203,0.8350926104408563,3.4394841367069864,2.936200716845878
c0_L64_rep003.npz,0.5,64,4,0.7605603980661326,0.8620533763111888,3.523264067112135,3.0408314773570897
c0_L64_rep003.npz,0.5,64,5,0.772500426693975,0.8803648417493598,3.5665604583805397,3.0889894419306185
c0_L64_rep003.npz,0.5,64,6,0.7889528368188121,0.8971028302818757,3.6197584608659246,3.1556240369799693
c0_L64_rep003.npz,0.5,64,7,0.8025157232704403,0.9084308115815106,3.665988689492826,3.2100313479623823
c0_L64_rep003.npz,0.5,64,8,0.8156920048301826,0.9299546680876014,3.706415115209284,3.261146496815287
c0_L64_rep003.npz,0.5,64,10,0.8400786066169543,0.9666139325089702,3.7830210799908266,3.3601312551271536
c0_L64_rep003.npz,0.5,64,12,0.8551011133199686,0.9802465286641517,3.830923176878449,3.4190317195325544
c0_L64_rep003.npz,0.5,64,15,0.8902262908244962,1.0165886580809997,3.943811090816812,3.558644656820156
c0_L64_rep003.npz,0.5,64,18,0.9162144944794978,1.0560202250534396,4.011081200025588,3.663685152057245
c0_L64_rep003.npz,0.5,64,22,0.9233611302639624,1.0732647414434524,4.041644081569792,3.6934174932371504
c0_L64_rep003.npz,0.5,64,27,0.9651349545887402,1.1047817796410238,4.175875133029879,3.8605089538171535
c0_L64_rep003.npz,0.5,64,33,0.9874647562508834,1.1262166247260037,4.247013236167212,3.9498553519768564
c0_L64_rep003.npz,0.5,64,40,1.0057691878501127,1.1560506498032979,4.292218345886845,4.007827788649706
c0_L64_rep003.npz,0.5,64,48,1.0543777283584548,1.1871201453784233,4.394597336289653,4.154158215010142
c0_L64_rep003.npz,0.5,64,58,1.0837026239067056,1.207545562676561,4.450931559238772,4.24016563146998
c0_L64_rep003.npz,0.5,64,71,1.1331197535078736,1.2647505326704547,4.565518399667587,4.385438972162741
c0_L64_rep003.npz,0.5,64,86,1.1989261012013106,1.3167950803645647,4.7011342575124635,4.591928251121076
c0_L64_rep003.npz,0.5,64,105,1.2175929267412486,1.3314037330469055,4.757481966225104,4.6598407281001135
c0_L64_rep003.npz,0.5,64,127,1.271012621916236,1.3800262986567984,4.886506227078538,4.858837485172005
c0_L64_rep003.npz,0.5,64,154,1.2871327254305978,1.4105320928945249,4.912539032790665,4.876190476190477
c0_L64_rep003.npz,0.5,64,187,1.3489693313222726,1.4645641996660306,5.048176172092731,5.0945273631840795
c0_L64_rep003.npz,0.5,64,227,1.370216610268622,1.5038684663318453,5.117629172432567,5.152201257861635
c0_L64_rep003.npz,0.5,64,276,1.414640522875817,1.549707956658002,5.227288517214518,5.298835705045279
c0_L64_rep003.npz,0.5,64,334,1.4544725344741274,1.589691674005716,5.302310632536521,5.425165562913907
c0_L64_rep003.npz,0.5,64,406,1.4995729295860343,1.6427284384993743,5.427092855340478,5.587994542974079
c0_L64_rep003.npz,0.5,64,493,1.5616948732254667,1.708578628551678,5.592290343770406,5.809929078014185
c0_L64_rep003.npz,0.5,64,598,1.6372474747474748,1.7939095956307871,5.689145103023271,5.988304093567251
c0_L64_rep003.npz,0.5,64,726,1.7004451308139534,1.8570397856202376,5.829913189345936,6.168674698795181
c0_L64_rep003.npz,0.5,64,881,1.7850507982583455,1.913379461408481,6.135421103385039,6.69281045751634
c0_L64_rep003.npz,0.5,64,1069,1.8487477882128762,1.970198970734127,6.154023240286223,6.68189233278956
c0_L64_rep003.npz,0.5,64,1298,1.8579797772767643,1.9878088322996184,6.187366472167782,6.725779967159277
c0_L64_rep003.npz,0.5,64,1576,1.92687324929972,2.0584393184083627,6.394770895472075,7.049913941480207
c0_L64_rep003.npz,0.5,64,1912,2.023754617470587,2.139464821362272,6.573443784637969,7.314285714285714
c0_L64_rep003.npz,0.5,64,2321,2.0615384615384613,2.206031283879527,6.676714557554813,7.460837887067395
c0_L64_rep003.npz,0.5,64,2818,2.0854627354627358,2.247979400354788,6.727817428133958,7.420289855072464
c0_L64_rep003.npz,0.5,64,3420,2.2699248120300752,2.4293850011992877,7.0343401727252575,7.9073359073359075
c0_L64_rep003.npz,0.5,64,4151,2.413095238095238,2.593743808615379,7.3842401312489505,8.427983539094651
c0_L64_rep003.npz,0.5,64,5039,2.6110248447204967,2.8316623853600547,7.72173761735702,8.846652267818575
c0_L64_rep003.npz,0.5,64,6116,2.789482259969856,2.997514056892288,8.026316122624877,9.394495412844037
c0_L64_rep003.npz,0.5,64,7423,2.95772854596384,3.1071485914625563,8.34923536690577,9.941747572815533
c0_L64_rep003.npz,0.5,64,9010,3.027857759861791,3.2071885371354356,8.632649534357755,10.448979591836734
c0_L64_rep003.npz,0.5,64,10937,2.931892726220336,3.1562713052715194,8.367247886353908,9.799043062200957
c0_L64_rep003.npz,0.5,64,13275,3.1071097730430752,3.2853574544688704,8.53904516347368,10.03921568627451
c0_L64_rep003.npz,0.5,64,16113,3.181977252843395,3.3522284226190475,8.656934747248743,10.138613861386139
c0_L64_rep003.npz,0.5,64,19557,3.3457351434426226,3.4968212656997606,9.107092696604107,10.893617021276595
c0_L64_rep003.npz,0.5,64,23739,3.486057955166758,3.823407785936138,9.388840872115264,11.28374655647383
c0_L64_rep003.npz,0.5,64,28814,3.823743386243386,4.18896484375,9.741562532414829,11.736389684813753
c0_L64_rep003.npz,0.5,64,34974,3.9289685849318876,4.348563128637399,9.853486298993952,11.872463768115942
c0_L64_rep003.npz,0.5,64,42451,4.530832949838932,4.924208287966053,10.582242736856786,12.7601246105919
c0_L64_rep003.npz,0.5,64,51526,4.810392156862745,5.257415236088267,11.256335515945244,13.884745762711864
c0_L64_rep003.npz,0.5,64,62542,5.21087084436599,5.493999857008054,11.87442372432695,15.058823529411764
c0_L64_rep003.npz,0.5,64,75913,5.323731459797033,5.61487158545264,11.704361659085762,14.371929824561404
c0_L64_rep003.npz,0.5,64,92142,5.9101018675721555,6.012149183098398,12.69517061821325,16.1897233201581
c0_L64_rep003.npz,0.5,64,111841,6.248480243161094,6.321677333562468,12.800810011963248,15.937743190661479
c0_L64_rep003.npz,0.5,64,135751,6.389429904645972,6.42576171875,12.973187660676588,16.062745098039215
c0_L64_rep003.npz,0.5,64,164773,6.427591463414634,6.6029853573016535,14.084482970233422,18.285714285714285
c0_L64_rep003.npz,0.5,64,200000,6.987494156147734,7.157180357858861,14.180381464196254,17.504273504273506
c0_L64_rep004.npz,0.5,64,1,0.6833121436482583,0.7833768074972587,3.2559378349777783,2.7324883255503667
c0_L64_rep004.npz,0.5,64,2,0.7231869254341164,0.8192967006138393,3.4033894264386158,2.8926553672316384
c0_L64_rep004.npz,0.5,64,3,0.7557298474945533,0.8478068033854167,3.5114176047491807,3.0228782287822877
c0_L64_rep004.npz,0.5,64,4,0.7619064490913077,0.8704231770833333,3.52824984386111,3.0476190476190474
c0_L64_rep004.npz,0.5,64,5,0.782331792501284,0.8866903021566108,3.59532633221558,3.1291061879297173
c0_L64_rep004.npz,0.5,64,6,0.8128294811962624,0.9175206014554794,3.6962358410682636,3.250793650793651
c0_L64_rep004.npz,0.5,64,7,0.8189266316855381,0.9215135181787228,3.715610440265204,3.2741806554756194
c0_L64_rep004.npz,0.5,64,8,0.8262901021669812,0.9280393978109336,3.734156277518196,3.303225806451613
c0_L64_rep004.npz,0.5,64,10,0.8428446005267779,0.9581827704186183,3.790650493839656,3.37119341563786
c0_L64_rep004.npz,0.5,64,12,0.8663282571912013,0.9702300646551725,3.8714433797839956,3.4653130287648053
c0_L64_rep004.npz,0.5,64,15,0.8951076308976933,1.0104974341668678,3.950371500458139,3.5804195804195804
c0_L64_rep004.npz,0.5,64,18,0.9038522664240173,1.0212300480035905,3.9844324960105597,3.615180935569285
c0_L64_rep004.npz,0.5,64,22,0.9159681884371049,1.0364703896604939,4.016725895044008,3.663685152057245
c0_L64_rep004.npz,0.5,64,27,0.9484734133790738,1.0743222817548983,4.108998593978678,3.7925925925925927
c0_L64_rep004.npz,0.5,64,33,0.9720409964515373,1.1006981315736246,4.1814260952316875,3.886148007590133
c0_L64_rep004.npz,0.5,64,40,0.9979131652661064,1.1357567936489463,4.257347723091713,3.9766990291262134
c0_L64_rep004.npz,0.5,64,48,1.0300312188942178,1.1664018826750366,4.330408307927549,4.079681274900398
c0_L64_rep004.npz,0.5,64,58,1.0850058695014184,1.207583553785752,4.439979872446287,4.244559585492228
c0_L64_rep004.npz,0.5,64,71,1.122526800489244,1.234838375515408,4.540061506587045,4.366737739872068
c0_L64_rep004.npz,0.5,64,86,1.1212818344608038,1.2440611219470827,4.531894233426103,4.357446808510638
c0_L64_rep004.npz,0.5,64,105,1.1702372521246458,1.28548368275941,4.6418637631944835,4.515986769570011
c0_L64_rep004.npz,0.5,64,127,1.2161086588020686,1.3243396235447304,4.758858080511857,4.670467502850627
c0_L64_rep004.npz,0.5,64,154,1.2773303855885543,1.3696885944234913,4.917791082177421,4.917166866746698
c0_L64_rep004.npz,0.5,64,187,1.276737617836301,1.3913041548295455,4.890778562593851,4.858837485172005
c0_L64_rep004.npz,0.5,64,227,1.326322445298408,1.4464988330611428,4.99995196346509,5.019607843137255
c0_L64_rep004.npz,0.5,64,276,1.3875887751572007,1.4975786281906012,5.144599490546841,5.2445582586427655
c0_L64_rep004.npz,0.5,64,334,1.4053225806451612,1.5204463174026976,5.173198017248584,5.271557271557271
c0_L64_rep004.npz,0.5,64,406,1.4698563255473824,1.5716927275642847,5.3401063249972065,5.542625169147497
c0_L64_rep004.npz,0.5,64,493,1.4401351474543052,1.5708039994196812,5.279440159444684,5.368283093053735
c0_L64_rep004.npz,0.5,64,598,1.5117944799923597,1.6411986908355316,5.431416535481807,5.626373626373627
c0_L64_rep004.npz,0.5,64,726,1.5743596511072568,1.7045272467003105,5.570604511058451,5.834757834757835
c0_L64_rep004.npz,0.5,64,881,1.5923076923076924,1.7206225481351276,5.585709526462098,5.851428571428571
c0_L64_rep004.npz,0.5,64,1069,1.628409090909091,1.755299843546428,5.7132755891573295,6.014684287812041
c0_L64_rep004.npz,0.5,64,1298,1.7187119221339753,1.8441797971126865,5.908640075783564,6.311248073959939
c0_L64_rep004.npz,0.5,64,1576,1.828270042194093,1.9794724153174443,6.069821357382374,6.511923688394277
c0_L64_rep004.npz,0.5,64,1912,1.8772780717225164,2.0437400069468947,6.331343897227688,6.942372881355932
c0_L64_rep004.npz,0.5,64,2321,1.9579867058151865,2.1536384828629034,6.433045470650482,7.049913941480207
c0_L64_rep004.npz,0.5,64,2818,2.0857757906938232,2.3028119270695693,6.704295007089537,7.433756805807622
c0_L64_rep004.npz,0.5,64,3420,2.1961086226203808,2.3775525597052845,6.882318022411838,7.6560747663551405
c0_L64_rep004.npz,0.5,64,4151,2.2908607350096712,2.4838717713647958,7.136048073762928,8.062992125984252
c0_L64_rep004.npz,0.5,64,5039,2.512035583464155,2.7472200594148837,7.571010511954122,8.770877944325482
c0_L64_rep004.npz,0.5,64,6116,2.564517215821036,2.7548069956445413,7.543963880820201,8.677966101694915
c0_L64_rep004.npz,0.5,64,7423,2.612013348164627,2.8230425516764326,7.636501734634117,8.808602150537634
c0_L64_rep004.npz,0.5,64,9010,2.7111398456173346,3.3065699281332197,7.853588610204919,9.082039911308204
c0_L64_rep004.npz,0.5,64,10937,2.9656032930280416,3.7000047422999103,8.174658148452288,9.525581395348837
c0_L64_rep004.npz,0.5,64,13275,3.0221136674020372,3.281308983554359,8.409680170647048,9.941747572815533
c0_L64_rep004.npz,0.5,64,16113,3.2234602038603337,4.348006364512592,8.785786917954317,10.556701030927835
c0_L64_rep004.npz,0.5,64,19557,3.573119498532942,4.710771040482955,9.20381244561059,11.28374655647383
c0_L64_rep004.npz,0.5,64,23739,3.9557474140807476,5.408936145258885,9.53686830217095,11.603399433427763
c0_L64_rep004.npz,0.5,64,28814,4.049337033610854,5.268040117497794,9.72482785280218,11.804034582132564
c0_L64_rep004.npz,0.5,64,34974,4.397277676950999,5.503807411991199,9.943526530194388,12.08259587020649
c0_L64_rep004.npz,0.5,64,42451,4.662407862407862,5.566215319511218,10.474268063646242,12.880503144654089
c0_L64_rep004.npz,0.5,64,51526,4.726143613411158,5.679640322262291,10.528548291531216,12.921135646687697
c0_L64_rep004.npz,0.5,64,62542,5.262935883014622,5.848780570137205,11.732023230719394,15.226765799256505
c0_L64_rep004.npz,0.5,64,75913,4.862838915470496,5.343902100818657,10.941009614993296,13.38562091503268
c0_L64_rep004.npz,0.5,64,92142,5.166312659303314,5.5075252757352935,11.457938695878461,14.222222222222221
c0_L64_rep004.npz,0.5,64,111841,5.0483639494833525,5.306918122047602,11.498044330122147,14.075601374570446
c0_L64_rep004.npz,0.5,64,135751,5.468008509245623,5.760317918730945,12.070861684247399,15.114391143911439
c0_L64_rep004.npz,0.5,64,164773,6.111742424242424,6.419097808746246,13.35520267627022,17.282700421940927
c0_L64_rep004.npz,0.5,64,200000,6.929511278195486,7.067692012577265,14.585928547267427,18.788990825688074
c0_L64_rep005.npz,0.5,64,1,0.6586410234349664,0.7399826128323328,3.1762326204100897,2.6340836012861737
c0_L64_rep005.npz,0.5,64,2,0.7023531072117419,0.7818298109348447,3.3367211220806654,2.809327846364883
c0_L64_rep005.npz,0.5,64,3,0.733044733044733,0.8184382364130096,3.4359721156983074,2.931997136721546
c0_L64_rep005.npz,0.5,64,4,0.7491340962705131,0.8372921634030033,3.4935972748402153,2.9963423555230433
c0_L64_rep005.npz,0.5,64,5,0.7665770127308589,0.8565298227163461,3.5439934709795233,3.065868263473054
c0_L64_rep005.npz,0.5,64,6,0.785322257745031,0.8863446862695485,3.5965981469743338,3.1411042944785277
c0_L64_rep005.npz,0.5,64,7,0.7939893009557011,0.9027310884915866,3.6256511506429763,3.1751937984496124
c0_L64_rep005.npz,0.5,64,8,0.8072478965494962,0.9033864685196995,3.674669687963833,3.227738376674547
c0_L64_rep005.npz,0.5,64,10,0.825808599918314,0.9274424613595438,3.7326352545605173,3.303225806451613
c0_L64_rep005.npz,0.5,64,12,0.8460673544020523,0.9537910657051283,3.792971834668089,3.3823286540049544
c0_L64_rep005.npz,0.5,64,15,0.8720963944844542,0.9738768822116083,3.8669696860049454,3.4859574468085106
c0_L64_rep005.npz,0.5,64,18,0.8928458488408864,0.9931368675327883,3.935138597113233,3.5710549258936357
c0_L64_rep005.npz,0.5,64,22,0.8968072836143218,1.0078921020838627,3.9464097594873393,3.586690017513135
c0_L64_rep005.npz,0.5,64,27,0.9312816035505112,1.0442367702967512,4.044523297335364,3.7236363636363636
c0_L64_rep005.npz,0.5,64,33,0.9293695973012861,1.0600705356981819,4.0429281986432235,3.716878402903811
c0_L64_rep005.npz,0.5,64,40,0.9771312648643136,1.1045931171438548,4.19133257518204,3.9083969465648853
c0_L64_rep005.npz,0.5,64,48,0.9932562620423893,1.12994384765625,4.230931237585688,3.9728419010669254
c0_L64_rep005.npz,0.5,64,58,1.0474354146267983,1.1622295000147336,4.353783896647198,4.141557128412538
c0_L64_rep005.npz,0.5,64,71,1.0995967741935484,1.2031552579083988,4.483539496015129,4.307045215562566
c0_L64_rep005.npz,0.5,64,86,1.115440697295536,1.2273773399881245,4.511233304690226,4.343584305408272
c0_L64_rep005.npz,0.5,64,105,1.1284032470568235,1.2463176932148041,4.535773634322236,4.3760683760683765
c0_L64_rep005.npz,0.5,64,127,1.1902145707689833,1.301800393615022,4.673977076969371,4.5663322185061315
c0_L64_rep005.npz,0.5,64,154,1.26027545397133,1.354915736607143,4.866971294968774,4.8358913813459266
c0_L64_rep005.npz,0.5,64,187,1.2820306899336655,1.38114378742735,4.892274759809332,4.893667861409797
c0_L64_rep005.npz,0.5,64,227,1.3374264878852036,1.4349508846507353,5.046692726736552,5.0945273631840795
c0_L64_rep005.npz,0.5,64,276,1.3479457198026175,1.472906703917758,5.02383960913866,5.044334975369458
c0_L64_rep005.npz,0.5,64,334,1.3957412248147072,1.5220684343073168,5.163974321665806,5.231162196679438
c0_L64_rep005.npz,0.5,64,406,1.4592180231608074,1.5871489227484472,5.338226356299585,5.490616621983914
c0_L64_rep005.npz,0.5,64,493,1.5216125459936412,1.6523812459423364,5.457009383525177,5.665283540802213
c0_L64_rep005.npz,0.5,64,598,1.5833887043189367,1.6965622053739786,5.644495832646891,5.970845481049563
c0_L64_rep005.npz,0.5,64,726,1.6261203585147246,1.7599365754297231,5.697120303972112,6.005865102639296
c0_L64_rep005.npz,0.5,64,881,1.68942989634479,1.8166506801198121,5.859947283559201,6.282208588957055
c0_L64_rep005.npz,0.5,64,1069,1.7110475044089242,1.852631700839921,5.9466566646128465,6.350387596899225
c0_L64_rep005.npz,0.5,64,1298,1.8046371532642196,1.9671238010603282,6.150998187517534,6.64935064935065
c0_L64_rep005.npz,0.5,64,1576,1.8998363338788873,2.0476261952329837,6.283392192888878,6.803986710963455
c0_L64_rep005.npz,0.5,64,1912,2.007532751091703,2.174902531010307,6.570363306204274,7.223985890652557
c0_L64_rep005.npz,0.5,64,2321,2.1748050005342447,2.321692544205182,6.889889436767143,7.742911153119093
c0_L64_rep005.npz,0.5,64,2818,2.236985833760027,2.375481231363779,7.03693204641142,7.968871595330739
c0_L64_rep005.npz,0.5,64,3420,2.2604143676892514,2.411620642577674,7.099430303681664,8.078895463510849
c0_L64_rep005.npz,0.5,64,4151,2.3478954364200266,2.4807992503555627,7.132717811668067,8.062992125984252
c0_L64_rep005.npz,0.5,64,5039,2.3605784006392527,2.5548360669331327,7.249193521324858,8.258064516129032
c0_L64_rep005.npz,0.5,64,6116,2.4737426622243373,2.6329200841581133,7.490786978821048,8.605042016806722
c0_L64_rep005.npz,0.5,64,7423,2.595393506714261,2.733765211838942,7.636401824238772,8.78969957081545
c0_L64_rep005.npz,0.5,64,9010,2.691676891615542,2.8770854494800027,7.797238151682376,8.904347826086957
c0_L64_rep005.npz,0.5,64,10937,2.8366198412005925,3.0182201006259137,8.099943520477305,9.416091954022988
c0_L64_rep005.npz,0.5,64,13275,2.952781577747378,3.1419694655943156,8.373774809321073,9.846153846153847
c0_L64_rep005.npz,0.5,64,16113,3.0206611570247937,3.2208233147070278,8.42879785516862,9.91767554479419
c0_L64_rep005.npz,0.5,64,19557,3.3418040293040288,3.5675566695073933,9.032856879713727,10.835978835978835
c0_L64_rep005.npz,0.5,64,23739,3.534655061250807,3.7130132711158614,9.347872803123304,11.314917127071823
c0_L64_rep005.npz,0.5,64,28814,3.587037037037037,3.8588176076188203,9.317042920473453,11.100271002710027
c0_L64_rep005.npz,0.5,64,34974,4.030913978494624,4.1776107488894,10.07973520324694,12.603076923076923
c0_L64_rep005.npz,0.5,64,42451,4.071143375680581,4.301071770727473,9.97673463763951,12.011730205278592
c0_L64_rep005.npz,0.5,64,51526,4.323170731707317,4.544778040213178,10.796839904266498,13.473684210526315
c0_L64_rep005.npz,0.5,64,62542,4.796905339805825,5.085709810899596,11.622798834077425,14.733812949640289
c0_L64_rep005.npz,0.5,64,75913,5.2960377358490565,5.4838372124565975,12.754229114324628,16.925619834710744
c0_L64_rep005.npz,0.5,64,92142,5.703766025641025,5.907869813814445,12.82515574742522,16.516129032258064
c0_L64_rep005.npz,0.5,64,111841,5.951612903225806,6.274289383847489,13.162141777735144,16.855967078189302
c0_L64_rep005.npz,0.5,64,135751,6.306224899598393,6.596807675420957,13.65136789643028,17.504273504273506
c0_L64_rep005.npz,0.5,64,164773,6.877748167888075,7.050835063103129,14.498656295463435,18.703196347031962
c0_L64_rep005.npz,0.5,64,200000,7.443693693693692,7.672086521745325,15.436545608863023,20.177339901477833
c0_L64_rep006.npz,0.5,64,1,0.6793139430327069,0.7797743055555555,3.2496813950135666,2.716180371352785
c0_L64_rep006.npz,0.5,64,2,0.7243710836252102,0.8304069324791483,3.3868290404186054,2.8906139731827807
c0_L64_rep006.npz,0.5,64,3,0.7521885986075687,0.8559714556845169,3.4816249526337835,3.002932551319648
c0_L64_rep006.npz,0.5,64,4,0.7634743380334901,0.8662068342962186,3.5277459674364353,3.052160953800298
c0_L64_rep006.npz,0.5,64,5,0.7797062750333779,0.8902280819342003,3.5789570410202636,3.1171993911719937
c0_L64_rep006.npz,0.5,64,6,0.7900896141783622,0.9158915130934233,3.5971073377302263,3.1580570547417115
c0_L64_rep006.npz,0.5,64,7,0.8113218909966877,0.926737683884641,3.671265695090888,3.2430720506730006
c0_L64_rep006.npz,0.5,64,8,0.8181920292444835,0.9418907377219756,3.6967097769237816,3.2715654952076676
c0_L64_rep006.npz,0.5,64,10,0.8372993586966405,0.960648892294657,3.7569605295735444,3.349141455437449
c0_L64_rep006.npz,0.5,64,12,0.8547603121516165,0.9756590974852694,3.81681777951601,3.4190317195325544
c0_L64_rep006.npz,0.5,64,15,0.8759937710023769,1.0065338699260675,3.8772221730218424,3.5038494439692043
c0_L64_rep006.npz,0.5,64,18,0.8804873720943988,1.0170755873631387,3.898681697974356,3.521926053310404
c0_L64_rep006.npz,0.5,64,22,0.9110435663627152,1.0403232039463113,3.998944893335136,3.6441281138790034
c0_L64_rep006.npz,0.5,64,27,0.9412273587456069,1.0760326114028436,4.094862226417067,3.764705882352941
c0_L64_rep006.npz,0.5,64,33,0.9790963571279704,1.1236910492245211,4.204786559901138,3.915869980879541
c0_L64_rep006.npz,0.5,64,40,1.0238430615345657,1.1596714011125284,4.314847081089966,4.067527308838133
c0_L64_rep006.npz,0.5,64,48,1.0446214765310753,1.1725183236965733,4.356992489484106,4.129032258064516
c0_L64_rep006.npz,0.5,64,58,1.098674890569041,1.2125068105048669,4.472481068704367,4.29350104821803
c0_L64_rep006.npz,0.5,64,71,1.1184969951016583,1.232524031892829,4.528537581493797,4.357446808510638
c0_L64_rep006.npz,0.5,64,86,1.1386545533203547,1.267643488307563,4.5597004210111525,4.404301075268817
c0_L64_rep006.npz,0.5,64,105,1.1754100013442668,1.2897853552715377,4.65045875582559,4.535991140642303
c0_L64_rep006.npz,0.5,64,127,1.208273705411565,1.3241594898293962,4.718373930644727,4.633484162895928
c0_L64_rep006.npz,0.5,64,154,1.234343877171748,1.3681773546006943,4.776499097940121,4.697247706422019
c0_L64_rep006.npz,0.5,64,187,1.2869904143821564,1.407357880563447,4.9293889606846815,4.899521531100478
c0_L64_rep006.npz,0.5,64,227,1.335747282475999,1.4532410090371566,5.038136019612352,5.063040791100123
c0_L64_rep006.npz,0.5,64,276,1.4191908331285328,1.5280125437219159,5.232409244658797,5.375328083989501
c0_L64_rep006.npz,0.5,64,334,1.4763666565992148,1.5854077308006538,5.374332179648659,5.580381471389646
c0_L64_rep006.npz,0.5,64,406,1.492970946579194,1.6413233358195636,5.406294818131623,5.580381471389646
c0_L64_rep006.npz,0.5,64,493,1.5526004728132388,1.6932903146099858,5.515699194197976,5.7366946778711485
c0_L64_rep006.npz,0.5,64,598,1.5750302454199794,1.7353315756354535,5.524706508895839,5.680998613037448
c0_L64_rep006.npz,0.5,64,726,1.7139722734641398,1.8407851913711288,5.942837481076674,6.38006230529595
c0_L64_rep006.npz,0.5,64,881,1.7875177865612648,1.9513772511471692,6.072074291344134,6.522292993630574
c0_L64_rep006.npz,0.5,64,1069,1.806906638901284,2.004219699577196,6.110590450947659,6.532695374800638
c0_L64_rep006.npz,0.5,64,1298,1.9758560984994227,2.1476929016304136,6.440809948261476,7.07426597582038
c0_L64_rep006.npz,0.5,64,1576,2.0452261306532664,2.1989863162053185,6.650650453708873,7.460837887067395
c0_L64_rep006.npz,0.5,64,1912,2.1758454106280194,2.345618628102837,6.856962767511437,7.6992481203007515
c0_L64_rep006.npz,0.5,64,2321,2.2508169934640523,2.451713164775396,7.017766805150639,7.953398058252427
c0_L64_rep006.npz,0.5,64,2818,2.2477170339705337,2.4375305957081252,6.981027998820011,7.831739961759082
c0_L64_rep006.npz,0.5,64,3420,2.291064782690973,2.496012659286479,7.109713659003491,8.031372549019608
c0_L64_rep006.npz,0.5,64,4151,2.480171358629131,2.6262465533088237,7.545341036762315,8.78969957081545
c0_L64_rep006.npz,0.5,64,5039,2.5980405590572753,2.7413437750400638,7.65664282564721,8.885032537960955
c0_L64_rep006.npz,0.5,64,6116,2.6037581699346406,2.7984090600891998,7.691173235000871,8.885032537960955
c0_L64_rep006.npz,0.5,64,7423,2.5830415499533146,2.8051255390447754,7.608965024746272,8.696390658174098
c0_L64_rep006.npz,0.5,64,9010,2.844880952380952,3.023527505119302,8.163746779720086,9.68321513002364
c0_L64_rep006.npz,0.5,64,10937,2.9939024390243905,3.167079404633621,8.31245336673813,9.729216152019003
c0_L64_rep006.npz,0.5,64,13275,3.090899276692216,3.345950704225352,8.539605073820486,10.138613861386139
c0_L64_rep006.npz,0.5,64,16113,3.3618008948545857,3.5277975248202003,9.188601918697037,11.314917127071823
c0_L64_rep006.npz,0.5,64,19557,3.399640019860973,3.6220848484014883,8.993742637244353,10.750656167979002
c0_L64_rep006.npz,0.5,64,23739,3.5615295031055902,3.7354109221813725,9.562656475479459,11.804034582132564
c0_L64_rep006.npz,0.5,64,28814,3.8748354180381828,4.137320103555121,9.761210269921435,11.83815028901734
c0_L64_rep006.npz,0.5,64,34974,4.480972515856236,nan,10.947756730965349,13.79124579124579
c0_L64_rep006.npz,0.5,64,42451,5.011728709841917,nan,11.427160163373713,14.371929824561404
c0_L64_rep006.npz,0.5,64,51526,5.0565934065934055,nan,11.570379948891192,14.576512455516013
c0_L64_rep006.npz,0.5,64,62542,5.307347074468085,nan,11.699483831396053,14.68100358422939
c0_L64_rep006.npz,0.5,64,75913,5.241297208538588,nan,11.783821456463736,14.68100358422939
c0_L64_rep006.npz,0.5,64,92142,5.747395833333332,nan,12.637344315467207,16.318725099601593
c0_L64_rep006.npz,0.5,64,111841,6.0533269045323035,6.423606178977273,12.956967158005037,16.384
c0_L64_rep006.npz,0.5,64,135751,6.4666218637992845,6.69466279976534,13.956604631208073,17.808695652173913
c0_L64_rep006.npz,0.5,64,164773,6.863687782805432,7.241436082489638,15.0086135321699,20.177339901477833
c0_L64_rep006.npz,0.5,64,200000,6.663235294117643,6.9741314019097205,13.290110981685617,16.253968253968253
c0_L64_rep007.npz,0.5,64,1,0.6614490548916778,0.7678658836611614,3.1876943428508713,2.644286636539703
c0_L64_rep007.npz,0.5,64,2,0.6998767507002801,0.7906658736685463,3.331653216807466,2.797814207650273
c0_L64_rep007.npz,0.5,64,3,0.7303190753889823,0.8246792879971592,3.432585536427508,2.919458303635068
c0_L64_rep007.npz,0.5,64,4,0.7529444307577938,0.8537711769674086,3.5009810999594486,3.0095518001469506
c0_L64_rep007.npz,0.5,64,5,0.7772503993702151,0.8758956755050504,3.58047300993182,3.10538286580743
c0_L64_rep007.npz,0.5,64,6,0.7957985789311091,0.8961309523809524,3.6433735698889906,3.1801242236024843
c0_L64_rep007.npz,0.5,64,7,0.805318138651472,0.9187239213423295,3.6675514273940424,3.220125786163522
c0_L64_rep007.npz,0.5,64,8,0.8181920292444835,0.9339565432385684,3.7090376604541997,3.2715654952076676
c0_L64_rep007.npz,0.5,64,10,0.8387834291326539,0.9568861416903409,3.7661935489346745,3.354627354627355
c0_L64_rep007.npz,0.5,64,12,0.8513047324192835,0.9750078755040322,3.8122940445739526,3.404821280133001
c0_L64_rep007.npz,0.5,64,15,0.8769694623353159,0.9971653076145369,3.8952478753783355,3.506849315068493
c0_L64_rep007.npz,0.5,64,18,0.9022201521502873,1.027579012784091,3.9750343250127664,3.608810572687225
c0_L64_rep007.npz,0.5,64,22,0.9135580810492472,1.0529375419661005,4.011655313629152,3.6538804638715434
c0_L64_rep007.npz,0.5,64,27,0.9378830933984641,1.0744669351233056,4.095656902548339,3.750915750915751
c0_L64_rep007.npz,0.5,64,33,0.9846190259579362,1.1187432804721598,4.231211200954939,3.9384615384615387
c0_L64_rep007.npz,0.5,64,40,1.0085093712781297,1.1393962616305493,4.291796391876822,4.023575638506876
c0_L64_rep007.npz,0.5,64,48,1.0584224148493018,1.1720016750923228,4.402551990168752,4.171079429735234
c0_L64_rep007.npz,0.5,64,58,1.0916621379049123,1.2143749456458721,4.4724953122023905,4.266666666666667
c0_L64_rep007.npz,0.5,64,71,1.112325581395349,1.2357866134716469,4.527946037586305,4.3298097251585626
c0_L64_rep007.npz,0.5,64,86,1.1921110237028423,1.3043318055870068,4.700608905548249,4.5867861142217246
c0_L64_rep007.npz,0.5,64,105,1.1981806968855997,1.3179494233497229,4.712428814907355,4.597081930415264
c0_L64_rep007.npz,0.5,64,127,1.2298068481123794,1.3375855011989546,4.781048583032099,4.713463751438435
c0_L64_rep007.npz,0.5,64,154,1.2446001902523642,1.369369958098371,4.82138657364773,4.7407407407407405
c0_L64_rep007.npz,0.5,64,187,1.3202618244908422,1.4398112583802531,5.008885437547652,4.995121951219512
c0_L64_rep007.npz,0.5,64,227,1.3690585191082802,1.4818322645003295,5.133797515311496,5.184810126582279
c0_L64_rep007.npz,0.5,64,276,1.4016243643908366,1.525146994868963,5.188994637875959,5.258023106546855
c0_L64_rep007.npz,0.5,64,334,1.4506431767337808,1.596405865214292,5.2843068069909025,5.389473684210526
c0_L64_rep007.npz,0.5,64,406,1.5396505376344085,1.6774553571428572,5.493837027065481,5.704735376044568
c0_L64_rep007.npz,0.5,64,493,1.5555795847750864,1.7000503341273427,5.533167002606397,5.744740532959327
c0_L64_rep007.npz,0.5,64,598,1.6487065566012933,1.7741760748340458,5.769468113474961,6.140929535232384
c0_L64_rep007.npz,0.5,64,726,1.6579380139152435,1.7977082922182415,5.734274598813813,6.077151335311573
c0_L64_rep007.npz,0.5,64,881,1.7252826678116502,1.8675577352335164,5.964366554553824,6.390015600624025
c0_L64_rep007.npz,0.5,64,1069,1.7896341463414633,1.9042582679875166,6.067118228089856,6.5536
c0_L64_rep007.npz,0.5,64,1298,1.746680351529925,1.9174409565172699,5.935775153245151,6.282208588957055
c0_L64_rep007.npz,0.5,64,1576,1.8996329094103932,2.034958803790301,6.316211359211409,6.895622895622895
c0_L64_rep007.npz,0.5,64,1912,1.9880198561601001,2.1025800684847913,6.561862617011609,7.301247771836007
c0_L64_rep007.npz,0.5,64,2321,2.0275194040410347,2.182314119309776,6.651205023957761,7.420289855072464
c0_L64_rep007.npz,0.5,64,2818,2.1609385991357652,2.2933560500669357,6.758594415995066,7.474452554744525
c0_L64_rep007.npz,0.5,64,3420,2.285188261351052,2.4185512638995945,7.0953224026497725,8.09486166007905
c0_L64_rep007.npz,0.5,64,4151,2.4331102670766263,2.586928040787128,7.415416930689106,8.58700209643606
c0_L64_rep007.npz,0.5,64,5039,2.46988185790581,2.638806101797037,7.548059632879928,8.714893617021277
c0_L64_rep007.npz,0.5,64,6116,2.6392951287328925,2.789674323901796,7.836998311953176,9.16331096196868
c0_L64_rep007.npz,0.5,64,7423,2.703947368421052,2.8667680993051445,7.879144549803541,9.142857142857142
c0_L64_rep007.npz,0.5,64,9010,2.788597972972973,2.9517139029590203,7.984571194404483,9.183856502242152
c0_L64_rep007.npz,0.5,64,10937,3.1412616013843,3.3120034750405845,8.618529713378496,10.265664160401002
c0_L64_rep007.npz,0.5,64,13275,3.286983447158236,3.5359928782393295,8.784965784658688,10.52956298200514
c0_L64_rep007.npz,0.5,64,16113,3.3963963963963963,3.6150249834997705,9.023182742726652,10.778947368421052
c0_L64_rep007.npz,0.5,64,19557,3.6805192122297203,3.823916906684241,9.723102544478726,12.011730205278592
c0_L64_rep007.npz,0.5,64,23739,3.9411024414799902,4.163006756756757,9.937629351594312,12.374622356495468
c0_L64_rep007.npz,0.5,64,28814,4.046969696969697,4.256951431634048,9.953208715112478,11.941690962099125
c0_L64_rep007.npz,0.5,64,34974,4.199212598425197,4.354875735862375,10.518271519885365,13.003174603174603
c0_L64_rep007.npz,0.5,64,42451,4.315789473684211,4.486644789751838,10.866017789923276,13.562913907284768
c0_L64_rep007.npz,0.5,64,51526,4.262444801284625,4.518543788364955,10.651256028339636,13.342019543973942
c0_L64_rep007.npz,0.5,64,62542,4.603610675039247,4.793906118032094,11.231874744192128,14.075601374570446
c0_L64_rep007.npz,0.5,64,75913,4.70969840331165,4.948674400780379,11.413778004191837,14.173010380622838
c0_L64_rep007.npz,0.5,64,92142,5.338709677419356,5.417398281731936,12.364951217367855,15.814671814671815
c0_L64_rep007.npz,0.5,64,111841,5.910762032085562,6.062918994169706,13.581696597271076,17.88646288209607
c0_L64_rep007.npz,0.5,64,135751,6.170308123249297,6.358146156750774,13.737824219692902,17.504273504273506
c0_L64_rep007.npz,0.5,64,164773,6.594774590163935,6.683173201345756,14.287723520939451,18.533936651583712
c0_L64_rep007.npz,0.5,64,200000,6.93233082706767,7.01887096433401,14.769958324455189,19.230046948356808
c0_L96_rep000.npz,0.5,96,1,0.6677012499647301,0.7816405388833774,3.2091852197989184,2.6705302810779483
c0_L96_rep000.npz,0.5,96,2,0.7048043407955729,0.7984560500320864,3.3406425509243705,2.819210767818905
c0_L96_rep000.npz,0.5,96,3,0.7344764679676244,0.8305203735241894,3.435949396857357,2.9378386993943257
c0_L96_rep000.npz,0.5,96,4,0.7517168083714845,0.8488198796402426,3.495973321794702,3.006851549755302
c0_L96_rep000.npz,0.5,96,5,0.7705689066426131,0.8619502219695863,3.56459392121916,3.0822742474916387
c0_L96_rep000.npz,0.5,96,6,0.7861062814709132,0.88112372733202,3.621270806406884,3.1443193449334697
c0_L96_rep000.npz,0.5,96,7,0.7954352396070186,0.8941357438882358,3.6478663178044326,3.1812219537452533
c0_L96_rep000.npz,0.5,96,8,0.8033535310308605,0.9114861491313584,3.6669897937087055,3.213389121338912
c0_L96_rep000.npz,0.5,96,10,0.8267039924359698,0.9405892377112135,3.744348253789179,3.306781485468245
c0_L96_rep000.npz,0.5,96,12,0.8549900859220091,0.968141573691063,3.834678992521063,3.4196660482374766
c0_L96_rep000.npz,0.5,96,15,0.8814702411060527,1.0055157500251528,3.9115125347136535,3.525631216526396
c0_L96_rep000.npz,0.5,96,18,0.8961505783935688,1.0249357856453987,3.957597344594146,3.584597432905484
c0_L96_rep000.npz,0.5,96,22,0.9268211920529801,1.0436732338072647,4.055424929025642,3.7041800643086815
c0_L96_rep000.npz,0.5,96,27,0.943129448666908,1.0708688334404437,4.107883471801174,3.7724109701187065
c0_L96_rep000.npz,0.5,96,33,0.974221296644606,1.1124902372939445,4.193064296365053,3.896828752642706
c0_L96_rep000.npz,0.5,96,40,1.005526922555269,1.1352704893306722,4.277205348077588,4.006956521739131
c0_L96_rep000.npz,0.5,96,48,1.048160407718275,1.1878361143922453,4.356107244859849,4.134589502018843
c0_L96_rep000.npz,0.5,96,58,1.0693396226415088,1.2030290457150297,4.414311988009876,4.19672131147541
c0_L96_rep000.npz,0.5,96,71,1.1301988957342937,1.2516772512120022,4.556047511205766,4.386482627320324
c0_L96_rep000.npz,0.5,96,86,1.1745850391951502,1.2786287036118043,4.665597020617884,4.544378698224852
c0_L96_rep000.npz,0.5,96,105,1.1972890334889104,1.3038531775785476,4.699124005138942,4.601098352471293
c0_L96_rep000.npz,0.5,96,127,1.204966365803814,1.3274469585298738,4.726982272724019,4.614922383575363
c0_L96_rep000.npz,0.5,96,154,1.2564188121572633,1.375608248515691,4.843226042581979,4.780082987551867
c0_L96_rep000.npz,0.5,96,187,1.3006469984309312,1.415509712279019,4.93518005968796,4.923076923076923
c0_L96_rep000.npz,0.5,96,227,1.3601773826496504,1.4711890826404477,5.108420575983829,5.16013437849944
c0_L96_rep000.npz,0.5,96,276,1.4033683189049766,1.5167255729306335,5.183887865987231,5.263278126784694
c0_L96_rep000.npz,0.5,96,334,1.4378888854493266,1.5577473401979827,5.267180453760485,5.373760932944607
c0_L96_rep000.npz,0.5,96,406,1.5007339656729897,1.6235131982510578,5.409869310305121,5.582071471835251
c0_L96_rep000.npz,0.5,96,493,1.5425307219662054,1.6709834376272052,5.502779245581584,5.699443413729128
c0_L96_rep000.npz,0.5,96,598,1.5949577772558785,1.7230142749352413,5.629742288876011,5.907692307692307
c0_L96_rep000.npz,0.5,96,726,1.6550646482406668,1.7888256724161802,5.785055279152679,6.123588039867109
c0_L96_rep000.npz,0.5,96,881,1.6910574468695323,1.8314225153627628,5.844594689774549,6.193548387096774
c0_L96_rep000.npz,0.5,96,1069,1.7311342745305005,1.8813534989316236,5.964369594134086,6.355862068965517
c0_L96_rep000.npz,0.5,96,1298,1.843160479657273,1.9994397430019355,6.176874285811036,6.673425054308471
c0_L96_rep000.npz,0.5,96,1576,1.879323053629771,2.058206702612614,6.317517580220348,6.87248322147651
c0_L96_rep000.npz,0.5,96,1912,1.935228437962857,2.1203262502272775,6.43170952921109,7.0190403655750195
c0_L96_rep000.npz,0.5,96,2321,2.0240726373903937,2.226485971402991,6.575619064627801,7.199999999999999
c0_L96_rep000.npz,0.5,96,2818,2.120850173210161,2.3401190784397334,6.814742335174411,7.566502463054187
c0_L96_rep000.npz,0.5,96,3420,2.2562015503875963,2.4802700762497496,7.064715779125476,7.951682484900777
c0_L96_rep000.npz,0.5,96,4151,2.4805816135084418,2.646304289945144,7.503886608438773,8.69433962264151
c0_L96_rep000.npz,0.5,96,5039,2.563228446451248,2.7434168809647015,7.641275226388421,8.785510009532889
c0_L96_rep000.npz,0.5,96,6116,2.652734731767206,2.8425857032627864,7.84779493142053,9.11572700296736
c0_L96_rep000.npz,0.5,96,7423,2.7655848302739514,2.9830213189588184,8.04937062401504,9.394495412844037
c0_L96_rep000.npz,0.5,96,9010,2.944416418861511,3.128094934013466,8.419297440799573,9.963243243243245
c0_L96_rep000.npz,0.5,96,10937,3.083189042112423,3.2606435169186554,8.68400776108123,10.437146092865232
c0_L96_rep000.npz,0.5,96,13275,3.151985584586596,3.3649045657361514,8.669114786836328,10.24
c0_L96_rep000.npz,0.5,96,16113,3.3926002055498445,3.6120099795433447,9.212004782364316,11.130434782608695
c0_L96_rep000.npz,0.5,96,19557,3.5877851288634335,3.8346767461502194,9.44004448694624,11.43424317617866
c0_L96_rep000.npz,0.5,96,23739,3.704088704088703,3.941177158270368,9.786372979626352,12.047058823529412
c0_L96_rep000.npz,0.5,96,28814,3.8709022135051825,4.102678787416718,9.963567289522686,12.222811671087534
c0_L96_rep000.npz,0.5,96,34974,4.034397052177843,4.256155339189641,10.211638169241317,12.572987721691678
c0_L96_rep000.npz,0.5,96,42451,4.27075066137566,4.521458004182875,10.704830222410777,13.184549356223176
c0_L96_rep000.npz,0.5,96,51526,4.547789103853176,4.797697126690181,11.108043269501117,13.817091454272862
c0_L96_rep000.npz,0.5,96,62542,4.939473684210526,5.137097688656198,11.871860458779887,15.083469721767594
c0_L96_rep000.npz,0.5,96,75913,5.307247317059982,5.576913144299158,12.682419260477806,16.45714285714286
c0_L96_rep000.npz,0.5,96,92142,5.743790849673202,5.985390594744052,13.090818591963687,16.78688524590164
c0_L96_rep000.npz,0.5,96,111841,6.248393512851895,6.5513821898202895,13.970170396699762,18.395209580838323
c0_L96_rep000.npz,0.5,96,135751,6.437558356676002,6.646363566651354,13.95559803244176,17.964912280701753
c0_L96_rep000.npz,0.5,96,164773,6.759330484330482,7.0105401057594285,14.276458949830479,18.358565737051794
c0_L96_rep000.npz,0.5,96,200000,7.287062937062936,7.491284643995682,15.329728590894348,20.48
c0_L96_rep001.npz,0.5,96,1,0.676505801411318,0.7853687519368379,3.2381144236080788,2.705813270698767
c0_L96_rep001.npz,0.5,96,2,0.7171374764595103,0.8191822924021152,3.37814614145115,2.8683473389355743
c0_L96_rep001.npz,0.5,96,3,0.746362029103767,0.8436201369590356,3.4777532743099413,2.9854227405247813
c0_L96_rep001.npz,0.5,96,4,0.7650063496542965,0.8662876848930361,3.53987620875376,3.0597609561752988
c0_L96_rep001.npz,0.5,96,5,0.7831465113860872,0.8909809563124969,3.596389630034318,3.13256288239293
c0_L96_rep001.npz,0.5,96,6,0.7969561659176727,0.9034192677080206,3.6434024885012235,3.187824282255275
c0_L96_rep001.npz,0.5,96,7,0.8065352788609135,0.9117518248440627,3.676581493339341,3.225761288064403
c0_L96_rep001.npz,0.5,96,8,0.8184957092377585,0.9288937335812335,3.7144173926519675,3.273889875666075
c0_L96_rep001.npz,0.5,96,10,0.84214171319742,0.9499737021207186,3.7861113729855846,3.3684210526315788
c0_L96_rep001.npz,0.5,96,12,0.8597249535100924,0.970703220265096,3.844185489267217,3.4388059701492537
c0_L96_rep001.npz,0.5,96,15,0.8800796057066317,0.9877627711917734,3.9083605514228204,3.5202444614209316
c0_L96_rep001.npz,0.5,96,18,0.8993324992366978,1.0088619160198382,3.961078160382631,3.597189695550351
c0_L96_rep001.npz,0.5,96,22,0.9150586750788642,1.03833240525592,4.010817492814231,3.6600476568705322
c0_L96_rep001.npz,0.5,96,27,0.9520895261409335,1.0764362072380074,4.126983732614267,3.808264462809917
c0_L96_rep001.npz,0.5,96,33,0.9754508328362315,1.1128944996861034,4.188131296299418,3.901778154106689
c0_L96_rep001.npz,0.5,96,40,1.0025381888766982,1.1272089017477198,4.2681778471282215,4.005215123859192
c0_L96_rep001.npz,0.5,96,48,1.015931372549019,1.1424869778687365,4.3057025946158145,4.045654082528534
c0_L96_rep001.npz,0.5,96,58,1.064073992234603,1.1857741661146135,4.406102478300332,4.185286103542235
c0_L96_rep001.npz,0.5,96,71,1.0982264632882717,1.2176103175865995,4.485914398154848,4.288506281991624
c0_L96_rep001.npz,0.5,96,86,1.1368725057249642,1.2466971927663857,4.577227778384991,4.411680229775012
c0_L96_rep001.npz,0.5,96,105,1.1661706030386778,1.2742327534983482,4.634397798154505,4.506601466992665
c0_L96_rep001.npz,0.5,96,127,1.213910548112223,1.316530170654226,4.753584382751535,4.66632911392405
c0_L96_rep001.npz,0.5,96,154,1.240495305797801,1.347385474196427,4.811190717394744,4.743180648481729
c0_L96_rep001.npz,0.5,96,187,1.2852670278261373,1.4040653666769738,4.894442011078958,4.863324538258576
c0_L96_rep001.npz,0.5,96,227,1.3078046946990634,1.4296405531099499,4.948860468833061,4.925708177445217
c0_L96_rep001.npz,0.5,96,276,1.3826388888888883,1.4993300493217379,5.141498495689275,5.221529745042493
c0_L96_rep001.npz,0.5,96,334,1.452841647238881,1.5594787488116812,5.282504417890769,5.430760164997054
c0_L96_rep001.npz,0.5,96,406,1.4737617802133927,1.5969087176490997,5.320791772541832,5.485714285714286
c0_L96_rep001.npz,0.5,96,493,1.5276172570750044,1.653316210492112,5.436124613162413,5.64014687882497
c0_L96_rep001.npz,0.5,96,598,1.5808519059416475,1.7227357376453485,5.598254972417609,5.866327180140039
c0_L96_rep001.npz,0.5,96,726,1.659757773887261,1.8036818428903718,5.751083683635473,6.087186261558784
c0_L96_rep001.npz,0.5,96,881,1.7028596403596399,1.8533209236132617,5.8922615379404375,6.260869565217392
c0_L96_rep001.npz,0.5,96,1069,1.7742123431421066,1.9071161006003847,6.012836478404628,6.440251572327044
c0_L96_rep001.npz,0.5,96,1298,1.8676968601019226,2.011771879107306,6.256295312395639,6.841870824053452
c0_L96_rep001.npz,0.5,96,1576,1.8786529859811072,2.046591147000436,6.226318598519206,6.702545454545455
c0_L96_rep001.npz,0.5,96,1912,1.9857520165869305,2.140304765502826,6.535538364848174,7.233908948194663
c0_L96_rep001.npz,0.5,96,2321,2.0863615166624805,2.2380633063293343,6.704550662846425,7.450282942603072
c0_L96_rep001.npz,0.5,96,2818,2.1718883338678197,2.326499008006418,6.910148187367981,7.757575757575758
c0_L96_rep001.npz,0.5,96,3420,2.250545739818541,2.4019459402131638,7.023534445966525,7.924333619948409
c0_L96_rep001.npz,0.5,96,4151,2.3054214914994535,2.461874207961183,7.118012618762934,8.03487358326068
c0_L96_rep001.npz,0.5,96,5039,2.4280582774464015,2.599463595880739,7.436281133561019,8.557103064066853
c0_L96_rep001.npz,0.5,96,6116,2.5836200089264247,2.7490276309365194,7.718454811133165,9.017612524461839
c0_L96_rep001.npz,0.5,96,7423,2.620061875297477,2.8176570161230794,7.7809626702350005,9.070866141732283
c0_L96_rep001.npz,0.5,96,9010,2.7543270024772912,2.9596275648415586,8.017039663777453,9.309090909090909
c0_L96_rep001.npz,0.5,96,10937,2.9921165790731004,3.2001730589989323,8.47486180076898,10.14977973568282
c0_L96_rep001.npz,0.5,96,13275,3.1261675559711746,3.3638710639065343,8.668355122440635,10.343434343434344
c0_L96_rep001.npz,0.5,96,16113,3.2935129667544105,3.505874233002193,8.901202485902266,10.666666666666666
c0_L96_rep001.npz,0.5,96,19557,3.5331196581196567,3.708026343831105,9.295845055329254,11.239024390243902
c0_L96_rep001.npz,0.5,96,23739,3.5727890987305875,3.758680572993392,9.596340988174214,11.830551989730424
c0_L96_rep001.npz,0.5,96,28814,3.67699054510078,3.9094397735119832,9.501764574912597,11.33579335793358
c0_L96_rep001.npz,0.5,96,34974,3.890964876127673,4.158415723925161,10.160732721840512,12.607387140902873
c0_L96_rep001.npz,0.5,96,42451,4.134602520771722,4.392384929708671,10.40699284527502,12.907563025210084
c0_L96_rep001.npz,0.5,96,51526,4.550053705692802,4.799895931976009,11.029368522570326,13.879518072289159
c0_L96_rep001.npz,0.5,96,62542,4.893875313283207,5.189939586579623,11.474764862523438,14.288372093023256
c0_L96_rep001.npz,0.5,96,75913,4.982707946925379,5.3249611659356715,11.439249190037264,14.048780487804878
c0_L96_rep001.npz,0.5,96,92142,5.353700368750534,5.581426628779968,12.601115700122113,16.369449378330373
c0_L96_rep001.npz,0.5,96,111841,5.644350690825964,5.9031871448863615,12.820152772286734,16.369449378330373
c0_L96_rep001.npz,0.5,96,135751,5.932982510447298,6.2000412357457435,13.038036258925178,16.605405405405406
c0_L96_rep001.npz,0.5,96,164773,6.286127167630056,6.599270274771426,13.366862671864313,16.848263254113345
c0_L96_rep001.npz,0.5,96,200000,6.597038312146889,6.881460731907892,14.042705479233279,17.964912280701753
c0_L96_rep002.npz,0.5,96,1,0.6703684515283577,0.7596790862647995,3.21954706233062,2.6814082048297934
c0_L96_rep002.npz,0.5,96,2,0.7099044738467776,0.7968720700195018,3.3613227435826025,2.8391866913123844
c0_L96_rep002.npz,0.5,96,3,0.7342402360633573,0.8257574818121691,3.439850923824659,2.9369024856596555
c0_L96_rep002.npz,0.5,96,4,0.7564344500305893,0.857774581542859,3.503344671380322,3.025607353906763
c0_L96_rep002.npz,0.5,96,5,0.7786422332860343,0.8766978634525329,3.5797140281766833,3.1145657316661035
c0_L96_rep002.npz,0.5,96,6,0.7842073069009619,0.8860658708297147,3.5944292522027808,3.1368277739959156
c0_L96_rep002.npz,0.5,96,7,0.7964265265214551,0.8989046901719706,3.6398573427306453,3.185620463187003
c0_L96_rep002.npz,0.5,96,8,0.8130341752632773,0.9172942219817218,3.6935890577963244,3.251940719830628
c0_L96_rep002.npz,0.5,96,10,0.832982688020478,0.9403512999780225,3.760446639939146,3.3318872017353582
c0_L96_rep002.npz,0.5,96,12,0.8536693046211425,0.9613879308342622,3.8276970009468063,3.4145979992589846
c0_L96_rep002.npz,0.5,96,15,0.8770049014495775,0.9848812457404335,3.894697146215922,3.506849315068493
c0_L96_rep002.npz,0.5,96,18,0.8958664792054061,1.0059207292943217,3.951858065838247,3.583203732503888
c0_L96_rep002.npz,0.5,96,22,0.9153825269445197,1.03555008715616,4.012157471066539,3.6615017878426697
c0_L96_rep002.npz,0.5,96,27,0.953267572419856,1.0757499305572509,4.1224156747289555,3.8129913115432355
c0_L96_rep002.npz,0.5,96,33,0.9751590531323433,1.0989052851639687,4.188301923875484,3.9001269572577235
c0_L96_rep002.npz,0.5,96,40,0.9918299272832392,1.1168037373973094,4.247542267238901,3.9672836848902286
c0_L96_rep002.npz,0.5,96,48,1.016530356089978,1.1466906346193284,4.302104363650679,4.043878894251865
c0_L96_rep002.npz,0.5,96,58,1.0447647927892132,1.1715635773044266,4.362550152998074,4.129032258064516
c0_L96_rep002.npz,0.5,96,71,1.0831765620688785,1.1998858024691357,4.445242056127199,4.2430939226519335
c0_L96_rep002.npz,0.5,96,86,1.1117773561037314,1.23603260050792,4.504527983303545,4.322701688555347
c0_L96_rep002.npz,0.5,96,105,1.1599780655502592,1.2734992793533557,4.610900442267081,4.478134110787172
c0_L96_rep002.npz,0.5,96,127,1.2041546677104589,1.3030150199304535,4.724202449176026,4.640483383685801
c0_L96_rep002.npz,0.5,96,154,1.231808032137095,1.3407536126429735,4.771387784031013,4.709248850281043
c0_L96_rep002.npz,0.5,96,187,1.2805599711824338,1.3818073804999378,4.897583590635787,4.889124668435013
c0_L96_rep002.npz,0.5,96,227,1.3284732475240892,1.4328060305293497,5.01808054940896,5.055403181568843
c0_L96_rep002.npz,0.5,96,276,1.3614650673728481,1.4639715743256843,5.097160543077298,5.16013437849944
c0_L96_rep002.npz,0.5,96,334,1.4112412332936348,1.5240949934454435,5.202781592423016,5.29350947731189
c0_L96_rep002.npz,0.5,96,406,1.4641232460452225,1.5800946407070384,5.317804470290972,5.475935828877005
c0_L96_rep002.npz,0.5,96,493,1.5326728707739423,1.6517842603260773,5.475694682861309,5.724223602484472
c0_L96_rep002.npz,0.5,96,598,1.5715419501133783,1.6963607580622941,5.565564672686028,5.832911392405063
c0_L96_rep002.npz,0.5,96,726,1.5966577540106948,1.7389014847842654,5.636728537987428,5.907692307692307
c0_L96_rep002.npz,0.5,96,881,1.6767607611825008,1.8261152359141053,5.762998097202769,6.087186261558784
c0_L96_rep002.npz,0.5,96,1069,1.724988186713137,1.8952132847537855,5.903416721967904,6.26512576478586
c0_L96_rep002.npz,0.5,96,1298,1.8138131241215212,1.9687895794561618,6.170677323134063,6.6976744186046515
c0_L96_rep002.npz,0.5,96,1576,1.8773855979738328,2.0429810601445735,6.240530673927325,6.776470588235294
c0_L96_rep002.npz,0.5,96,1912,1.957604157574699,2.12229871525554,6.447823733044374,7.089230769230769
c0_L96_rep002.npz,0.5,96,2321,2.051684704547741,2.2287470468213053,6.673944323626164,7.414320193081255
c0_L96_rep002.npz,0.5,96,2818,2.1772565835065834,2.342571605269432,6.878229105320771,7.731543624161073
c0_L96_rep002.npz,0.5,96,3420,2.2983189500179786,2.454401520690288,7.131529971915318,8.134157105030893
c0_L96_rep002.npz,0.5,96,4151,2.3542880883138455,2.516406704748157,7.296679532750914,8.408759124087592
c0_L96_rep002.npz,0.5,96,5039,2.445520850899804,2.5965907990665364,7.4465226013184385,8.621141253507952
c0_L96_rep002.npz,0.5,96,6116,2.504286072243395,2.672278759116047,7.5628716826590185,8.70254957507082
c0_L96_rep002.npz,0.5,96,7423,2.5910382438532564,2.792080258158943,7.616145775082513,8.727272727272728
c0_L96_rep002.npz,0.5,96,9010,2.7912908303817385,2.968881696772373,8.08271602697461,9.530506721820062
c0_L96_rep002.npz,0.5,96,10937,2.8266616314199386,3.0089471414704816,8.1201224116367,9.510835913312693
c0_L96_rep002.npz,0.5,96,13275,2.9370747991604533,3.132630465323464,8.327945879697326,9.793836344314558
c0_L96_rep002.npz,0.5,96,16113,3.044190036561203,3.277215442856718,8.527624638200395,10.050163576881134
c0_L96_rep002.npz,0.5,96,19557,3.3456876715025774,3.5370890633552268,9.02975900007286,10.880755608028334
c0_L96_rep002.npz,0.5,96,23739,3.563807692307691,3.7675512716998787,9.528561319420229,11.695431472081218
c0_L96_rep002.npz,0.5,96,28814,3.8669118228548816,4.074483076826826,9.984968760050865,12.387096774193548
c0_L96_rep002.npz,0.5,96,34974,3.9520418017520855,4.204648164286675,10.093886996616677,12.420485175202156
c0_L96_rep002.npz,0.5,96,42451,4.128602090332214,4.388689996906928,10.326524330215152,12.676753782668502
c0_L96_rep002.npz,0.5,96,51526,4.225673599016492,4.476831502969029,10.508231410177139,12.88951048951049
c0_L96_rep002.npz,0.5,96,62542,4.477826768982912,4.679774657364629,11.028159996962446,13.73472429210134
c0_L96_rep002.npz,0.5,96,75913,4.866728192507519,5.071197037367076,11.721313684585375,14.840579710144928
c0_L96_rep002.npz,0.5,96,92142,5.32059353847063,5.5905250965647575,12.399738635291977,15.862306368330465
c0_L96_rep002.npz,0.5,96,111841,5.761090399151757,6.026746838781809,12.764322827967224,16.027826086956523
c0_L96_rep002.npz,0.5,96,135751,6.059614168247944,6.381512933330855,13.537633481408907,17.587786259541986
c0_L96_rep002.npz,0.5,96,164773,6.371749408983448,6.779849577505825,13.585637267519338,17.421550094517958
c0_L96_rep002.npz,0.5,96,200000,6.624162396531335,7.03467905154486,14.12100869415901,18.468937875751504
c0_L96_rep003.npz,0.5,96,1,0.6630374508833543,0.7635696024943961,3.195767073555523,2.652086330935252
c0_L96_rep003.npz,0.5,96,2,0.7116383048621489,0.8085404483430798,3.3594542436425106,2.846201358863496
c0_L96_rep003.npz,0.5,96,3,0.7368483063328424,0.8327490755659686,3.4476287578538174,2.9472337703869522
c0_L96_rep003.npz,0.5,96,4,0.7626634595661648,0.8642809771207672,3.5376454457162936,3.0506454816285995
c0_L96_rep003.npz,0.5,96,5,0.782679494209328,0.888893654122229,3.597326851469251,3.130434782608696
c0_L96_rep003.npz,0.5,96,6,0.7968329350265675,0.8979633284258386,3.648184143531902,3.186721991701245
c0_L96_rep003.npz,0.5,96,7,0.8099043665208687,0.9161780265267025,3.6865345148071667,3.2393673110720567
c0_L96_rep003.npz,0.5,96,8,0.8199354714188232,0.9288455830761913,3.7173134586185865,3.279715302491103
c0_L96_rep003.npz,0.5,96,10,0.8406507043333433,0.9542309368149717,3.784199241902543,3.3622765414082454
c0_L96_rep003.npz,0.5,96,12,0.863271927647383,0.9690244712570484,3.857964107332502,3.4529786436867744
c0_L96_rep003.npz,0.5,96,15,0.8797252141661659,0.9946188834330028,3.9079914021326787,3.5189003436426116
c0_L96_rep003.npz,0.5,96,18,0.9045937790186469,1.0226081165840952,3.985115279001669,3.618374558303887
c0_L96_rep003.npz,0.5,96,22,0.9186602870813395,1.036818092092357,4.0268135188394805,3.6746411483253585
c0_L96_rep003.npz,0.5,96,27,0.9389507694923898,1.058419734266787,4.084422189714651,3.755501222493887
c0_L96_rep003.npz,0.5,96,33,0.9635987243327921,1.087659567934522,4.15832515357649,3.8528428093645486
c0_L96_rep003.npz,0.5,96,40,0.9811133590028058,1.1086971920450444,4.217958505776865,3.9233716475095783
c0_L96_rep003.npz,0.5,96,48,1.0060110757267642,1.1290744854716244,4.281455185720144,4.008699434536755
c0_L96_rep003.npz,0.5,96,58,1.0266555553722003,1.1564509801392246,4.322309035338429,4.072470172337605
c0_L96_rep003.npz,0.5,96,71,1.0436549437234954,1.17526221836335,4.361911322802736,4.123489932885906
c0_L96_rep003.npz,0.5,96,86,1.0781813948073113,1.2011574074074072,4.430435540367325,4.223648029330889
c0_L96_rep003.npz,0.5,96,105,1.1231862084456419,1.2389544014194547,4.539032609018668,4.367772511848341
c0_L96_rep003.npz,0.5,96,127,1.1885030423235952,1.2944202080059366,4.6822506627117795,4.5759682224429
c0_L96_rep003.npz,0.5,96,154,1.2194184927343246,1.3353440813944282,4.740359933767019,4.659251769464105
c0_L96_rep003.npz,0.5,96,187,1.2424429699019859,1.359141084269258,4.8059070995636,4.743180648481729
c0_L96_rep003.npz,0.5,96,227,1.3037876349754183,1.4155424041830516,4.965921929300481,4.960172228202368
c0_L96_rep003.npz,0.5,96,276,1.3543422591442509,1.4696343124179123,5.058680154798776,5.102990033222592
c0_L96_rep003.npz,0.5,96,334,1.376948973304422,1.5083175450204174,5.11194655123994,5.154362416107383
c0_L96_rep003.npz,0.5,96,406,1.449034153914393,1.5722627962225728,5.28445685106555,5.417989417989418
c0_L96_rep003.npz,0.5,96,493,1.5092586567511033,1.6278929173720118,5.437088399768875,5.6332518337408315
c0_L96_rep003.npz,0.5,96,598,1.5436817472698903,1.668846722932613,5.524044963177529,5.734909769757312
c0_L96_rep003.npz,0.5,96,726,1.611591283647683,1.7435102226633443,5.649753291760012,5.953488372093023
c0_L96_rep003.npz,0.5,96,881,1.6529304029304024,1.790488685666908,5.739940356995388,6.055190538764783
c0_L96_rep003.npz,0.5,96,1069,1.7338514285051845,1.8534566917692086,5.943270466896891,6.391123439667129
c0_L96_rep003.npz,0.5,96,1298,1.7723204826185042,1.911180762483863,6.017503682626984,6.44926522043387
c0_L96_rep003.npz,0.5,96,1576,1.8539251940065071,2.0067953732203376,6.227954509334385,6.741770299926848
c0_L96_rep003.npz,0.5,96,1912,1.9567889908256875,2.104114686625393,6.4444332812037555,7.072908672294705
c0_L96_rep003.npz,0.5,96,2321,2.073663414440676,2.2190062056382747,6.671408940773535,7.408360128617363
c0_L96_rep003.npz,0.5,96,2818,2.2198594926238857,2.35427877784263,6.945709596447323,7.870196413321947
c0_L96_rep003.npz,0.5,96,3420,2.249126449587278,2.405811513615417,7.042710368262604,7.972318339100346
c0_L96_rep003.npz,0.5,96,4151,2.3784080755391335,2.563954543320299,7.283113795634746,8.310189359783589
c0_L96_rep003.npz,0.5,96,5039,2.4761203276657247,2.677632189160591,7.483803211731504,8.565055762081784
c0_L96_rep003.npz,0.5,96,6116,2.6324174942760052,2.850555847338935,7.775543285127453,9.070866141732283
c0_L96_rep003.npz,0.5,96,7423,2.773412025564105,2.981570584669738,7.917629871163251,9.188434695912264
c0_L96_rep003.npz,0.5,96,9010,2.927805522914218,3.106601175515367,8.399125143221921,9.984832069339111
c0_L96_rep003.npz,0.5,96,10937,3.120911556111806,3.299163223319,8.66494102264988,10.366704161979753
c0_L96_rep003.npz,0.5,96,13275,3.184086746586746,3.3688023325851653,8.784522430106964,10.496583143507973
c0_L96_rep003.npz,0.5,96,16113,3.3000291698267303,3.4939294145674613,9.017831591246573,10.816901408450704
c0_L96_rep003.npz,0.5,96,19557,3.4414115236258436,3.5964898199592734,9.27820268426482,11.321867321867321
c0_L96_rep003.npz,0.5,96,23739,3.5727354606278943,3.7906396210949005,9.594028600648757,11.830551989730424
c0_L96_rep003.npz,0.5,96,28814,3.682709447415328,3.922760941315628,9.786435309896191,12.015645371577573
c0_L96_rep003.npz,0.5,96,34974,3.9623236027112396,4.166880939941283,10.150678089328968,12.454054054054053
c0_L96_rep003.npz,0.5,96,42451,4.174156227253571,4.444683187664629,10.349704781585086,12.624657534246575
c0_L96_rep003.npz,0.5,96,51526,4.416355140186914,4.699484944309162,10.916850881933412,13.653333333333334
c0_L96_rep003.npz,0.5,96,62542,4.468596958501587,4.779556999981331,10.998744845750112,13.73472429210134
c0_L96_rep003.npz,0.5,96,75913,4.831208345407126,5.161592195186177,11.320739230283504,14.07022900763359
c0_L96_rep003.npz,0.5,96,92142,5.314490445859873,5.5027630815991255,11.957316543692112,14.9126213592233
c0_L96_rep003.npz,0.5,96,111841,5.628534158475912,5.802257191051135,12.61613933630577,16.083769633507853
c0_L96_rep003.npz,0.5,96,135751,5.822916666666664,6.053928310859746,13.264081820748112,17.162011173184357
c0_L96_rep003.npz,0.5,96,164773,6.120972981235906,6.504883742559523,13.096812114594336,16.45714285714286
c0_L96_rep003.npz,0.5,96,200000,6.719124963418201,nan,13.67299672308745,17.587786259541986
c0_L96_rep004.npz,0.5,96,1,0.6725559481743226,0.7919441344246031,3.231005185212045,2.690017513134851
c0_L96_rep004.npz,0.5,96,2,0.7106748585798924,0.8121385834532591,3.3695963636004116,2.8426896977174585
c0_L96_rep004.npz,0.5,96,3,0.7449210158804491,0.8521170936960709,3.47897189508085,2.9796314258001937
c0_L96_rep004.npz,0.5,96,4,0.7690531270458031,0.8675057444919975,3.5610534883531932,3.0761014686248327
c0_L96_rep004.npz,0.5,96,5,0.7915389713754835,0.8929500991566963,3.6353456583864068,3.1659223634489866
c0_L96_rep004.npz,0.5,96,6,0.8040492360924403,0.9093154098614447,3.6734187221930803,3.2156315422191204
c0_L96_rep004.npz,0.5,96,7,0.8152235622775263,0.9207308049468295,3.7104025181569953,3.2599929253625755
c0_L96_rep004.npz,0.5,96,8,0.8264413813546759,0.9343919930182154,3.748482625869032,3.3055954088952655
c0_L96_rep004.npz,0.5,96,10,0.848019958102723,0.9663419196353564,3.813945458772229,3.3919764446080234
c0_L96_rep004.npz,0.5,96,12,0.8700926198478924,0.9883623196322362,3.8832579463084316,3.4803625377643503
c0_L96_rep004.npz,0.5,96,15,0.8842307656057078,1.0051228976049875,3.9247295277817367,3.5364543361473526
c0_L96_rep004.npz,0.5,96,18,0.9139554029320167,1.0376577443411867,4.01674055178987,3.655692185640619
c0_L96_rep004.npz,0.5,96,22,0.9501032543485178,1.0734381778677653,4.122732691510567,3.8004123711340205
c0_L96_rep004.npz,0.5,96,27,0.9628285351450351,1.0909203444234534,4.165420683299425,3.8512327622231504
c0_L96_rep004.npz,0.5,96,33,0.9947386302507524,1.1254476097853678,4.253066770752341,3.9741267787839583
c0_L96_rep004.npz,0.5,96,40,1.024579228243021,1.151295069964298,4.324674983565748,4.070671378091873
c0_L96_rep004.npz,0.5,96,48,1.0358032338508565,1.168784110617907,4.340831929369615,4.099644128113879
c0_L96_rep004.npz,0.5,96,58,1.0831651946601688,1.2035828419563037,4.444269953315328,4.2430939226519335
c0_L96_rep004.npz,0.5,96,71,1.1012997356191598,1.2258057788946064,4.482894802034822,4.294501397949674
c0_L96_rep004.npz,0.5,96,86,1.1561445238791288,1.268664604135816,4.611492367939612,4.469447138700291
c0_L96_rep004.npz,0.5,96,105,1.195460168129454,1.3024860602747776,4.700075656779823,4.601098352471293
c0_L96_rep004.npz,0.5,96,127,1.2293267558422662,1.3391454553091395,4.782528489312868,4.706843718079673
c0_L96_rep004.npz,0.5,96,154,1.273925344750038,1.3842760782631771,4.871534881637318,4.842879663688912
c0_L96_rep004.npz,0.5,96,187,1.3046390119105584,1.4196372016797096,4.947282090722997,4.938906752411575
c0_L96_rep004.npz,0.5,96,227,1.3355992559657024,1.454261141268049,5.021298439823034,5.041575492341357
c0_L96_rep004.npz,0.5,96,276,1.3656165522977743,1.489681531192228,5.091216141523809,5.128547579298831
c0_L96_rep004.npz,0.5,96,334,1.4368565381589977,1.5554406341143412,5.2642199614040495,5.386323787258913
c0_L96_rep004.npz,0.5,96,406,1.4796798308882897,1.6131426139931782,5.380269504125356,5.528494301139772
c0_L96_rep004.npz,0.5,96,493,1.5117136821175587,1.6571928061982268,5.4188202950816615,5.565217391304348
c0_L96_rep004.npz,0.5,96,598,1.5673024976104388,1.7152155980250774,5.542085479358162,5.76
c0_L96_rep004.npz,0.5,96,726,1.6303782005732486,1.771392637310606,5.713893075063613,6.019595035924232
c0_L96_rep004.npz,0.5,96,881,1.6743504348783438,1.8275339288747519,5.8255384480854175,6.176943699731904
c0_L96_rep004.npz,0.5,96,1069,1.7629520033141972,1.906581065040633,6.0263352323858985,6.490140845070423
c0_L96_rep004.npz,0.5,96,1298,1.8097443098324781,1.9628567849096088,6.089544064883999,6.545454545454545
c0_L96_rep004.npz,0.5,96,1576,1.9074129780833688,2.0711380643537334,6.311543545581649,6.852044609665427
c0_L96_rep004.npz,0.5,96,1912,1.9692022706010825,2.127353949709105,6.458815322627919,7.089230769230769
c0_L96_rep004.npz,0.5,96,2321,2.0413755403000247,2.2147223437772006,6.643065180660413,7.325914149443562
c0_L96_rep004.npz,0.5,96,2818,2.1635649874786376,2.3454702035712893,6.900171394655485,7.725062866722549
c0_L96_rep004.npz,0.5,96,3420,2.270717867511216,2.442498519696131,7.1206476539729024,8.041884816753926
c0_L96_rep004.npz,0.5,96,4151,2.3492457783411322,2.5281070685503635,7.262901036436532,8.265470852017938
c0_L96_rep004.npz,0.5,96,5039,2.467831416656135,2.652188331337424,7.519493490026134,8.669802445907807
c0_L96_rep004.npz,0.5,96,6116,2.5519390581717447,2.7476227098926187,7.542888957664131,8.597014925373134
c0_L96_rep004.npz,0.5,96,7423,2.6834184164900785,2.892509826212633,7.785058435788307,8.904347826086957
c0_L96_rep004.npz,0.5,96,9010,2.8531139287712097,3.053394914425195,8.18313417239262,9.550259067357512
c0_L96_rep004.npz,0.5,96,10937,3.0796913580246903,3.270484478099621,8.662426875548801,10.343434343434344
c0_L96_rep004.npz,0.5,96,13275,3.372770034843204,3.5307271533951803,9.20306159400216,11.239024390243902
c0_L96_rep004.npz,0.5,96,16113,3.2944539249146745,3.5183839764356506,8.97797264009128,10.69141531322506
c0_L96_rep004.npz,0.5,96,19557,3.4524282856864077,3.6409327962329554,9.345067573575445,11.321867321867321
c0_L96_rep004.npz,0.5,96,23739,3.6219149527515273,3.7994278256479213,9.351993477263138,11.117008443908324
c0_L96_rep004.npz,0.5,96,28814,3.694286616161615,3.8797919232434674,9.927092647893557,12.403768506056528
c0_L96_rep004.npz,0.5,96,34974,3.9220975754186265,4.1400623222773945,10.10877574954763,12.521739130434783
c0_L96_rep004.npz,0.5,96,42451,4.017093367131388,4.2537564385827995,10.16733554410939,12.454054054054053
c0_L96_rep004.npz,0.5,96,51526,4.375531251218465,4.619447699505088,10.824948090530278,13.493411420204978
c0_L96_rep004.npz,0.5,96,62542,4.8042958619912035,5.08772988594966,11.439045194716682,14.445141065830722
c0_L96_rep004.npz,0.5,96,75913,4.938276776986452,5.6458533554480805,11.41515470856305,14.178461538461537
c0_L96_rep004.npz,0.5,96,92142,5.58042611118146,5.8431253113595965,12.320694916175063,15.593908629441623
c0_L96_rep004.npz,0.5,96,111841,6.04907221104404,6.684340439173872,12.84271513557416,16.369449378330373
c0_L96_rep004.npz,0.5,96,135751,6.682834101382486,7.283004598738467,13.661525340839207,17.964912280701753
c0_L96_rep004.npz,0.5,96,164773,7.06937799043062,7.464245721024963,13.661303433109746,17.421550094517958
c0_L96_rep004.npz,0.5,96,200000,7.244521497919552,7.52043770032051,14.038729348534867,18.0
c0_L96_rep005.npz,0.5,96,1,0.6727012460385711,0.7844701398279617,3.2299077655790187,2.6908029197080294
c0_L96_rep005.npz,0.5,96,2,0.7149280700213964,0.8154027780675158,3.381520394901123,2.859447719515979
c0_L96_rep005.npz,0.5,96,3,0.7411081130295153,0.8508944963282247,3.462539427208466,2.9642972016725633
c0_L96_rep005.npz,0.5,96,4,0.7655705217197781,0.8766229921315807,3.5419009209297974,3.0617940199335547
c0_L96_rep005.npz,0.5,96,5,0.7839801418965229,0.8978240885616494,3.601727964150699,3.1357604627424296
c0_L96_rep005.npz,0.5,96,6,0.799444829979181,0.9164774207477842,3.6559823989215423,3.1977793199167244
c0_L96_rep005.npz,0.5,96,7,0.8176015473887813,0.9288779538231522,3.7099202776077163,3.270404542228531
c0_L96_rep005.npz,0.5,96,8,0.8243469925712914,0.9367767275906711,3.7359712889516916,3.2973166368515208
c0_L96_rep005.npz,0.5,96,10,0.8455757575757574,0.9627396554381986,3.7963710454580433,3.3820183486238533
c0_L96_rep005.npz,0.5,96,12,0.859062313536791,0.9816215579794614,3.8395536042168255,3.436241610738255
c0_L96_rep005.npz,0.5,96,15,0.8923850685925254,1.0188831420412203,3.9459878292370565,3.569326103795507
c0_L96_rep005.npz,0.5,96,18,0.916477060922145,1.0436820329153496,4.017961687719331,3.6658711217183773
c0_L96_rep005.npz,0.5,96,22,0.9392844322125162,1.0717689394815566,4.088826082218181,3.757032205462699
c0_L96_rep005.npz,0.5,96,27,0.9588149478173043,1.0960721589630937,4.143864397588698,3.8352059925093633
c0_L96_rep005.npz,0.5,96,33,0.9973435881698565,1.134329309393149,4.251542309073475,3.9775571860164005
c0_L96_rep005.npz,0.5,96,40,1.0114932388120292,1.148796952496292,4.299851278243515,4.031496062992126
c0_L96_rep005.npz,0.5,96,48,1.0597326091763666,1.1874834518446855,4.391060282391528,4.1720235400633765
c0_L96_rep005.npz,0.5,96,58,1.085446289483278,1.2060705502166453,4.447206281757274,4.250922509225092
c0_L96_rep005.npz,0.5,96,71,1.1315599543825348,1.2475297770212126,4.547899904810305,4.392755004766444
c0_L96_rep005.npz,0.5,96,86,1.1607368467033594,1.2720621060318908,4.611484737222367,4.482490272373541
c0_L96_rep005.npz,0.5,96,105,1.2295755995400786,1.3295352360985715,4.7697985943626335,4.71889400921659
c0_L96_rep005.npz,0.5,96,127,1.2421180146004014,1.343343911642598,4.798502231772117,4.750515463917526
c0_L96_rep005.npz,0.5,96,154,1.243498960822552,1.3638445710089886,4.809863229492454,4.7407407407407405
c0_L96_rep005.npz,0.5,96,187,1.2924070986887992,1.413564160092192,4.90111283666188,4.88135593220339
c0_L96_rep005.npz,0.5,96,227,1.3325353817541972,1.4543378391718846,5.007488334046596,5.022343324250682
c0_L96_rep005.npz,0.5,96,276,1.3887611447017827,1.5115861729356161,5.139842308305303,5.200902934537246
c0_L96_rep005.npz,0.5,96,334,1.4492209710998183,1.5690336615928613,5.295331765325652,5.408450704225352
c0_L96_rep005.npz,0.5,96,406,1.5018385855948049,1.623129939981801,5.41232347737852,5.585454545454545
c0_L96_rep005.npz,0.5,96,493,1.5543847839969618,1.6733849948071593,5.533342549711218,5.7636022514071295
c0_L96_rep005.npz,0.5,96,598,1.5734035215839008,1.710466157799822,5.580118544011016,5.818181818181818
c0_L96_rep005.npz,0.5,96,726,1.6728310150541414,1.7997233124295713,5.797573381284976,6.172806430006698
c0_L96_rep005.npz,0.5,96,881,1.7221947602570433,1.8568213222789112,5.921388923151033,6.325326012354153
c0_L96_rep005.npz,0.5,96,1069,1.8285725534662505,1.9517609611918227,6.176888265708839,6.727007299270073
c0_L96_rep005.npz,0.5,96,1298,1.862301783735911,2.0026548389712113,6.216390921518003,6.756598240469208
c0_L96_rep005.npz,0.5,96,1576,1.887074617753238,2.0450454022855915,6.324448347748268,6.929323308270677
c0_L96_rep005.npz,0.5,96,1912,1.9706314980108974,2.1529609823115177,6.467626983029725,7.105628373168851
c0_L96_rep005.npz,0.5,96,2321,2.064434711772566,2.247148943277627,6.641118253844428,7.296912114014251
c0_L96_rep005.npz,0.5,96,2818,2.157060630164832,2.3590375038794016,6.7962907814027025,7.566502463054187
c0_L96_rep005.npz,0.5,96,3420,2.274852757451365,2.4941852929677837,7.02732318653749,7.876923076923077
c0_L96_rep005.npz,0.5,96,4151,2.4297767155578835,2.634500054476004,7.382017376444325,8.408759124087592
c0_L96_rep005.npz,0.5,96,5039,2.6317350088183415,2.8430707429779316,7.712165208759389,8.912959381044487
c0_L96_rep005.npz,0.5,96,6116,2.820323164073163,3.046355544532627,8.214001010446934,9.752380952380953
c0_L96_rep005.npz,0.5,96,7423,2.8516917293233077,3.169284095293209,8.143912665103187,9.462012320328542
c0_L96_rep005.npz,0.5,96,9010,3.015215503040105,3.281290590317078,8.493624797580564,9.963243243243245
c0_L96_rep005.npz,0.5,96,10937,3.3994384618118474,3.6297975383977095,9.04783117930328,10.867924528301886
c0_L96_rep005.npz,0.5,96,13275,3.507818508074851,3.765745578798873,9.206447804381872,11.063625450180071
c0_L96_rep005.npz,0.5,96,16113,3.7165205217006836,4.021600836769189,9.548406522854382,11.60705289672544
c0_L96_rep005.npz,0.5,96,19557,3.845189363684769,4.123529822857814,9.805514155297702,12.094488188976378
c0_L96_rep005.npz,0.5,96,23739,4.093862056194338,4.318387371147729,10.015464638007847,12.30440587449933
c0_L96_rep005.npz,0.5,96,28814,4.082863175076288,4.356486081958268,9.961886103488286,12.126315789473685
c0_L96_rep005.npz,0.5,96,34974,4.3102643705092145,4.5444896066470735,10.401969947218669,12.817802503477052
c0_L96_rep005.npz,0.5,96,42451,4.359862846251062,4.565230236433849,10.493168458828537,13.035360678925034
c0_L96_rep005.npz,0.5,96,51526,4.6848517520215625,4.861807845804084,11.15126212918147,14.134969325153374
c0_L96_rep005.npz,0.5,96,62542,4.7353970167600385,4.99034045133731,11.173491105282428,13.921450151057401
c0_L96_rep005.npz,0.5,96,75913,5.130078895463511,5.341324799332611,11.990535911748378,15.385642737896493
c0_L96_rep005.npz,0.5,96,92142,5.1104204339963815,5.465357627066518,11.761919606038843,14.7456
c0_L96_rep005.npz,0.5,96,111841,5.5917105337635125,5.781110908714736,12.718204318972692,16.63537906137184
c0_L96_rep005.npz,0.5,96,135751,5.743588501291989,5.95406082738918,12.696874800979046,16.253968253968253
c0_L96_rep005.npz,0.5,96,164773,5.864454976303316,6.173208823459937,12.88021296616915,16.282685512367493
c0_L96_rep005.npz,0.5,96,200000,6.034936339929436,6.376846313476561,12.743206434753864,15.835051546391751
c0_L96_rep006.npz,0.5,96,1,0.6693939713065948,0.7643277868167763,3.2194882246928858,2.67673540516991
c0_L96_rep006.npz,0.5,96,2,0.7181218952925389,0.8232023333770091,3.378163257080753,2.871922717357432
c0_L96_rep006.npz,0.5,96,3,0.7409049549176937,0.8365817107210115,3.457079804926837,2.9633440514469456
c0_L96_rep006.npz,0.5,96,4,0.7621635533736144,0.8620122118342026,3.5248925695776476,3.048627191531591
c0_L96_rep006.npz,0.5,96,5,0.7831421682871675,0.8855758421695461,3.5965475512105716,3.13256288239293
c0_L96_rep006.npz,0.5,96,6,0.7944827586206895,0.8971797290271555,3.633940130096954,3.1779310344827585
c0_L96_rep006.npz,0.5,96,7,0.8112712266618923,0.9114379283409825,3.6915875710268646,3.2450704225352114
c0_L96_rep006.npz,0.5,96,8,0.8207730574228745,0.9262433161911788,3.716209321035489,3.282051282051282
c0_L96_rep006.npz,0.5,96,10,0.8501051242491318,0.9539413052129906,3.8093261262133913,3.399483585392844
c0_L96_rep006.npz,0.5,96,12,0.8674629958588915,0.9743630859099071,3.8620790614688563,3.4685735792246892
c0_L96_rep006.npz,0.5,96,15,0.8882043383391091,0.9980604750352918,3.9257001481199745,3.5514450867052028
c0_L96_rep006.npz,0.5,96,18,0.90350108884656,1.0196414532076874,3.9692863727182277,3.6112852664576804
c0_L96_rep006.npz,0.5,96,22,0.927391400689116,1.033903355481878,4.049007470704742,3.708651911468813
c0_L96_rep006.npz,0.5,96,27,0.959206651173883,1.073302918462502,4.141603299264744,3.8368026644462945
c0_L96_rep006.npz,0.5,96,33,0.976699252443933,1.0924310278270581,4.19452444119538,3.9067401441288685
c0_L96_rep006.npz,0.5,96,40,1.0074225653427584,1.1215155600123752,4.27035429808366,4.012189812799304
c0_L96_rep006.npz,0.5,96,48,1.0391159981117664,1.152338788050633,4.3491436943455275,4.11612326931666
c0_L96_rep006.npz,0.5,96,58,1.0569691271007366,1.172871592169005,4.394852298641615,4.168249660786975
c0_L96_rep006.npz,0.5,96,71,1.0836001269072129,1.2086928962206507,4.44062687726731,4.2430939226519335
c0_L96_rep006.npz,0.5,96,86,1.1400546746856202,1.245567675074899,4.57476870231271,4.430769230769231
c0_L96_rep006.npz,0.5,96,105,1.1546382809186593,1.2614707686149584,4.615333695598363,4.47378640776699
c0_L96_rep006.npz,0.5,96,127,1.1966092273485265,1.2955454888569027,4.709815770022527,4.619548872180451
c0_L96_rep006.npz,0.5,96,154,1.2075114879208875,1.3145231496903298,4.734136069838137,4.642821158690176
c0_L96_rep006.npz,0.5,96,187,1.2586480330381467,1.362542912168084,4.854543861747086,4.807511737089202
c0_L96_rep006.npz,0.5,96,227,1.3123755047106322,1.4253213717468483,4.970577526471674,4.970873786407767
c0_L96_rep006.npz,0.5,96,276,1.3605897802294296,1.4773866660116277,5.08705031724586,5.137123745819398
c0_L96_rep006.npz,0.5,96,334,1.3807598936860384,1.50707651436264,5.136315801760519,5.183352080989876
c0_L96_rep006.npz,0.5,96,406,1.4674459560604054,1.5766453533063254,5.349390209767316,5.505376344086022
c0_L96_rep006.npz,0.5,96,493,1.5155395423014073,1.6423703373400125,5.439098699162404,5.60243161094225
c0_L96_rep006.npz,0.5,96,598,1.5718589026873775,1.6991311257859119,5.600513337029659,5.832911392405063
c0_L96_rep006.npz,0.5,96,726,1.6636006342163054,1.7843641500221512,5.765596173062262,6.099272005294507
c0_L96_rep006.npz,0.5,96,881,1.6703991241166511,1.814153745283233,5.8048684825687085,6.107355864811134
c0_L96_rep006.npz,0.5,96,1069,1.7224310776942349,1.8712387149887144,5.917526708546229,6.277929155313351
c0_L96_rep006.npz,0.5,96,1298,1.8303853009735358,1.9746401689418431,6.15623735037102,6.654151624548737
c0_L96_rep006.npz,0.5,96,1576,1.929967700870077,2.0919296559936793,6.406621861224811,7.029748283752861
c0_L96_rep006.npz,0.5,96,1912,1.9856643709478032,2.155118886490314,6.496518615358876,7.105628373168851
c0_L96_rep006.npz,0.5,96,2321,2.120872299258304,2.288652405314224,6.760367046434526,7.511002444987774
c0_L96_rep006.npz,0.5,96,2818,2.2155388471177937,2.373029906835848,6.896054734414385,7.648132780082988
c0_L96_rep006.npz,0.5,96,3420,2.2932778549960195,2.4578583008668957,7.086995836021318,7.993061578490893
c0_L96_rep006.npz,0.5,96,4151,2.4748984513835985,2.6274335404325475,7.459463466558757,8.589002795899347
c0_L96_rep006.npz,0.5,96,5039,2.5047711233764445,2.6798756081509714,7.530562331965437,8.637300843486411
c0_L96_rep006.npz,0.5,96,6116,2.5601685667518588,2.736952940738853,7.591737264567673,8.661654135338345
c0_L96_rep006.npz,0.5,96,7423,2.707536490914506,2.8774494275845646,7.904825645294526,9.179282868525897
c0_L96_rep006.npz,0.5,96,9010,2.8242681775259673,2.9754832427469946,8.108294386576826,9.501030927835052
c0_L96_rep006.npz,0.5,96,10937,2.969754760693902,3.1550483021435864,8.364382784041732,9.846153846153847
c0_L96_rep006.npz,0.5,96,13275,3.1046291922531872,3.3067372180364134,8.504839659327489,10.006514657980457
c0_L96_rep006.npz,0.5,96,16113,3.2058324104835725,3.3580621879061914,8.845094826841414,10.556701030927835
c0_L96_rep006.npz,0.5,96,19557,3.426887926887926,3.5898642038230104,9.25557845462078,11.239024390243902
c0_L96_rep006.npz,0.5,96,23739,3.461433172302737,3.6469396384716255,9.292437661051629,11.252747252747254
c0_L96_rep006.npz,0.5,96,28814,3.659254585110906,3.818810886779636,9.693612581971289,11.876288659793813
c0_L96_rep006.npz,0.5,96,34974,3.85180102649982,4.060256285045584,9.949339906406804,12.174372523117569
c0_L96_rep006.npz,0.5,96,42451,4.0789444597955224,4.327148565062875,10.480762795054352,13.109530583214793
c0_L96_rep006.npz,0.5,96,51526,4.359771396710341,4.589546908658299,10.752522303991611,13.356521739130434
c0_L96_rep006.npz,0.5,96,62542,4.639979386165826,5.005405312818102,11.136128447232181,13.77578475336323
c0_L96_rep006.npz,0.5,96,75913,5.107272256728777,5.609901483694955,12.097221454693448,15.541315345699832
c0_L96_rep006.npz,0.5,96,92142,5.59004356148109,6.121060522993088,12.608524364274551,16.083769633507853
c0_L96_rep006.npz,0.5,96,111841,6.115722441809396,6.477447163030888,13.354593141217379,17.258426966292134
c0_L96_rep006.npz,0.5,96,135751,6.081642512077294,6.589784875773442,13.454226350972927,17.29080675422139
c0_L96_rep006.npz,0.5,96,164773,6.427669388989716,6.739119060030099,14.051710960929974,18.285714285714285
c0_L96_rep006.npz,0.5,96,200000,6.628638253638252,7.0521782829693045,14.336755713474318,18.468937875751504
c0_L96_rep007.npz,0.5,96,1,0.6781812354362834,0.7873309233797664,3.2514296693499882,2.712183637433785
c0_L96_rep007.npz,0.5,96,2,0.7177971342620252,0.8382755245271867,3.390385251576068,2.8710280373831774
c0_L96_rep007.npz,0.5,96,3,0.745431114393591,0.8624247867024526,3.4800838862196763,2.9815593659010027
c0_L96_rep007.npz,0.5,96,4,0.7690596389150337,0.8841587587611797,3.5655037579633424,3.0761014686248327
c0_L96_rep007.npz,0.5,96,5,0.7834070949929937,0.9012031536089908,3.6111747254536075,3.133628017681061
c0_L96_rep007.npz,0.5,96,6,0.8045355786886323,0.9286682304266529,3.6697591868774553,3.2178770949720668
c0_L96_rep007.npz,0.5,96,7,0.8141542002301494,0.9403172486314237,3.707576061601214,3.256537102473498
c0_L96_rep007.npz,0.5,96,8,0.8354235469824774,0.955477209863465,3.775215010572943,3.3415518491660623
c0_L96_rep007.npz,0.5,96,10,0.8499199108573018,0.9759994180616718,3.8185422863929883,3.3982300884955756
c0_L96_rep007.npz,0.5,96,12,0.8736103764689648,1.0096226420902283,3.894282501875343,3.493555724033359
c0_L96_rep007.npz,0.5,96,15,0.9037745879851141,1.0380577619360931,3.9920944146033874,3.6141176470588237
c0_L96_rep007.npz,0.5,96,18,0.9344842105263155,1.0731427617521365,4.077069129536208,3.7372262773722627
c0_L96_rep007.npz,0.5,96,22,0.9544560626518295,1.0961346170814306,4.139903020556972,3.8177299088649543
c0_L96_rep007.npz,0.5,96,27,0.9702306567355137,1.1154348543805068,4.193580448244651,3.8804210526315788
c0_L96_rep007.npz,0.5,96,33,1.0053265006027021,1.138311803706381,4.285516357349305,4.012189812799304
c0_L96_rep007.npz,0.5,96,40,1.0297226476954817,1.1676397718375542,4.340954440008957,4.083296411165263
c0_L96_rep007.npz,0.5,96,48,1.0449423815620995,1.1946207645431348,4.3762344293460735,4.125335720680394
c0_L96_rep007.npz,0.5,96,58,1.091642000861831,1.2419123251083486,4.461531621267709,4.254847645429363
c0_L96_rep007.npz,0.5,96,71,1.1611901565995522,1.2896416998226794,4.619396639393668,4.467280659234125
c0_L96_rep007.npz,0.5,96,86,1.204309368565545,1.3230922557556077,4.732625033521657,4.626506024096385
c0_L96_rep007.npz,0.5,96,105,1.241750950724168,1.3630144182041501,4.811901663697192,4.7407407407407405
c0_L96_rep007.npz,0.5,96,127,1.293667090140928,1.4028952554873921,4.934520536115109,4.923076923076923
c0_L96_rep007.npz,0.5,96,154,1.3154589371980672,1.4349985389163913,4.981905054741735,4.995121951219512
c0_L96_rep007.npz,0.5,96,187,1.3357151913637266,1.4579229303297057,5.013158438295008,5.0333151283451665
c0_L96_rep007.npz,0.5,96,227,1.3793838970363197,1.504075010731941,5.120279953960361,5.186268992684299
c0_L96_rep007.npz,0.5,96,276,1.440828146611341,1.5540714268198008,5.298759761489351,5.45002956830278
c0_L96_rep007.npz,0.5,96,334,1.4812899026410176,1.604472049092028,5.353388914048417,5.511961722488039
c0_L96_rep007.npz,0.5,96,406,1.5491302237240843,1.6637963022801348,5.54451852668009,5.799874134675897
c0_L96_rep007.npz,0.5,96,493,1.5756902642791075,1.7055237298785444,5.569255730999304,5.829222011385199
c0_L96_rep007.npz,0.5,96,598,1.5876546295139318,1.7269853266087063,5.606297759212114,5.847715736040609
c0_L96_rep007.npz,0.5,96,726,1.6229732129797942,1.7498342277325436,5.705629912548549,6.007822685788787
c0_L96_rep007.npz,0.5,96,881,1.6741666666666661,1.7984278959490334,5.79579127532984,6.164548494983277
c0_L96_rep007.npz,0.5,96,1069,1.7234993614303953,1.853714008359724,5.91362049654716,6.334020618556702
c0_L96_rep007.npz,0.5,96,1298,1.7722676061552127,1.9148163737123136,6.0050905822802925,6.467368421052631
c0_L96_rep007.npz,0.5,96,1576,1.8235066090493133,1.9800763129323338,6.164098337182926,6.678260869565217
c0_L96_rep007.npz,0.5,96,1912,1.8751429119114933,2.0290380841957107,6.253412939480598,6.786450662739322
c0_L96_rep007.npz,0.5,96,2321,1.9720252070697184,2.116705386183308,6.486233509032533,7.166407465007776
c0_L96_rep007.npz,0.5,96,2818,2.0559208482614357,2.222654285880198,6.627773828116412,7.3317422434367545
c0_L96_rep007.npz,0.5,96,3420,2.189272214324285,2.3572986691139004,6.932754079899769,7.764111204717776
c0_L96_rep007.npz,0.5,96,4151,2.3344865336949763,2.508734982917111,7.134078894191917,8.091308165057068
c0_L96_rep007.npz,0.5,96,5039,2.42171294747407,2.614675364704576,7.330566457672242,8.302702702702703
c0_L96_rep007.npz,0.5,96,6116,2.5331110256081395,2.7321425875603866,7.545356374073893,8.605042016806722
c0_L96_rep007.npz,0.5,96,7423,2.6455781731762427,2.829439702296808,7.698195712014652,8.752136752136753
c0_L96_rep007.npz,0.5,96,9010,2.7808050437232867,2.9467837488287847,8.090539425078422,9.452307692307693
c0_L96_rep007.npz,0.5,96,10937,2.9249103942652326,3.131825833614484,8.309274150546747,9.804255319148936
c0_L96_rep007.npz,0.5,96,13275,3.0546684845730434,3.2641695460448843,8.51672387879006,10.03921568627451
c0_L96_rep007.npz,0.5,96,16113,3.2400932400932385,3.453311095243428,8.86721055528557,10.568807339449542
c0_L96_rep007.npz,0.5,96,19557,3.50607536630885,3.6968592921948282,9.250667563698519,11.103614457831325
c0_L96_rep007.npz,0.5,96,23739,3.6226672200318175,3.815598791265704,9.419088170854545,11.321867321867321
c0_L96_rep007.npz,0.5,96,28814,3.8142928557775715,3.9898684191001887,9.992446465444479,12.420485175202156
c0_L96_rep007.npz,0.5,96,34974,3.9732020232472434,4.151900648262178,10.114928100721322,12.504748982360923
c0_L96_rep007.npz,0.5,96,42451,4.105456229076144,4.308651568897109,10.351110284719798,12.782246879334258
c0_L96_rep007.npz,0.5,96,51526,4.538817407963773,4.702381591251608,10.762597520216595,13.356521739130434
c0_L96_rep007.npz,0.5,96,62542,4.676616184922597,4.822273463863102,11.293038545550754,14.24420401854714
c0_L96_rep007.npz,0.5,96,75913,4.556629343286232,4.81769546188448,11.142318166126714,13.94251134644478
c0_L96_rep007.npz,0.5,96,92142,5.103891803104963,5.284436256316002,11.599898290370565,14.445141065830722
c0_L96_rep007.npz,0.5,96,111841,5.225067385444743,5.494361772486771,11.924503480795371,14.985365853658537
c0_L96_rep007.npz,0.5,96,135751,5.739928201037094,6.017048421704871,12.60375568454329,16.140105078809107
c0_L96_rep007.npz,0.5,96,164773,6.163534883720929,6.457030926581386,12.954899893924733,16.45714285714286
c0_L96_rep007.npz,0.5,96,200000,6.331693779904306,6.710348462301587,13.739060984561528,18.285714285714285
c1_L128_rep000.npz,0.15,128,1,0.6122137583856997,0.681962503858055,3.014461352771741,4.800468795780838
c1_L128_rep000.npz,0.15,128,2,0.6352514939348073,0.7148144198475236,3.090391974535054,4.981453329279416
c1_L128_rep000.npz,0.15,128,3,0.6544267217149441,0.7414002000411613,3.1565878817841297,5.1312245537112435
c1_L128_rep000.npz,0.15,128,4,0.6689855645682565,0.7600813974464505,3.209087350305139,5.246237592058917
c1_L128_rep000.npz,0.15,128,5,0.6784279410386168,0.773507762896213,3.2414089920787172,5.3194805194805195
c1_L128_rep000.npz,0.15,128,6,0.6868278444782858,0.7835360913837925,3.2735226526978027,5.385930309007232
c1_L128_rep000.npz,0.15,128,7,0.6911547921294063,0.7881600703772318,3.287113729429369,5.41978167383394
c1_L128_rep000.npz,0.15,128,8,0.695980255089282,0.7894546391793629,3.307594879415425,5.457694870086609
c1_L128_rep000.npz,0.15,128,10,0.7099171896641274,0.811440288839457,3.351399364516006,5.565217391304348
c1_L128_rep000.npz,0.15,128,12,0.7177426053489553,0.8229657617456914,3.38071304892008,5.62830642390931
c1_L128_rep000.npz,0.15,128,15,0.7323218269018386,0.8424168175322617,3.42939507362489,5.742726954083421
c1_L128_rep000.npz,0.15,128,18,0.7456249302828508,0.8594670906795566,3.4789260685451597,5.847251962883655
c1_L128_rep000.npz,0.15,128,22,0.7620715469001047,0.8860174249271249,3.536784700945039,5.975200583515682
c1_L128_rep000.npz,0.15,128,27,0.7789875605661134,0.904269367740133,3.5958131855820112,6.108873974645786
c1_L128_rep000.npz,0.15,128,33,0.7978835657925799,0.943367653198278,3.652163948393449,6.255822833142421
c1_L128_rep000.npz,0.15,128,40,0.82563673303205,0.9669306915020256,3.745398263629998,6.473330699328328
c1_L128_rep000.npz,0.15,128,48,0.8398330515114851,0.9862512608266659,3.7928672743189473,6.585209003215434
c1_L128_rep000.npz,0.15,128,58,0.8491313869522676,1.013241260343393,3.826874808142381,6.657456318569687
c1_L128_rep000.npz,0.15,128,71,0.8797250690041587,1.04970769861642,3.921404468796191,6.898526315789474
c1_L128_rep000.npz,0.15,128,86,0.9003512220495435,1.0750887831020894,3.988798898914509,7.059026281775097
c1_L128_rep000.npz,0.15,128,105,0.9333961884697034,1.1190682441956261,4.0939232268103085,7.317552478785172
c1_L128_rep000.npz,0.15,128,127,0.9755601724867005,1.1602507065451757,4.217395641246004,7.648926237161532
c1_L128_rep000.npz,0.15,128,154,1.005523579993628,1.1990442322441752,4.308215028402515,7.869356388088376
c1_L128_rep000.npz,0.15,128,187,1.0308196564885495,1.2310186734479696,4.358570147003349,7.9921951219512195
c1_L128_rep000.npz,0.15,128,227,1.0594789594216873,1.2614291785107081,4.415421318070576,8.135054617676266
c1_L128_rep000.npz,0.15,128,276,1.1443617896803728,1.3179418359429236,4.5914008109100255,8.609563846558066
c1_L128_rep000.npz,0.15,128,334,1.1558592982366651,1.3586270189395508,4.614855378495332,8.627698788836229
c1_L128_rep000.npz,0.15,128,406,1.2421531506458967,1.424752280288657,4.804714781094072,9.142857142857142
c1_L128_rep000.npz,0.15,128,493,1.2440778465715838,1.4412434098829254,4.800032777402831,9.10728182323513
c1_L128_rep000.npz,0.15,128,598,1.3338225172648253,1.5294089800714525,5.0026054105113325,9.648998822143698
c1_L128_rep000.npz,0.15,128,726,1.4229448357292909,1.6002463563679898,5.189980083449462,10.17639751552795
c1_L128_rep000.npz,0.15,128,881,1.4491400535184353,1.6399194954008984,5.245271631591097,10.265664160401002
c1_L128_rep000.npz,0.15,128,1069,1.48218362232897,1.6929803549383529,5.314713902186148,10.469009584664537
c1_L128_rep000.npz,0.15,128,1298,1.5669809549340246,1.7852436639350815,5.493636573395376,10.959197324414715
c1_L128_rep000.npz,0.15,128,1576,1.5625867493070018,1.7839960218450774,5.493371299509714,10.908122503328896
c1_L128_rep000.npz,0.15,128,1912,1.6378751096285842,1.864677983051294,5.645622654284971,11.322736696613683
c1_L128_rep000.npz,0.15,128,2321,1.7302471710622709,1.9719589202673844,5.872112241185303,11.915636363636363
c1_L128_rep000.npz,0.15,128,2818,1.7839282778449224,2.022241806891018,5.932517153150082,12.091512915129151
c1_L128_rep000.npz,0.15,128,3420,1.8399061117166666,2.0860930112374922,6.104868411229617,12.574059861857252
c1_L128_rep000.npz,0.15,128,4151,1.8844780076915635,2.149511406349496,6.142273436837678,12.622496147919877
c1_L128_rep000.npz,0.15,128,5039,1.9816999136781965,2.263059983341056,6.376190006350643,13.202256244963738
c1_L128_rep000.npz,0.15,128,6116,2.10199601868183,2.370228060966433,6.596941655738425,13.908319185059423
c1_L128_rep000.npz,0.15,128,7423,2.1799510542505636,2.486338918925662,6.822392250161318,14.48629531388152
c1_L128_rep000.npz,0.15,128,9010,2.419816933494978,2.6896106052837077,7.112138378166973,15.198515769944342
c1_L128_rep000.npz,0.15,128,10937,2.556211525826492,2.8501167935463876,7.331854071342631,15.738712776176753
c1_L128_rep000.npz,0.15,128,13275,2.6654205086790483,2.978231071091563,7.567007323070037,16.384
c1_L128_rep000.npz,0.15,128,16113,2.8373032999948116,3.163432029851131,7.918514331291833,17.41126461211477
c1_L128_rep000.npz,0.15,128,19557,2.9443256649163247,3.2847632216117253,8.059139006556697,17.828073993471165
c1_L128_rep000.npz,0.15,128,23739,3.059124446249613,3.399807982124819,8.30219874742878,18.367713004484305
c1_L128_rep000.npz,0.15,128,28814,3.288994015306487,3.616886823883448,8.586558104105338,19.117852975495914
c1_L128_rep000.npz,0.15,128,34974,3.492320611605486,3.864312945520572,8.900829191912614,19.85939393939394
c1_L128_rep000.npz,0.15,128,42451,3.4676719235569693,3.95387219911993,8.861205873734097,19.621556886227545
c1_L128_rep000.npz,0.15,128,51526,3.691055334887458,4.17728104564539,9.176033734176874,20.428927680798004
c1_L128_rep000.npz,0.15,128,62542,4.05022950210668,4.51052151090666,9.5583729275796,21.11340206185567
c1_L128_rep000.npz,0.15,128,75913,4.384839354231152,4.738207046236826,10.078328101326644,22.850767085076708
c1_L128_rep000.npz,0.15,128,92142,4.534955221689824,4.925755186978788,10.335290037417257,23.54022988505747
c1_L128_rep000.npz,0.15,128,111841,4.940821605046924,5.379981352589251,10.836127251955961,24.749244712990937
c1_L128_rep000.npz,0.15,128,135751,5.305855643038465,5.751297159352754,11.34962874057149,26.130781499202552
c1_L128_rep000.npz,0.15,128,164773,5.4988013276599705,5.892628261983752,11.742687320578236,27.30666666666667
c1_L128_rep000.npz,0.15,128,200000,5.627034431023079,5.99418185392711,11.67896259584532,26.77124183006536
c1_L128_rep001.npz,0.15,128,1,0.6057671060934223,0.6838562555686734,2.99098012235582,4.750362423890983
c1_L128_rep001.npz,0.15,128,2,0.6308924311385296,0.7149034790612434,3.0797595992628866,4.945366737096287
c1_L128_rep001.npz,0.15,128,3,0.6511632329357953,0.7401025878245122,3.149671838758935,5.10404984423676
c1_L128_rep001.npz,0.15,128,4,0.6677508195024713,0.7585328442844087,3.205060735463732,5.2345047923322685
c1_L128_rep001.npz,0.15,128,5,0.6778890548669332,0.7716778296325398,3.2452745283353015,5.316028552887735
c1_L128_rep001.npz,0.15,128,6,0.6850073218241534,0.7806520001588821,3.2700791577669213,5.371803278688525
c1_L128_rep001.npz,0.15,128,7,0.69505405160683,0.7936853831621264,3.301248113795439,5.45043246839654
c1_L128_rep001.npz,0.15,128,8,0.6971850334985874,0.8015155421580502,3.3082088805361334,5.4668001334668
c1_L128_rep001.npz,0.15,128,10,0.7130913939150572,0.8188236417280723,3.363379511195229,5.591808873720137
c1_L128_rep001.npz,0.15,128,12,0.7209415975049939,0.8275918722937544,3.3956336505876186,5.653554175293306
c1_L128_rep001.npz,0.15,128,15,0.7351432930591613,0.8511209512126188,3.439806787601363,5.764954257565095
c1_L128_rep001.npz,0.15,128,18,0.7435322851811643,0.8672859850463817,3.4727025651060597,5.830604982206406
c1_L128_rep001.npz,0.15,128,22,0.770941044840453,0.9024188659188805,3.5637617181952184,6.0457564575645755
c1_L128_rep001.npz,0.15,128,27,0.7889951131430017,0.922878471335837,3.623002893031701,6.187311178247734
c1_L128_rep001.npz,0.15,128,33,0.801430315728443,0.9377309879640678,3.6589697647258395,6.284618335251246
c1_L128_rep001.npz,0.15,128,40,0.8244876493904345,0.964686398723873,3.7366621436184904,6.4656669297553275
c1_L128_rep001.npz,0.15,128,48,0.8422274170953277,0.9839358171210866,3.804613646533453,6.60378879484079
c1_L128_rep001.npz,0.15,128,58,0.8654102048670741,1.0171133842194067,3.871649231863715,6.784265010351967
c1_L128_rep001.npz,0.15,128,71,0.8854549631733972,1.040175804815275,3.936137264004807,6.942372881355932
c1_L128_rep001.npz,0.15,128,86,0.9087811312832674,1.0734956712448915,4.009068582298663,7.126576772509787
c1_L128_rep001.npz,0.15,128,105,0.9433436436662468,1.1157672979090618,4.115279144562107,7.396839729119638
c1_L128_rep001.npz,0.15,128,127,0.9601351578047915,1.133398569822436,4.171413849522711,7.525953146531925
c1_L128_rep001.npz,0.15,128,154,1.0115152359907633,1.1976831764239806,4.293020944348961,7.8731379144642
c1_L128_rep001.npz,0.15,128,187,1.0491085049302526,1.2343848289923274,4.380709386922597,8.082881105081402
c1_L128_rep001.npz,0.15,128,227,1.091109527567031,1.2727727725907183,4.4642745937725135,8.299898682877407
c1_L128_rep001.npz,0.15,128,276,1.108028091805691,1.2881139237178791,4.499762023847328,8.389144905273938
c1_L128_rep001.npz,0.15,128,334,1.1398018585030203,1.3128118253420467,4.572104521181891,8.569037656903765
c1_L128_rep001.npz,0.15,128,406,1.2181251192480569,1.3849034660796504,4.74464781849071,9.022026431718063
c1_L128_rep001.npz,0.15,128,493,1.2504317421395195,1.4292419144126405,4.821030733698445,9.183856502242152
c1_L128_rep001.npz,0.15,128,598,1.275608710012253,1.4702708921571523,4.866607570192313,9.303804656445202
c1_L128_rep001.npz,0.15,128,726,1.3364777328974606,1.523802000903482,4.9988008693589405,9.648998822143698
c1_L128_rep001.npz,0.15,128,881,1.4146921105342822,1.6069290066607396,5.171349215062448,10.119827053736875
c1_L128_rep001.npz,0.15,128,1069,1.4798700133566962,1.6643936419977003,5.333058327303826,10.577146546158811
c1_L128_rep001.npz,0.15,128,1298,1.4867407806020059,1.6981136350600305,5.364842255809282,10.583979328165375
c1_L128_rep001.npz,0.15,128,1576,1.5247543558584522,1.7575771195182135,5.396309912503456,10.618276085547635
c1_L128_rep001.npz,0.15,128,1912,1.6433768735817917,1.870094106137442,5.682171809347544,11.417421602787456
c1_L128_rep001.npz,0.15,128,2321,1.7087152236481349,1.9545850451928795,5.812984764651258,11.7532281205165
c1_L128_rep001.npz,0.15,128,2818,1.7894464233567358,2.0505449828000426,5.9310010064038785,12.055923473142016
c1_L128_rep001.npz,0.15,128,3420,1.8615043921267405,2.1343056304169954,6.120952044879633,12.53557765876052
c1_L128_rep001.npz,0.15,128,4151,1.9480039003374605,2.2684585801839985,6.390547778600267,13.255663430420713
c1_L128_rep001.npz,0.15,128,5039,2.1597621280062893,2.4284165049981867,6.63632991975721,13.920135938827528
c1_L128_rep001.npz,0.15,128,6116,2.1934348341945604,2.5041432524344343,6.847624675059318,14.563555555555556
c1_L128_rep001.npz,0.15,128,7423,2.2682634246289486,2.5965617571600257,6.911635934680728,14.602495543672013
c1_L128_rep001.npz,0.15,128,9010,2.466027202116056,2.7491846555999286,7.25052193639928,15.574144486692015
c1_L128_rep001.npz,0.15,128,10937,2.578234890529088,2.8855599385414314,7.413124661223951,16.0
c1_L128_rep001.npz,0.15,128,13275,2.786506211787909,3.105762894406169,7.864764065385528,17.35593220338983
c1_L128_rep001.npz,0.15,128,16113,2.8600253448290953,3.1993196078124773,7.902823201844346,17.31923890063425
c1_L128_rep001.npz,0.15,128,19557,2.9009974347792276,3.2716419496632616,7.983667530002579,17.504273504273506
c1_L128_rep001.npz,0.15,128,23739,3.120532024080105,3.468672508507412,8.23608133467093,18.004395604395604
c1_L128_rep001.npz,0.15,128,28814,3.372695230150618,3.7446244154053105,8.828812695433475,19.81136638452237
c1_L128_rep001.npz,0.15,128,34974,3.46614769117216,3.8552924676763745,8.89710630696274,19.83535108958838
c1_L128_rep001.npz,0.15,128,42451,3.756803236511916,4.180274906461408,9.2274531120867,20.582914572864322
c1_L128_rep001.npz,0.15,128,51526,4.0138653980350165,4.502102590264803,9.639089880587134,21.78723404255319
c1_L128_rep001.npz,0.15,128,62542,4.4501017001245415,4.914694753785367,10.413024492709823,24.023460410557185
c1_L128_rep001.npz,0.15,128,75913,4.49631483465657,4.9785565815983635,10.18524929684314,22.88268156424581
c1_L128_rep001.npz,0.15,128,92142,4.74084323050435,5.198385762885771,10.522863473420847,23.848617176128094
c1_L128_rep001.npz,0.15,128,111841,5.0871607995807,5.605628215523933,11.311972766297565,26.2144
c1_L128_rep001.npz,0.15,128,135751,5.402061656696937,5.872590111084433,11.788427243902486,27.911413969335605
c1_L128_rep001.npz,0.15,128,164773,5.442918884001802,5.915247955094474,11.399173587362451,26.17252396166134
c1_L128_rep001.npz,0.15,128,200000,5.849072177727292,6.275835938228898,11.96472289664283,27.536134453781514
c1_L128_rep002.npz,0.15,128,1,0.5979789838245553,0.6716694786177153,2.9638043939562073,4.689181453921007
c1_L128_rep002.npz,0.15,128,2,0.625895967723038,0.7016369568563028,3.0625374082436054,4.908328340323547
c1_L128_rep002.npz,0.15,128,3,0.6426590182488449,0.7256462075370564,3.1192420220173314,5.039680098431252
c1_L128_rep002.npz,0.15,128,4,0.6603374241853075,0.7476414796538406,3.1826051576689016,5.178255372945639
c1_L128_rep002.npz,0.15,128,5,0.6697867314020793,0.7604207839239783,3.2109482261336613,5.251282051282051
c1_L128_rep002.npz,0.15,128,6,0.6745454013679711,0.7677350006569512,3.2302987888503547,5.288573273079406
c1_L128_rep002.npz,0.15,128,7,0.6857953189308064,0.7831182085898036,3.267243042146704,5.3770922218575645
c1_L128_rep002.npz,0.15,128,8,0.6904819223260261,0.7905995941125492,3.2805270725426006,5.412619755533531
c1_L128_rep002.npz,0.15,128,10,0.7072817736579078,0.8158689565077234,3.342597520471742,5.544500846023689
c1_L128_rep002.npz,0.15,128,12,0.7128248333351006,0.8210908534197898,3.3627873108450506,5.587994542974079
c1_L128_rep002.npz,0.15,128,15,0.7282190832773368,0.8365430568258896,3.4220208388219446,5.710700592540955
c1_L128_rep002.npz,0.15,128,18,0.7436679123562253,0.8616265173321689,3.4670363586103807,5.830604982206406
c1_L128_rep002.npz,0.15,128,22,0.7513580774840778,0.8785167087795207,3.491289550328947,5.8892882818116465
c1_L128_rep002.npz,0.15,128,27,0.7733282994300213,0.912373271632138,3.558809900706416,6.0636565507031825
c1_L128_rep002.npz,0.15,128,33,0.795602017209719,0.9343996480446876,3.6426319633185096,6.239146991622239
c1_L128_rep002.npz,0.15,128,40,0.8072802310520508,0.9555862222540072,3.6882355300566503,6.330757341576507
c1_L128_rep002.npz,0.15,128,48,0.8346976936503973,0.9839273228014302,3.77389798437911,6.545745105872952
c1_L128_rep002.npz,0.15,128,58,0.8546700200982209,1.0075534321089048,3.8428201683195216,6.701022494887526
c1_L128_rep002.npz,0.15,128,71,0.8793994856853874,1.0472229271042006,3.9220306582721753,6.895622895622895
c1_L128_rep002.npz,0.15,128,86,0.9052336272943455,1.078724873251113,4.009056246784465,7.098786828422877
c1_L128_rep002.npz,0.15,128,105,0.9497737972356736,1.130787190304447,4.146291486473156,7.443889141299409
c1_L128_rep002.npz,0.15,128,127,0.983208557285919,1.1664520730029047,4.241723274546128,7.710117647058824
c1_L128_rep002.npz,0.15,128,154,1.0254810700472108,1.206400753748967,4.344980925758249,7.972749391727494
c1_L128_rep002.npz,0.15,128,187,1.0512583348108864,1.2406904882756729,4.3995180386068435,8.102868447082097
c1_L128_rep002.npz,0.15,128,227,1.1047758733594515,1.3000923040835803,4.509347205889027,8.376278118609408
c1_L128_rep002.npz,0.15,128,276,1.1459757741172294,1.3348319054065196,4.594471121781996,8.605042016806722
c1_L128_rep002.npz,0.15,128,334,1.2028980496698756,1.3813067191277222,4.705626886391978,8.918889493739794
c1_L128_rep002.npz,0.15,128,406,1.254147716616727,1.4403461187780193,4.823924504302489,9.220033764772088
c1_L128_rep002.npz,0.15,128,493,1.3084558113696598,1.5047643913007858,4.936913622209242,9.481481481481481
c1_L128_rep002.npz,0.15,128,598,1.364027384996202,1.5547569659874831,5.055510848048012,9.810778443113772
c1_L128_rep002.npz,0.15,128,726,1.3982384073565046,1.5830411458766842,5.1379930252128645,10.033067973055726
c1_L128_rep002.npz,0.15,128,881,1.419183236868852,1.6204543964931784,5.1704792171168705,10.094886013555145
c1_L128_rep002.npz,0.15,128,1069,1.4850626143299226,1.6893129766551955,5.303806048223899,10.44231994901211
c1_L128_rep002.npz,0.15,128,1298,1.5128774184708058,1.7368858401662,5.3945339791898625,10.638961038961039
c1_L128_rep002.npz,0.15,128,1576,1.6034020417594221,1.8114374546605645,5.5765794746137445,11.145578231292516
c1_L128_rep002.npz,0.15,128,1912,1.6574523221793607,1.8898500744419833,5.715825124129938,11.50561797752809
c1_L128_rep002.npz,0.15,128,2321,1.7271369994576664,1.9659596127704824,5.831858761226265,11.804034582132564
c1_L128_rep002.npz,0.15,128,2818,1.8259732160762971,2.078165326990546,6.042183193021768,12.402725208175625
c1_L128_rep002.npz,0.15,128,3420,1.9095041834457207,2.1630777808529773,6.231242394635227,12.921135646687697
c1_L128_rep002.npz,0.15,128,4151,1.9685453841142797,2.239746294446552,6.3571611380133275,13.234248788368337
c1_L128_rep002.npz,0.15,128,5039,2.051484368044748,2.3157268403550244,6.484725718099147,13.540495867768595
c1_L128_rep002.npz,0.15,128,6116,2.141058229786365,2.4223741238522543,6.611179687679265,13.81450252951096
c1_L128_rep002.npz,0.15,128,7423,2.219945860987875,2.5025284985926772,6.766454985990923,14.234578627280625
c1_L128_rep002.npz,0.15,128,9010,2.2976372518137,2.579394495579269,6.990322758694632,14.881017257039055
c1_L128_rep002.npz,0.15,128,10937,2.279802519922953,2.630938937640919,6.8584395313156765,14.4352422907489
c1_L128_rep002.npz,0.15,128,13275,2.565711988269274,2.8544588263104265,7.377163399844438,15.906796116504854
c1_L128_rep002.npz,0.15,128,16113,2.6273071272153814,2.965111855530319,7.5499095897414445,16.367632367632368
c1_L128_rep002.npz,0.15,128,19557,2.8704836059802057,3.196082749207944,7.948081471758263,17.429787234042553
c1_L128_rep002.npz,0.15,128,23739,2.964487095530803,3.3190477460634633,8.178993284336558,18.123893805309734
c1_L128_rep002.npz,0.15,128,28814,3.3314179136089357,3.647907755875989,8.612535928612488,19.117852975495914
c1_L128_rep002.npz,0.15,128,34974,3.4663061499159484,3.808686463448404,8.912306951805274,20.029339853300733
c1_L128_rep002.npz,0.15,128,42451,3.402182441520642,3.787249539188826,8.705531620328024,19.073341094295692
c1_L128_rep002.npz,0.15,128,51526,3.720534656106329,4.205643390781582,9.250811873678728,20.76552598225602
c1_L128_rep002.npz,0.15,128,62542,3.8550088807545837,4.3378106933783815,9.344599833439467,20.739240506329114
c1_L128_rep002.npz,0.15,128,75913,4.460595997968653,4.802387023379639,10.440320327714911,24.094117647058823
c1_L128_rep002.npz,0.15,128,92142,4.606103481527148,4.958512074657531,10.850970218895293,25.6
c1_L128_rep002.npz,0.15,128,111841,4.605727234020074,5.047133728164225,10.548006588768214,24.30860534124629
c1_L128_rep002.npz,0.15,128,135751,4.87167551394074,5.33291327374659,10.837534538087013,24.89969604863222
c1_L128_rep002.npz,0.15,128,164773,5.101428539721997,5.552268274995899,10.838907887652116,24.344725111441306
c1_L128_rep002.npz,0.15,128,200000,5.593486777652679,6.07688242839193,11.633794191784844,26.5974025974026
c1_L128_rep003.npz,0.15,128,1,0.6048755038316083,0.6718071082182082,2.98991409571352,4.7434858135495075
c1_L128_rep003.npz,0.15,128,2,0.6268360912016901,0.7022211411694078,3.0656814796466834,4.915691569156916
c1_L128_rep003.npz,0.15,128,3,0.6470914294756471,0.733779576212231,3.1342784289141754,5.0740167234437905
c1_L128_rep003.npz,0.15,128,4,0.6655945428113603,0.7567050810591099,3.1979778334641757,5.219496654985664
c1_L128_rep003.npz,0.15,128,5,0.6795369471258941,0.7808361748648525,3.24311751001129,5.328130081300813
c1_L128_rep003.npz,0.15,128,6,0.6842415672929896,0.7832251664235051,3.2588278579806658,5.3647675180091685
c1_L128_rep003.npz,0.15,128,7,0.6879410236033867,0.7905892863190214,3.2730364570167905,5.391247120763409
c1_L128_rep003.npz,0.15,128,8,0.6988225148550904,0.8023746606751724,3.3130136578009823,5.479598662207358
c1_L128_rep003.npz,0.15,128,10,0.71337061212358,0.8203812111727647,3.3612325216456984,5.591808873720137
c1_L128_rep003.npz,0.15,128,12,0.7166778445161404,0.8229288251999571,3.3783137175979463,5.6167295166266715
c1_L128_rep003.npz,0.15,128,15,0.7331970093751317,0.8470963760094342,3.431611753764062,5.748771929824561
c1_L128_rep003.npz,0.15,128,18,0.7453745739434355,0.8620703357012931,3.4705229169452494,5.845165893685337
c1_L128_rep003.npz,0.15,128,22,0.762791915124484,0.879948857088154,3.5343643571103507,5.981745162468054
c1_L128_rep003.npz,0.15,128,27,0.7761645231549247,0.8996314182707225,3.5785484955679303,6.086181277860327
c1_L128_rep003.npz,0.15,128,33,0.8054167956646012,0.9366738332290185,3.6769925711021125,6.316114109483423
c1_L128_rep003.npz,0.15,128,40,0.8250462868966038,0.9595444375995216,3.7406520399224106,6.468219502566127
c1_L128_rep003.npz,0.15,128,48,0.8301094288955192,0.9786687640522621,3.7595503309347222,6.509336511720302
c1_L128_rep003.npz,0.15,128,58,0.8531744718229137,1.0015115108457542,3.83661853577837,6.690077582686811
c1_L128_rep003.npz,0.15,128,71,0.8698014844412152,1.0304016455144618,3.8911799284819586,6.820982514571191
c1_L128_rep003.npz,0.15,128,86,0.9168132510001425,1.088090905502011,4.036417834791093,7.189118034225538
c1_L128_rep003.npz,0.15,128,105,0.9487927855337597,1.1275798747345567,4.1355835594730905,7.440508628519527
c1_L128_rep003.npz,0.15,128,127,0.9687860963451432,1.156171583133178,4.199080028380375,7.595734816875289
c1_L128_rep003.npz,0.15,128,154,0.9846325777507338,1.1830181076326742,4.2477791550452535,7.721017907634307
c1_L128_rep003.npz,0.15,128,187,1.036171706956972,1.2197853341435572,4.372571959745201,8.027437530622244
c1_L128_rep003.npz,0.15,128,227,1.0807997708868862,1.2574124760147358,4.460133291005914,8.266397578203835
c1_L128_rep003.npz,0.15,128,276,1.136155374549311,1.3187732378844537,4.561280212357708,8.5422314911366
c1_L128_rep003.npz,0.15,128,334,1.177714736162922,1.3579932305176063,4.660363824566723,8.775575790037493
c1_L128_rep003.npz,0.15,128,406,1.2506762806286382,1.4182157049224733,4.814698039152832,9.209668353007308
c1_L128_rep003.npz,0.15,128,493,1.2694449342045977,1.4523989469026213,4.841271101901482,9.277463193657985
c1_L128_rep003.npz,0.15,128,598,1.3244002759678875,1.4996529738325224,4.968006503349222,9.586892919836162
c1_L128_rep003.npz,0.15,128,726,1.3532614026931205,1.5364209047723874,5.0254315600705,9.74078478002378
c1_L128_rep003.npz,0.15,128,881,1.4024777224856062,1.578702843829901,5.150599944618299,10.070067609096496
c1_L128_rep003.npz,0.15,128,1069,1.471071775822843,1.6476148223423972,5.30765209825604,10.489116517285531
c1_L128_rep003.npz,0.15,128,1298,1.5189143269597087,1.7147505269411423,5.356999240808586,10.59082094376212
c1_L128_rep003.npz,0.15,128,1576,1.5495885024680636,1.7544693563290474,5.445893315694152,10.835978835978835
c1_L128_rep003.npz,0.15,128,1912,1.608091660063426,1.8328386038536602,5.583507402058997,11.138001359619306
c1_L128_rep003.npz,0.15,128,2321,1.6712865062668687,1.891213441251609,5.7101030422776065,11.50561797752809
c1_L128_rep003.npz,0.15,128,2818,1.7052093812168865,1.9337923720079486,5.773934181526598,11.652916073968706
c1_L128_rep003.npz,0.15,128,3420,1.8203131645163952,2.0553577738516333,6.0251699461176305,12.365283018867924
c1_L128_rep003.npz,0.15,128,4151,1.8653157693737812,2.1293812821057054,6.150133125725082,12.661514683153014
c1_L128_rep003.npz,0.15,128,5039,1.9718668898422445,2.2257291012616296,6.351197972461609,13.234248788368337
c1_L128_rep003.npz,0.15,128,6116,2.0542599779554456,2.3462529879098044,6.528967576677019,13.676126878130217
c1_L128_rep003.npz,0.15,128,7423,2.0982841737783953,2.394340432880204,6.577127471138741,13.687552213868003
c1_L128_rep003.npz,0.15,128,9010,2.287811441695771,2.591476725842294,6.9408198164776085,14.667860340196956
c1_L128_rep003.npz,0.15,128,10937,2.4000834905336115,2.7067835171705537,7.087728192353094,15.072677092916283
c1_L128_rep003.npz,0.15,128,13275,2.5636493500571422,2.8684221407358703,7.467490435147728,16.237859266600594
c1_L128_rep003.npz,0.15,128,16113,2.6200772582283984,2.9356665982410446,7.554735423178337,16.4004004004004
c1_L128_rep003.npz,0.15,128,19557,2.8892117866477687,3.2131856269584684,7.933787125715072,17.44834930777423
c1_L128_rep003.npz,0.15,128,23739,3.0385505879733827,3.3144348026957076,8.173332456389206,18.024202420242023
c1_L128_rep003.npz,0.15,128,28814,3.0945858596141984,3.4372834579761737,8.25871835608965,18.224694104560623
c1_L128_rep003.npz,0.15,128,34974,3.161501429076885,3.565745046482676,8.2491133705864,17.866957470010906
c1_L128_rep003.npz,0.15,128,42451,3.517231056757227,3.9346458041966605,8.941644587728188,19.907654921020654
c1_L128_rep003.npz,0.15,128,51526,3.889216560463718,4.3533571005438585,9.642918364908665,21.99194630872483
c1_L128_rep003.npz,0.15,128,62542,4.039786897029311,4.622383155376952,9.609612225316386,21.416993464052286
c1_L128_rep003.npz,0.15,128,75913,4.424058119004606,4.958963529330841,10.068379597330091,22.505494505494507
c1_L128_rep003.npz,0.15,128,92142,4.641152037390159,5.166630745915075,10.212119246436004,22.69252077562327
c1_L128_rep003.npz,0.15,128,111841,4.990071572001709,5.460992966506377,11.292321008113676,26.425806451612903
c1_L128_rep003.npz,0.15,128,135751,5.351155125011097,5.8397596845421536,11.449786996909344,26.511326860841425
c1_L128_rep003.npz,0.15,128,164773,5.739299628142401,6.1094899431592875,11.978378059345067,28.151202749140893
c1_L128_rep003.npz,0.15,128,200000,6.046308282395485,6.543999081639092,12.491744594231724,29.204991087344027
c1_L128_rep004.npz,0.15,128,1,0.6000211846984866,0.6645522968439949,2.9705710710674995,4.705341757610569
c1_L128_rep004.npz,0.15,128,2,0.6270411053478178,0.7042008361504449,3.0635531900528306,4.917166866746698
c1_L128_rep004.npz,0.15,128,3,0.642267768210879,0.7222328699591567,3.120466352068341,5.0365816169689515
c1_L128_rep004.npz,0.15,128,4,0.654347123439535,0.7418984228569425,3.1602062242301754,5.1312245537112435
c1_L128_rep004.npz,0.15,128,5,0.6668497296780722,0.7607193804286705,3.202886581235208,5.229492499202043
c1_L128_rep004.npz,0.15,128,6,0.6761523908629841,0.7758497334923347,3.2327289022555195,5.302265372168285
c1_L128_rep004.npz,0.15,128,7,0.6872607054897519,0.7898119638435688,3.268436432931325,5.389473684210526
c1_L128_rep004.npz,0.15,128,8,0.6950260525281686,0.7942965342939543,3.301525507288821,5.45043246839654
c1_L128_rep004.npz,0.15,128,10,0.7084754305932923,0.818387426000603,3.350743627940828,5.555781620888437
c1_L128_rep004.npz,0.15,128,12,0.7242924381082985,0.8412940845552027,3.4006382547970397,5.679029462738302
c1_L128_rep004.npz,0.15,128,15,0.7341408435030669,0.854762443245892,3.4343774316388322,5.756851721714687
c1_L128_rep004.npz,0.15,128,18,0.7448271856577231,0.867240137176026,3.473579665011414,5.8409982174688055
c1_L128_rep004.npz,0.15,128,22,0.7644576096033939,0.8932023930220693,3.5419326345079947,5.9948774240761065
c1_L128_rep004.npz,0.15,128,27,0.769244592391973,0.9000738665600315,3.5582912394352477,6.03240058910162
c1_L128_rep004.npz,0.15,128,33,0.7987441848416184,0.9355690518000254,3.659319703697562,6.2629969418960245
c1_L128_rep004.npz,0.15,128,40,0.8099776364135192,0.9568004527701486,3.692078822700203,6.350387596899225
c1_L128_rep004.npz,0.15,128,48,0.8404805822562966,0.9875880393164591,3.794801887330554,6.5905068382944485
c1_L128_rep004.npz,0.15,128,58,0.8551945723673979,1.0110638010436597,3.8397048630524853,6.706508391322145
c1_L128_rep004.npz,0.15,128,71,0.8796813994795323,1.0429723825728758,3.9224188829997515,6.898526315789474
c1_L128_rep004.npz,0.15,128,86,0.8959011693580918,1.0707390557610537,3.9752497219248477,7.025728987993139
c1_L128_rep004.npz,0.15,128,105,0.9262242329688597,1.1076122435892906,4.071587279382668,7.26241134751773
c1_L128_rep004.npz,0.15,128,127,0.9711392324672599,1.141979467693155,4.209737030390046,7.613382899628252
c1_L128_rep004.npz,0.15,128,154,0.9827962841794672,1.1847240282880112,4.242966256000043,7.706491063029163
c1_L128_rep004.npz,0.15,128,187,1.0444007002462552,1.2331708454260786,4.389067852701998,8.066962087641556
c1_L128_rep004.npz,0.15,128,227,1.0589939547352798,1.2645143824413934,4.420170295361891,8.135054617676266
c1_L128_rep004.npz,0.15,128,276,1.1461068280622282,1.3273857735926642,4.5960507862038815,8.609563846558066
c1_L128_rep004.npz,0.15,128,334,1.210714352092873,1.3710860402971599,4.7379479528797654,8.99725425590335
c1_L128_rep004.npz,0.15,128,406,1.2499645817431977,1.417160926246906,4.811968401586412,9.220033764772088
c1_L128_rep004.npz,0.15,128,493,1.2907713935869616,1.4497169319692054,4.894253535236515,9.459584295612009
c1_L128_rep004.npz,0.15,128,598,1.2969468183828259,1.4893223349197164,4.901899151583815,9.399885255306941
c1_L128_rep004.npz,0.15,128,726,1.3603649829209088,1.5401020034816182,5.052138873901599,9.84024024024024
c1_L128_rep004.npz,0.15,128,881,1.3752555062507703,1.564892288316549,5.085287168011396,9.86987951807229
c1_L128_rep004.npz,0.15,128,1069,1.4276899656207138,1.6274866894993294,5.230525474736831,10.227215980024969
c1_L128_rep004.npz,0.15,128,1298,1.5055211850681776,1.696528755745037,5.378483202436409,10.61139896373057
c1_L128_rep004.npz,0.15,128,1576,1.5801661350180591,1.7987169158577665,5.543452919420596,11.077755240027045
c1_L128_rep004.npz,0.15,128,1912,1.6580351263917816,1.8752034905326687,5.657977238635109,11.377777777777778
c1_L128_rep004.npz,0.15,128,2321,1.647010556368509,1.904832708829498,5.688380765490664,11.385684503127171
c1_L128_rep004.npz,0.15,128,2818,1.7866115474828688,2.037076171474218,6.001550030017242,12.272659176029963
c1_L128_rep004.npz,0.15,128,3420,1.8497939580428944,2.1298396295264608,6.12997704740602,12.583717357910906
c1_L128_rep004.npz,0.15,128,4151,2.0133247106380043,2.275561267710926,6.419346911056239,13.38562091503268
c1_L128_rep004.npz,0.15,128,5039,2.0446443154672265,2.361202932553306,6.45037149292625,13.407528641571195
c1_L128_rep004.npz,0.15,128,6116,2.2849022112430095,2.598707354826021,7.003946936600577,14.976234003656307
c1_L128_rep004.npz,0.15,128,7423,2.3453586297385343,2.6519144740922207,6.95648808116232,14.628571428571428
c1_L128_rep004.npz,0.15,128,9010,2.5137547144251755,2.8294440745455147,7.336041802111594,15.829951690821256
c1_L128_rep004.npz,0.15,128,10937,2.6385608708516273,2.939151922941069,7.574412997052785,16.49949647532729
c1_L128_rep004.npz,0.15,128,13275,2.7373517488858177,3.0667404684747552,7.736872218573236,16.925619834710744
c1_L128_rep004.npz,0.15,128,16113,2.9086866221123713,3.2713331695801453,7.958617059223728,17.35593220338983
c1_L128_rep004.npz,0.15,128,19557,2.952647040872013,3.344000347864518,7.9504968958479765,17.300950369588172
c1_L128_rep004.npz,0.15,128,23739,3.212016881194934,3.5997686748665854,8.334675474824735,18.224694104560623
c1_L128_rep004.npz,0.15,128,28814,3.4799937627055404,3.8343429665366173,8.987358046003001,20.277227722772277
c1_L128_rep004.npz,0.15,128,34974,3.675230522985957,3.971248152247103,9.296838797215718,21.277922077922078
c1_L128_rep004.npz,0.15,128,42451,3.787400318990331,4.106838849577744,9.42053470432741,21.36114732724902
c1_L128_rep004.npz,0.15,128,51526,3.8699845558237804,4.209086967165946,9.334023313634493,20.79187817258883
c1_L128_rep004.npz,0.15,128,62542,4.131826666554971,4.481486488894688,9.93081575328491,22.818941504178273
c1_L128_rep004.npz,0.15,128,75913,4.113074038908444,4.568504234683008,9.680525280403298,21.874499332443257
c1_L128_rep004.npz,0.15,128,92142,4.297277751629841,4.7295863276392245,10.055658357824782,22.88268156424581
c1_L128_rep004.npz,0.15,128,111841,4.446152472031651,4.864851625387363,10.328023881751664,23.608069164265128
c1_L128_rep004.npz,0.15,128,135751,4.687918377631479,5.149403076664408,10.631716816146279,24.453731343283582
c1_L128_rep004.npz,0.15,128,164773,4.917529555702585,5.495562136905868,10.791677469046906,24.417287630402384
c1_L128_rep004.npz,0.15,128,200000,5.47087708947342,6.1632467554046855,11.394785666934371,26.006349206349206
c1_L128_rep005.npz,0.15,128,1,0.6039848025787551,0.668408504030011,2.9882438601187555,4.735260115606937
c1_L128_rep005.npz,0.15,128,2,0.6289761780076677,0.7035733582848769,3.073221060429267,4.9319686935580975
c1_L128_rep005.npz,0.15,128,3,0.6436902226030998,0.7228776152704706,3.128534949542767,5.047443006777573
c1_L128_rep005.npz,0.15,128,4,0.655000077527446,0.7371545728900222,3.170263576251267,5.136050156739812
c1_L128_rep005.npz,0.15,128,5,0.6677856911426951,0.7511355828560092,3.2168924443019074,5.2361776925535315
c1_L128_rep005.npz,0.15,128,6,0.6808896090384297,0.7690665738379092,3.257487397323503,5.338546757901597
c1_L128_rep005.npz,0.15,128,7,0.6822500884977751,0.7748872200571093,3.261014728090875,5.349004244205028
c1_L128_rep005.npz,0.15,128,8,0.6898090179223808,0.7849294724270567,3.2909465644180473,5.409045889732585
c1_L128_rep005.npz,0.15,128,10,0.7036848188767573,0.8039036233797732,3.3355332127964146,5.518356348939037
c1_L128_rep005.npz,0.15,128,12,0.7175159877904623,0.821836290289329,3.3820002054084326,5.626373626373627
c1_L128_rep005.npz,0.15,128,15,0.7362599174349088,0.8526954430951622,3.4439483085568123,5.77307963354475
c1_L128_rep005.npz,0.15,128,18,0.7477815050204991,0.8675355913986802,3.4831679761387213,5.861896243291592
c1_L128_rep005.npz,0.15,128,22,0.7694548830810549,0.8865831208023285,3.5634124557484905,6.03240058910162
c1_L128_rep005.npz,0.15,128,27,0.783159716688207,0.9092759435779342,3.6061335724089316,6.140929535232384
c1_L128_rep005.npz,0.15,128,33,0.7971212867378874,0.9227135525081817,3.659760372541052,6.251049217855781
c1_L128_rep005.npz,0.15,128,40,0.8190907918587945,0.9552471841427927,3.7208760506108036,6.420062695924765
c1_L128_rep005.npz,0.15,128,48,0.8330424785614012,0.9753857081808726,3.7705694738277575,6.530091669988043
c1_L128_rep005.npz,0.15,128,58,0.8636970619842215,1.0183364746899688,3.8647718522640235,6.773046713517982
c1_L128_rep005.npz,0.15,128,71,0.8944457671428587,1.0524247186639561,3.96511848204361,7.013698630136986
c1_L128_rep005.npz,0.15,128,86,0.9151293872446278,1.0863919808249642,4.033835839848012,7.176522120017521
c1_L128_rep005.npz,0.15,128,105,0.9360875246916484,1.1289943478085722,4.101972686747415,7.340501792114695
c1_L128_rep005.npz,0.15,128,127,0.9808854653498542,1.1732251568392678,4.245037114494325,7.692018779342723
c1_L128_rep005.npz,0.15,128,154,1.0202889919152214,1.215889408893244,4.334514763179802,7.941832283082889
c1_L128_rep005.npz,0.15,128,187,1.0811151579134253,1.2570720531289354,4.461563919381084,8.262228946041352
c1_L128_rep005.npz,0.15,128,227,1.1063881033960334,1.2883373530692652,4.509213109585836,8.384851586489253
c1_L128_rep005.npz,0.15,128,276,1.1528947858937393,1.326147326839918,4.610424379302812,8.650475184794086
c1_L128_rep005.npz,0.15,128,334,1.1993375316562878,1.37877550581273,4.711035909030946,8.909189777052745
c1_L128_rep005.npz,0.15,128,406,1.2347688166629245,1.410561850688358,4.777226436872507,9.10728182323513
c1_L128_rep005.npz,0.15,128,493,1.2727935157906352,1.4593370858124564,4.858636556833995,9.287981859410431
c1_L128_rep005.npz,0.15,128,598,1.2974347364738086,1.4943745422642105,4.906753792943039,9.410683515221137
c1_L128_rep005.npz,0.15,128,726,1.4024484535549262,1.585848082524684,5.149459332659955,10.088669950738916
c1_L128_rep005.npz,0.15,128,881,1.4436416506177987,1.629494362026725,5.229301300877721,10.265664160401002
c1_L128_rep005.npz,0.15,128,1069,1.502461927670538,1.7045772786905335,5.35740078863558,10.618276085547635
c1_L128_rep005.npz,0.15,128,1298,1.5415274023140124,1.742401182361641,5.438904032563522,10.778947368421052
c1_L128_rep005.npz,0.15,128,1576,1.5956741422929552,1.7983397011165407,5.56451425076453,11.191256830601093
c1_L128_rep005.npz,0.15,128,1912,1.641331109002869,1.8517570759942252,5.663503540454702,11.401530967292972
c1_L128_rep005.npz,0.15,128,2321,1.6868077028808295,1.8945468096311155,5.745834347439727,11.61985815602837
c1_L128_rep005.npz,0.15,128,2818,1.7188277127980067,1.9414316463576378,5.830490463617381,11.821067821067821
c1_L128_rep005.npz,0.15,128,3420,1.8369637838600212,2.074041931493114,6.059494321588372,12.44984802431611
c1_L128_rep005.npz,0.15,128,4151,1.9520062698430314,2.184301393108535,6.348251518294747,13.255663430420713
c1_L128_rep005.npz,0.15,128,5039,1.9655747391036336,2.24223475943106,6.3318417417611785,13.1072
c1_L128_rep005.npz,0.15,128,6116,2.096010603059743,2.3515773403733125,6.610647112323515,14.003418803418803
c1_L128_rep005.npz,0.15,128,7423,2.1713662250225356,2.4606472784918223,6.71461450897854,14.14853195164076
c1_L128_rep005.npz,0.15,128,9010,2.271713324346705,2.5729510798221,6.9473592429857,14.773669972948602
c1_L128_rep005.npz,0.15,128,10937,2.5061990493526123,2.7878909169488972,7.348020354699367,15.845261121856867
c1_L128_rep005.npz,0.15,128,13275,2.5293450550793235,2.871814115051548,7.241135654841754,15.340823970037453
c1_L128_rep005.npz,0.15,128,16113,2.7896460163535735,3.1309924572998056,7.797921292405731,17.031185031185032
c1_L128_rep005.npz,0.15,128,19557,2.973332755826357,3.3745125639697404,8.087736170273521,17.61720430107527
c1_L128_rep005.npz,0.15,128,23739,3.24015321326532,3.6035175297278474,8.432024899731443,18.512994350282487
c1_L128_rep005.npz,0.15,128,28814,3.396886623998917,3.790275130268192,8.82866851915967,19.73975903614458
c1_L128_rep005.npz,0.15,128,34974,3.437019500547691,3.81959736158269,8.842695656066253,19.621556886227545
c1_L128_rep005.npz,0.15,128,42451,3.5726400909702427,4.02375256945192,9.053320058554595,20.378109452736318
c1_L128_rep005.npz,0.15,128,51526,3.7119105887132258,4.114033430762182,9.152671209940612,20.428927680798004
c1_L128_rep005.npz,0.15,128,62542,3.9265637435486203,4.341152742537248,9.72991007596225,22.26086956521739
c1_L128_rep005.npz,0.15,128,75913,4.172901254691526,4.5131766698952855,9.607754323528718,21.389033942558747
c1_L128_rep005.npz,0.15,128,92142,4.33507455475599,4.7657861715900065,10.155385580818749,23.173974540311175
c1_L128_rep005.npz,0.15,128,111841,4.63319716428053,5.1311806686173975,10.37414092844065,23.405714285714286
c1_L128_rep005.npz,0.15,128,135751,5.4467134039759655,5.836583346687215,11.885253470430003,27.959044368600683
c1_L128_rep005.npz,0.15,128,164773,5.826568210395861,6.277441086575506,12.066614640988593,27.816638370118845
c1_L128_rep005.npz,0.15,128,200000,5.806352348068133,6.252180028257192,12.283744046351357,28.69352014010508
c1_L128_rep006.npz,0.15,128,1,0.5988218950140554,0.660827213120674,2.9627348941400524,4.695901404413872
c1_L128_rep006.npz,0.15,128,2,0.6263216312642343,0.6968900796948914,3.065668304671622,4.911270983213429
c1_L128_rep006.npz,0.15,128,3,0.640872127490506,0.7212506652978801,3.1093496524639024,5.0257668711656445
c1_L128_rep006.npz,0.15,128,4,0.6553543262817998,0.7395801794185999,3.1636170810190247,5.139272271016311
c1_L128_rep006.npz,0.15,128,5,0.6679254279793959,0.7553157747312653,3.208033531569468,5.2378516624040925
c1_L128_rep006.npz,0.15,128,6,0.6789918310846532,0.7698951705226311,3.245610467473789,5.324666883327917
c1_L128_rep006.npz,0.15,128,7,0.683693996735712,0.7729441650900961,3.2625768875323384,5.361256544502618
c1_L128_rep006.npz,0.15,128,8,0.6902015917573296,0.7853188641607282,3.2826811627223735,5.412619755533531
c1_L128_rep006.npz,0.15,128,10,0.6978101935026605,0.7908150306105923,3.314192325961545,5.472277889111557
c1_L128_rep006.npz,0.15,128,12,0.7104079561743221,0.8118870498582709,3.35931480494814,5.5708942536552195
c1_L128_rep006.npz,0.15,128,15,0.7289869566057415,0.8390683404432078,3.4164549254046497,5.7166782972784365
c1_L128_rep006.npz,0.15,128,18,0.7498970182784708,0.8682204173982772,3.483160303392025,5.87661406025825
c1_L128_rep006.npz,0.15,128,22,0.7625650097486252,0.8825945327763609,3.532798336090246,5.97956204379562
c1_L128_rep006.npz,0.15,128,27,0.7836626756887537,0.9092696629120629,3.6030042069542487,6.145536384096024
c1_L128_rep006.npz,0.15,128,33,0.7925308641870381,0.9191246158238675,3.633801805876398,6.213120970800151
c1_L128_rep006.npz,0.15,128,40,0.8214878725125581,0.9558838174208006,3.7192911729154963,6.440251572327044
c1_L128_rep006.npz,0.15,128,48,0.8348394768063194,0.9780108587677656,3.7657465588852124,6.545745105872952
c1_L128_rep006.npz,0.15,128,58,0.8644664694074666,1.0067405154651883,3.8634048140946975,6.773046713517982
c1_L128_rep006.npz,0.15,128,71,0.8832540369599013,1.030662450718955,3.926215800409919,6.924767540152155
c1_L128_rep006.npz,0.15,128,86,0.9254035870416571,1.0717477012512833,4.055987257266026,7.255978742249779
c1_L128_rep006.npz,0.15,128,105,0.942374296725508,1.0996592233806963,4.108485805435073,7.390166892196662
c1_L128_rep006.npz,0.15,128,127,0.9641411285306025,1.1401493331503132,4.180251751197603,7.560682971850484
c1_L128_rep006.npz,0.15,128,154,1.0012277442921635,1.171603722530474,4.282921600312199,7.831739961759082
c1_L128_rep006.npz,0.15,128,187,1.0257878890636238,1.2072469339562968,4.3368066114084005,7.972749391727494
c1_L128_rep006.npz,0.15,128,227,1.045019766924721,1.2257723573282435,4.380444646665027,8.070935960591132
c1_L128_rep006.npz,0.15,128,276,1.090526224132995,1.273715721043176,4.471272754778109,8.308316430020284
c1_L128_rep006.npz,0.15,128,334,1.1330448432367937,1.3136326861881764,4.564563843010328,8.533333333333333
c1_L128_rep006.npz,0.15,128,406,1.1926448402980985,1.3700238655694745,4.68984624991651,8.86100594916171
c1_L128_rep006.npz,0.15,128,493,1.2300707059538243,1.4148345282894446,4.7758649649111,9.071982281284606
c1_L128_rep006.npz,0.15,128,598,1.2846962419717585,1.476388128104245,4.8829125365064,9.335612535612535
c1_L128_rep006.npz,0.15,128,726,1.343770697472741,1.5368692762810183,5.017953868465134,9.700414446417998
c1_L128_rep006.npz,0.15,128,881,1.3968578402794387,1.6013904608400096,5.1315014073290035,9.959878419452888
c1_L128_rep006.npz,0.15,128,1069,1.4791681383940474,1.6902681826797716,5.3240166325140725,10.475703324808185
c1_L128_rep006.npz,0.15,128,1298,1.5763251788624588,1.795975850205728,5.53439286867891,11.032996632996634
c1_L128_rep006.npz,0.15,128,1576,1.5575340549233525,1.7720379463171594,5.44444501909332,10.78604344963792
c1_L128_rep006.npz,0.15,128,1912,1.587934778047074,1.8258552130829102,5.543164919690526,11.010752688172044
c1_L128_rep006.npz,0.15,128,2321,1.72065738429165,1.9663517472911045,5.806451856676909,11.711222301644032
c1_L128_rep006.npz,0.15,128,2818,1.8705700594788777,2.1010057153526995,6.159597804096745,12.7601246105919
c1_L128_rep006.npz,0.15,128,3420,1.905428948319821,2.1811421286115715,6.1988878782848955,12.740279937791602
c1_L128_rep006.npz,0.15,128,4151,2.0016026322539275,2.262871423689768,6.386516738585361,13.287915652879157
c1_L128_rep006.npz,0.15,128,5039,2.03927813785797,2.311935929143665,6.4632773698014,13.495881383855025
c1_L128_rep006.npz,0.15,128,6116,2.1831631637414413,2.4690911853478514,6.690538082775764,14.173010380622838
c1_L128_rep006.npz,0.15,128,7423,2.1384157465055855,2.4493150673978867,6.5772415421926524,13.664720600500416
c1_L128_rep006.npz,0.15,128,9010,2.33742379801346,2.6127436657387584,7.0689903065338235,15.170370370370371
c1_L128_rep006.npz,0.15,128,10937,2.4940533747438525,2.7696347341638234,7.255576291133543,15.633587786259541
c1_L128_rep006.npz,0.15,128,13275,2.551372680645489,2.8415511082974025,7.320820179374232,15.738712776176753
c1_L128_rep006.npz,0.15,128,16113,2.7949317056293856,3.071100395070432,7.807116783657683,17.0844629822732
c1_L128_rep006.npz,0.15,128,19557,2.815881425789355,3.093147138129946,7.688065277477554,16.633502538071067
c1_L128_rep006.npz,0.15,128,23739,2.9006680390541724,3.2041490368847114,7.980771915877473,17.541755888650965
c1_L128_rep006.npz,0.15,128,28814,3.023309528479885,3.3221108332582507,8.198799951705759,18.244988864142538
c1_L128_rep006.npz,0.15,128,34974,3.1057620866146913,3.4355721970970663,8.315708706654107,18.45045045045045
c1_L128_rep006.npz,0.15,128,42451,3.438399553685896,3.726751660771817,8.885359811997834,20.029339853300733
c1_L128_rep006.npz,0.15,128,51526,3.5407178640030272,3.9152541755175463,8.945985024347928,19.883495145631066
c1_L128_rep006.npz,0.15,128,62542,3.8205358031187897,4.167961496744242,9.369244042245143,21.140645161290323
c1_L128_rep006.npz,0.15,128,75913,4.005004212046354,4.4916955045178355,9.611378810690445,21.501312335958005
c1_L128_rep006.npz,0.15,128,92142,4.478983518101932,4.931818234622867,10.633861635643532,24.786686838124055
c1_L128_rep006.npz,0.15,128,111841,4.8642590026354355,5.271029246883241,10.735856765463641,24.490284005979074
c1_L128_rep006.npz,0.15,128,135751,4.786509730404118,5.306863274817699,10.52250328707134,23.642135642135642
c1_L128_rep006.npz,0.15,128,164773,5.1521572071851285,5.693021932748191,11.092987509941425,25.12883435582822
c1_L128_rep006.npz,0.15,128,200000,5.3042854412181955,5.8703162439713665,11.440101841107621,26.425806451612903
c1_L128_rep007.npz,0.15,128,1,0.6068572101156197,0.6798889765756118,2.9938107067087287,4.758640720302062
c1_L128_rep007.npz,0.15,128,2,0.6313343893948822,0.7064840554634958,3.0822685898595252,4.949848942598187
c1_L128_rep007.npz,0.15,128,3,0.6484857639693442,0.7300398144560912,3.139253928992075,5.08504034761018
c1_L128_rep007.npz,0.15,128,4,0.6600150760544652,0.7428219332128285,3.1837000157921436,5.174984207201516
c1_L128_rep007.npz,0.15,128,5,0.6714605443973831,0.7583983032098502,3.223473025439023,5.26478149100257
c1_L128_rep007.npz,0.15,128,6,0.6757837135830951,0.7701774650804818,3.2381699807478332,5.298835705045279
c1_L128_rep007.npz,0.15,128,7,0.6877098838587046,0.7829409308676034,3.2774651353968127,5.39302172481896
c1_L128_rep007.npz,0.15,128,8,0.6961906233142523,0.7946760292707168,3.3069570723192805,5.4595134955015
c1_L128_rep007.npz,0.15,128,10,0.7089379812680607,0.8125768671819573,3.3504064742938002,5.559552086868002
c1_L128_rep007.npz,0.15,128,12,0.7164655224867004,0.8315512434878407,3.372488998032866,5.6167295166266715
c1_L128_rep007.npz,0.15,128,15,0.7341582474227848,0.8460562223296604,3.444390555831946,5.756851721714687
c1_L128_rep007.npz,0.15,128,18,0.7475081174953913,0.8643750996547721,3.48480799697909,5.861896243291592
c1_L128_rep007.npz,0.15,128,22,0.7672866047075979,0.8926335012250053,3.550869097586381,6.016893132574366
c1_L128_rep007.npz,0.15,128,27,0.7848424508572013,0.9197328474592452,3.6123968650678293,6.154770848985725
c1_L128_rep007.npz,0.15,128,33,0.800844143018387,0.9421177601450543,3.661534435889272,6.27980068991951
c1_L128_rep007.npz,0.15,128,40,0.8261163134309577,0.9700559124437889,3.754000128611321,6.47844998022934
c1_L128_rep007.npz,0.15,128,48,0.8492867943296436,1.004511966440558,3.819356088289625,6.660162601626016
c1_L128_rep007.npz,0.15,128,58,0.8619070737858024,1.024772626758486,3.862394979422106,6.759075907590759
c1_L128_rep007.npz,0.15,128,71,0.8734433551107048,1.0404661923094642,3.904058883792629,6.849498327759197
c1_L128_rep007.npz,0.15,128,86,0.8902757001872401,1.0648070056839365,3.959883334052198,6.980826587132509
c1_L128_rep007.npz,0.15,128,105,0.9220205573217788,1.1079527940628418,4.058189193644596,7.23036187113857
c1_L128_rep007.npz,0.15,128,127,0.965387746652013,1.155784970070555,4.192584801105455,7.567667436489607
c1_L128_rep007.npz,0.15,128,154,1.0165778656192626,1.2065234892272607,4.330748414071276,7.922630560928433
c1_L128_rep007.npz,0.15,128,187,1.0650522013412633,1.2432724533826658,4.422923345226149,8.17564870259481
c1_L128_rep007.npz,0.15,128,227,1.085414520058947,1.2638609930231364,4.474225990496546,8.283114256825076
c1_L128_rep007.npz,0.15,128,276,1.136207788455632,1.3242973374488116,4.577312186639043,8.528891202498698
c1_L128_rep007.npz,0.15,128,334,1.1892352647880224,1.3766417215266262,4.682468868541652,8.837108953613807
c1_L128_rep007.npz,0.15,128,406,1.2284879136937386,1.4080383940907517,4.772193716836897,9.056937534549474
c1_L128_rep007.npz,0.15,128,493,1.2856958999700545,1.4626141638001358,4.903833966225594,9.410683515221137
c1_L128_rep007.npz,0.15,128,598,1.3289866407436572,1.5145084909247215,4.985374253817471,9.609384164222874
c1_L128_rep007.npz,0.15,128,726,1.3760241171925247,1.5701159515969412,5.108508339425996,9.899697885196375
c1_L128_rep007.npz,0.15,128,881,1.4691256270883344,1.659491234412707,5.315450753857931,10.482405630198336
c1_L128_rep007.npz,0.15,128,1069,1.4728326378097651,1.6987686547909617,5.289279098518092,10.349968414403032
c1_L128_rep007.npz,0.15,128,1298,1.5786222754220027,1.7752764038625726,5.543710063658948,11.077755240027045
c1_L128_rep007.npz,0.15,128,1576,1.642591830260686,1.8657569444126327,5.655428472648403,11.369882026370576
c1_L128_rep007.npz,0.15,128,1912,1.7203905817904617,1.9701344752627228,5.8196065283338685,11.78705035971223
c1_L128_rep007.npz,0.15,128,2321,1.7959195958036747,2.053836941174872,6.00016051228578,12.25430067314884
c1_L128_rep007.npz,0.15,128,2818,1.8593902104346909,2.152168617001614,6.092211274582489,12.478293983244479
c1_L128_rep007.npz,0.15,128,3420,1.9544952366209252,2.2482867934690516,6.342890877205562,13.128205128205128
c1_L128_rep007.npz,0.15,128,4151,2.138908980290929,2.4039610955868005,6.669463576517615,14.087704213241617
c1_L128_rep007.npz,0.15,128,5039,2.1963633124031943,2.4970283547869,6.772400827075566,14.309170305676856
c1_L128_rep007.npz,0.15,128,6116,2.229382095515838,2.5285940792640402,6.768491610541371,14.284219703574543
c1_L128_rep007.npz,0.15,128,7423,2.3446706440634357,2.6226069004842367,7.016851120886953,15.017415215398717
c1_L128_rep007.npz,0.15,128,9010,2.427631404306098,2.71362687353814,7.260804101265185,15.753846153846155
c1_L128_rep007.npz,0.15,128,10937,2.537631859762934,2.841765727880911,7.303119563874792,15.693486590038313
c1_L128_rep007.npz,0.15,128,13275,2.6271992175755674,2.921891667946892,7.377036485058164,15.829951690821256
c1_L128_rep007.npz,0.15,128,16113,2.697278605972923,3.010560395211442,7.596534614119523,16.416833667334668
c1_L128_rep007.npz,0.15,128,19557,2.808688420328167,3.1418562467550983,7.821815416552737,17.0134994807892
c1_L128_rep007.npz,0.15,128,23739,2.8663411519461937,3.2489529971346496,7.979654748567948,17.560557341907824
c1_L128_rep007.npz,0.15,128,28814,3.1714654357766645,3.487100971980274,8.42290337222606,18.72457142857143
c1_L128_rep007.npz,0.15,128,34974,3.383627955118815,3.710266218656308,8.693649534075075,19.230046948356808
c1_L128_rep007.npz,0.15,128,42451,3.4319466107860506,3.7828781022352063,8.54440434416374,18.55492638731597
c1_L128_rep007.npz,0.15,128,51526,3.624666044218046,3.945379524690643,9.134454873832798,20.582914572864322
c1_L128_rep007.npz,0.15,128,62542,3.7021423444535273,4.058984767897991,9.136356102801638,20.378109452736318
c1_L128_rep007.npz,0.15,128,75913,3.9762520698340116,4.317422030751217,9.453926900672595,21.16795865633075
c1_L128_rep007.npz,0.15,128,92142,4.282482366720307,4.6460959217390965,10.058815471484227,22.946778711484594
c1_L128_rep007.npz,0.15,128,111841,4.499079440349569,4.957414765128457,10.263817801293388,23.206798866855525
c1_L128_rep007.npz,0.15,128,135751,4.87541412519991,5.334978746945623,10.888670433238671,24.975609756097562
c1_L128_rep007.npz,0.15,128,164773,5.282949707540406,5.826592380841387,11.49109635154677,26.72756933115824
c1_L128_rep007.npz,0.15,128,200000,5.812553084887198,6.204590132120595,12.211193666516694,28.794376098418276
c1_L32_rep000.npz,0.15,32,1,0.60357666015625,0.6826805229014281,2.9844419892409557,4.71889400921659
c1_L32_rep000.npz,0.15,32,2,0.6352047467123869,0.761301669249917,3.106484983868412,4.970873786407767
c1_L32_rep000.npz,0.15,32,3,0.6579019836832929,0.7803875267117732,3.168649181478991,5.1457286432160805
c1_L32_rep000.npz,0.15,32,4,0.6932252317994505,0.810919007185416,3.278355988383766,5.417989417989418
c1_L32_rep000.npz,0.15,32,5,0.7089201937016752,0.8089515110724772,3.3376458246137264,5.535135135135135
c1_L32_rep000.npz,0.15,32,6,0.7118430292726198,0.8491777484992059,3.360651379960649,5.565217391304348
c1_L32_rep000.npz,0.15,32,7,0.7192476610637912,0.8612046311716302,3.393427599014459,5.626373626373627
c1_L32_rep000.npz,0.15,32,8,0.7403661235214194,0.8716479485125574,3.4554568435295594,5.785310734463277
c1_L32_rep000.npz,0.15,32,10,0.7411243069556452,0.86277449948803,3.4622283340271154,5.785310734463277
c1_L32_rep000.npz,0.15,32,12,0.7651714528471272,0.9063626253416124,3.5409248465458587,5.988304093567251
c1_L32_rep000.npz,0.15,32,15,0.756324945494186,0.8913262807082081,3.526064189530601,5.91907514450867
c1_L32_rep000.npz,0.15,32,18,0.7616235658927846,0.9014533717663527,3.534129197997333,5.953488372093023
c1_L32_rep000.npz,0.15,32,22,0.79827880859375,0.9594308110471903,3.647114330521956,6.2439024390243905
c1_L32_rep000.npz,0.15,32,27,0.7988732083023082,0.9267686874906702,3.6461049961538725,6.2439024390243905
c1_L32_rep000.npz,0.15,32,33,0.8087627704326923,0.9734816356160259,3.6680330558167427,6.320987654320987
c1_L32_rep000.npz,0.15,32,40,0.834220901102583,1.0110600482634364,3.76039738180282,6.522292993630574
c1_L32_rep000.npz,0.15,32,48,0.8182604362101313,1.0056357991864457,3.7244660777812504,6.4
c1_L32_rep000.npz,0.15,32,58,0.8282329852764423,1.0334395653180288,3.75938982963381,6.481012658227848
c1_L32_rep000.npz,0.15,32,71,0.9087853318541385,1.100235627227478,4.0330920737856415,7.111111111111111
c1_L32_rep000.npz,0.15,32,86,0.9888423016295447,1.177404982644072,4.24591596477452,7.641791044776119
c1_L32_rep000.npz,0.15,32,105,0.9554935284514925,1.1963151887175325,4.183790857979358,7.474452554744525
c1_L32_rep000.npz,0.15,32,127,1.0073965056474385,1.2926241776683396,4.316983332529434,7.816793893129771
c1_L32_rep000.npz,0.15,32,154,1.0254055966898954,1.2526933568967848,4.362430417411146,7.937984496124031
c1_L32_rep000.npz,0.15,32,187,1.0687208299512987,1.3185311291852817,4.4639543789140275,8.126984126984127
c1_L32_rep000.npz,0.15,32,227,1.2460587785050676,1.5350638039888516,4.816502945425087,9.142857142857142
c1_L32_rep000.npz,0.15,32,276,1.384230028427818,1.555104149902271,5.1650120112207025,10.138613861386139
c1_L32_rep000.npz,0.15,32,334,1.3816269883164414,1.5938645101369038,5.133651170723555,9.941747572815533
c1_L32_rep000.npz,0.15,32,406,1.3695179332386362,1.6215024003699245,5.045402927539838,9.752380952380953
c1_L32_rep000.npz,0.15,32,493,1.3656699440696023,1.610457288189214,5.005589001223228,9.570093457943925
c1_L32_rep000.npz,0.15,32,598,1.5521551724137932,1.7785162841786937,5.392121311613445,10.666666666666666
c1_L32_rep000.npz,0.15,32,726,1.6722739491294178,1.9406227914730745,5.5813405732536046,11.252747252747254
c1_L32_rep000.npz,0.15,32,881,1.7200367647058825,1.907560790406484,5.8311445000353235,12.047058823529412
c1_L32_rep000.npz,0.15,32,1069,1.5836129342998955,nan,5.4994626325232305,10.778947368421052
c1_L32_rep000.npz,0.15,32,1298,1.7758004926108373,1.9651741653080217,5.979679498224632,12.487804878048781
c1_L32_rep000.npz,0.15,32,1576,1.7180727066532258,1.9017509945925082,5.812303240403101,11.770114942528735
c1_L32_rep000.npz,0.15,32,1912,1.603633996212121,1.8352372303513564,5.658962233551409,11.252747252747254
c1_L32_rep000.npz,0.15,32,2321,1.7920689174107143,1.9787064815721873,6.0436109039179415,12.487804878048781
c1_L32_rep000.npz,0.15,32,2818,1.6636134556361608,1.949745141094986,5.673211562061024,11.252747252747254
c1_L32_rep000.npz,0.15,32,3420,1.9767596905048077,2.526151230011009,6.141317780788832,12.487804878048781
c1_L32_rep000.npz,0.15,32,4151,2.234296371779388,2.6315368635943797,6.512414823183356,13.653333333333334
c1_L32_rep000.npz,0.15,32,5039,2.293573467548077,2.638665085014761,7.10281336007744,15.515151515151516
c1_L32_rep000.npz,0.15,32,6116,2.0877544981060607,2.362022866708767,6.3156903106964775,12.8
c1_L32_rep000.npz,0.15,32,7423,2.3509392989309212,2.6146900321526534,6.9704076453340695,14.840579710144928
c1_L32_rep000.npz,0.15,32,9010,2.095568266369048,2.4306203129488178,6.738265458514181,14.222222222222221
c1_L32_rep000.npz,0.15,32,10937,2.726571377840909,2.933123288064791,7.4417984353752615,16.0
c1_L32_rep000.npz,0.15,32,13275,2.9489542643229165,3.1114484112175,8.12189991818881,18.285714285714285
c1_L32_rep000.npz,0.15,32,16113,2.9987321820175437,nan,8.232854313814336,18.618181818181817
c1_L32_rep000.npz,0.15,32,19557,3.005749725877193,nan,8.378363915001408,18.618181818181817
c1_L32_rep000.npz,0.15,32,23739,3.120399238159938,3.3998319201390714,8.032167477786116,17.964912280701753
c1_L32_rep000.npz,0.15,32,28814,3.1742959189248254,3.4531221748348635,8.777189498369916,20.07843137254902
c1_L32_rep000.npz,0.15,32,34974,3.124319278492647,nan,8.501291244328668,18.962962962962962
c1_L32_rep000.npz,0.15,32,42451,4.03817471590909,4.380718328120335,9.303751906051115,20.48
c1_L32_rep000.npz,0.15,32,51526,4.614564732142857,4.739389051647436,10.730403604179582,26.256410256410255
c1_L32_rep000.npz,0.15,32,62542,4.469813755580357,4.6652249768727705,9.964152410481901,22.755555555555556
c1_L32_rep000.npz,0.15,32,75913,4.17645263671875,4.447978901338629,9.925026923363221,23.272727272727273
c1_L32_rep000.npz,0.15,32,92142,4.502732049851191,4.697343969394919,10.890340493462853,26.94736842105263
c1_L32_rep000.npz,0.15,32,111841,4.2262152777777775,4.478400552000531,9.869992498400935,22.26086956521739
c1_L32_rep000.npz,0.15,32,135751,3.986738901289682,4.452684429616738,9.618307948391301,21.78723404255319
c1_L32_rep000.npz,0.15,32,164773,3.8443348643543955,4.2631346278654,9.650728432853963,21.78723404255319
c1_L32_rep000.npz,0.15,32,200000,4.194839242788461,4.352417849439334,9.07373874507913,19.692307692307693
c1_L32_rep001.npz,0.15,32,1,0.651089537377451,0.7488675977591271,3.1807964452267963,5.0945273631840795
c1_L32_rep001.npz,0.15,32,2,0.6618878145758815,0.7786238969652319,3.197351803414414,5.171717171717172
c1_L32_rep001.npz,0.15,32,3,0.6817534194528876,0.7828732216828738,3.271007315769041,5.333333333333333
c1_L32_rep001.npz,0.15,32,4,0.6924487698462701,0.8005796775774214,3.298719167752023,5.417989417989418
c1_L32_rep001.npz,0.15,32,5,0.6959566156914894,0.830991954644972,3.3197414029531593,5.446808510638298
c1_L32_rep001.npz,0.15,32,6,0.7151640204973118,0.8706699414283889,3.366764415419364,5.595628415300546
c1_L32_rep001.npz,0.15,32,7,0.7437923934108527,0.8606838090723279,3.465455502645622,5.818181818181818
c1_L32_rep001.npz,0.15,32,8,0.7442731900452488,0.8709373724779458,3.4767968307418333,5.818181818181818
c1_L32_rep001.npz,0.15,32,10,0.7700724774096386,0.8870934479846606,3.572047833794052,6.023529411764706
c1_L32_rep001.npz,0.15,32,12,0.7575399253263051,0.8914998281284986,3.5470824743571505,5.91907514450867
c1_L32_rep001.npz,0.15,32,15,0.7953350360576923,0.940505770623824,3.643934220813801,6.206060606060606
c1_L32_rep001.npz,0.15,32,18,0.8421775715877207,0.9852669412227839,3.7855593949215005,6.564102564102564
c1_L32_rep001.npz,0.15,32,22,0.8621317951274492,1.0362332536581593,3.8447084845813655,6.7368421052631575
c1_L32_rep001.npz,0.15,32,27,0.8551989103618421,1.0244210910510363,3.8126159495225336,6.69281045751634
c1_L32_rep001.npz,0.15,32,33,0.8846992358826755,1.031866575625311,3.9258033336899296,6.918918918918919
c1_L32_rep001.npz,0.15,32,40,0.8551989103618421,1.027742176171017,3.8478269660892273,6.69281045751634
c1_L32_rep001.npz,0.15,32,48,0.8724207220172476,1.0444938586393282,3.898252183283712,6.826666666666667
c1_L32_rep001.npz,0.15,32,58,0.9353338503370099,1.1001094611234943,4.092047480902049,7.314285714285714
c1_L32_rep001.npz,0.15,32,71,0.9838138409514926,1.155413437597987,4.218685330964195,7.6992481203007515
c1_L32_rep001.npz,0.15,32,86,0.9657027451165324,1.1583895289824648,4.16682846211634,7.529411764705882
c1_L32_rep001.npz,0.15,32,105,1.0223133916440217,1.2297859398032822,4.335267261133535,7.937984496124031
c1_L32_rep001.npz,0.15,32,127,1.0595408374792703,1.2289079225035922,4.416062334166519,8.126984126984127
c1_L32_rep001.npz,0.15,32,154,1.1760399228050595,1.3149848554605648,4.61638030626622,8.827586206896552
c1_L32_rep001.npz,0.15,32,187,1.1040271847747092,1.2685795368419523,4.479784799707421,8.39344262295082
c1_L32_rep001.npz,0.15,32,227,1.1376488095238093,1.3125065207332178,4.548405920691737,8.533333333333333
c1_L32_rep001.npz,0.15,32,276,1.0890190972222222,1.2737778277009149,4.47709459928842,8.258064516129032
c1_L32_rep001.npz,0.15,32,334,1.1721681519699811,1.3468337413641494,4.641078862853523,8.752136752136753
c1_L32_rep001.npz,0.15,32,406,1.2801348824786325,1.3954094664007195,4.847494410814117,9.481481481481481
c1_L32_rep001.npz,0.15,32,493,1.2590214957967836,1.3929833802153306,4.817636794553808,9.309090909090909
c1_L32_rep001.npz,0.15,32,598,1.1552611998746867,1.3177381456033703,4.577250234855835,8.605042016806722
c1_L32_rep001.npz,0.15,32,726,1.2959315303156145,1.4638400059869434,4.923754006648054,9.481481481481481
c1_L32_rep001.npz,0.15,32,881,1.2982936549831081,1.7472959635867251,4.940280462721522,9.394495412844037
c1_L32_rep001.npz,0.15,32,1069,1.4907300544507576,2.0618013960416977,5.356902406159329,10.556701030927835
c1_L32_rep001.npz,0.15,32,1298,1.5296425345461462,2.2891934736644464,5.286930628521387,10.448979591836734
c1_L32_rep001.npz,0.15,32,1576,1.5081688133445947,2.0726863800967097,5.339255497337777,10.448979591836734
c1_L32_rep001.npz,0.15,32,1912,1.659393310546875,1.869353046460462,5.643963716916833,11.377777777777778
c1_L32_rep001.npz,0.15,32,2321,1.7973307291666667,1.9711350246775894,5.966114793558463,12.337349397590362
c1_L32_rep001.npz,0.15,32,2818,1.8605726003037084,2.0347310682697843,6.122805900850083,12.641975308641975
c1_L32_rep001.npz,0.15,32,3420,1.964264266792385,2.394284926116149,6.35526803938304,13.128205128205128
c1_L32_rep001.npz,0.15,32,4151,2.0756812349033815,2.38458457681417,6.351808314296038,13.128205128205128
c1_L32_rep001.npz,0.15,32,5039,2.2765751158791865,2.781621447988972,6.857411120931721,14.422535211267606
c1_L32_rep001.npz,0.15,32,6116,2.3556289371294468,2.8427217905268822,7.234874419453799,15.753846153846155
c1_L32_rep001.npz,0.15,32,7423,2.5914248511904763,2.8326827233919096,7.476886334089126,16.516129032258064
c1_L32_rep001.npz,0.15,32,9010,2.749118890977444,2.948410721949438,7.7561466614244745,16.78688524590164
c1_L32_rep001.npz,0.15,32,10937,2.9254889237253288,3.078052652642497,7.549991068897291,16.253968253968253
c1_L32_rep001.npz,0.15,32,13275,3.091837259163534,3.2881480856735,8.146521401732132,18.285714285714285
c1_L32_rep001.npz,0.15,32,16113,3.1060484055190054,3.2264429784720243,8.377407971842572,18.962962962962962
c1_L32_rep001.npz,0.15,32,19557,3.0022472359283627,3.1678470656661784,8.073791161436079,17.964912280701753
c1_L32_rep001.npz,0.15,32,23739,2.8795882515285323,3.108755811246046,8.285709757534361,18.962962962962962
c1_L32_rep001.npz,0.15,32,28814,2.94337205762987,3.209037695983076,7.923600534740795,17.655172413793103
c1_L32_rep001.npz,0.15,32,34974,2.757400948660714,3.1620041660946643,7.942046058653259,17.964912280701753
c1_L32_rep001.npz,0.15,32,42451,2.6583080242966757,3.1742103768264096,7.724687460495396,17.35593220338983
c1_L32_rep001.npz,0.15,32,51526,2.7893996465773805,3.1188581880854045,7.808102075990327,17.066666666666666
c1_L32_rep001.npz,0.15,32,62542,3.247884114583333,3.4905096725527853,8.728897861949644,19.692307692307693
c1_L32_rep001.npz,0.15,32,75913,4.647686298076923,4.767447340637862,11.757309349632717,30.11764705882353
c1_L32_rep001.npz,0.15,32,92142,4.171851748511905,4.419319656252,11.349244092644176,29.257142857142856
c1_L32_rep001.npz,0.15,32,111841,4.234993489583333,4.514749099679056,9.741819717425217,21.78723404255319
c1_L32_rep001.npz,0.15,32,135751,4.133684430803571,4.2987811634877655,9.327808835869904,20.48
c1_L32_rep001.npz,0.15,32,164773,3.791035970052083,4.147985157033032,9.834644496688123,23.272727272727273
c1_L32_rep001.npz,0.15,32,200000,4.108600323016827,4.325880541385997,9.829977694265098,22.755555555555556
c1_L32_rep002.npz,0.15,32,1,0.6260422926682693,0.7706414377504038,3.0729181220618376,4.899521531100478
c1_L32_rep002.npz,0.15,32,2,0.673115489954886,0.8165702377862658,3.2213170331560765,5.251282051282051
c1_L32_rep002.npz,0.15,32,3,0.7089201937016752,0.8295002497975962,3.338361419275895,5.535135135135135
c1_L32_rep002.npz,0.15,32,4,0.7077593887061404,0.826473635165763,3.333918036984427,5.535135135135135
c1_L32_rep002.npz,0.15,32,5,0.7151640204973118,0.8143882657392896,3.374733096154103,5.595628415300546
c1_L32_rep002.npz,0.15,32,6,0.7151640204973118,0.81375381346934,3.3743528141913592,5.595628415300546
c1_L32_rep002.npz,0.15,32,7,0.7037654984817814,0.8235398797410576,3.338959542528374,5.505376344086022
c1_L32_rep002.npz,0.15,32,8,0.7074284280380524,0.8407501935923274,3.3635264813616748,5.535135135135135
c1_L32_rep002.npz,0.15,32,10,0.7276965725806451,0.8443092330322934,3.4015163059989426,5.688888888888889
c1_L32_rep002.npz,0.15,32,12,0.7269777711754537,0.8771208240294986,3.396034458013401,5.688888888888889
c1_L32_rep002.npz,0.15,32,15,0.766429613635585,0.8825727302660222,3.5471746543666796,5.988304093567251
c1_L32_rep002.npz,0.15,32,18,0.7606967659883721,0.8950878621321534,3.5389279210205906,5.953488372093023
c1_L32_rep002.npz,0.15,32,22,0.7997068565518783,0.9221445134050006,3.655856734145181,6.2439024390243905
c1_L32_rep002.npz,0.15,32,27,0.7936975815716911,0.9196942578176582,3.6363919413640224,6.206060606060606
c1_L32_rep002.npz,0.15,32,33,0.839268734580592,0.9827527165300847,3.771743903549268,6.564102564102564
c1_L32_rep002.npz,0.15,32,40,0.822924650168117,0.9926078129870677,3.7311513041301265,6.440251572327044
c1_L32_rep002.npz,0.15,32,48,0.8695781868948063,1.034487659655359,3.8686832574966576,6.781456953642384
c1_L32_rep002.npz,0.15,32,58,0.9003873108738687,1.079191900148306,3.956036627111075,7.013698630136986
c1_L32_rep002.npz,0.15,32,71,0.9153668129280821,1.1031643572353067,4.036430471681534,7.160839160839161
c1_L32_rep002.npz,0.15,32,86,0.9259996916118423,1.1339545472524661,4.025737734938403,7.211267605633803
c1_L32_rep002.npz,0.15,32,105,1.0862954932298043,1.2699096406080943,4.428617595562923,8.258064516129032
c1_L32_rep002.npz,0.15,32,127,1.0436480978260871,1.2307157124580828,4.365031528903851,8.062992125984252
c1_L32_rep002.npz,0.15,32,154,1.1028445025027058,1.2385964664568805,4.488308605454827,8.39344262295082
c1_L32_rep002.npz,0.15,32,187,1.1191434638444768,1.2648928143088152,4.506612959594032,8.462809917355372
c1_L32_rep002.npz,0.15,32,227,1.137410229037267,1.273799673508706,4.558368685464676,8.605042016806722
c1_L32_rep002.npz,0.15,32,276,1.1263899369673296,1.3275950342760687,4.523145762872262,8.462809917355372
c1_L32_rep002.npz,0.15,32,334,1.244888187378876,1.3685003072996538,4.7569946245801065,9.142857142857142
c1_L32_rep002.npz,0.15,32,406,1.2262834821428572,1.411518771166872,4.71301950185219,8.904347826086957
c1_L32_rep002.npz,0.15,32,493,1.2440398057945345,1.4321780566196791,4.809674149213414,9.142857142857142
c1_L32_rep002.npz,0.15,32,598,1.3679164598695406,1.4835282473466465,5.160409720029061,10.24
c1_L32_rep002.npz,0.15,32,726,1.2078628782242062,1.4335814532513633,4.69209969448789,8.827586206896552
c1_L32_rep002.npz,0.15,32,881,1.4638590494791668,1.6217353038035958,5.359070205742065,10.666666666666666
c1_L32_rep002.npz,0.15,32,1069,1.5067810339861751,1.7559711524189063,5.3649835406325606,10.448979591836734
c1_L32_rep002.npz,0.15,32,1298,1.5326494489397322,1.7909637886930208,5.428148947191527,10.778947368421052
c1_L32_rep002.npz,0.15,32,1576,1.6072916666666668,1.8993725699662525,5.535961630706905,11.130434782608695
c1_L32_rep002.npz,0.15,32,1912,1.9333516438802083,2.1053722609406877,6.442776637491267,14.027397260273972
c1_L32_rep002.npz,0.15,32,2321,1.74749755859375,1.9772043018119931,5.9535323939937905,12.337349397590362
c1_L32_rep002.npz,0.15,32,2818,1.7446985003591955,1.971773280206234,5.813837268816718,11.770114942528735
c1_L32_rep002.npz,0.15,32,3420,1.757837153751753,1.9828076357741127,5.673262640541365,11.252747252747254
c1_L32_rep002.npz,0.15,32,4151,1.8644022872636263,2.063039860565275,6.237836993592542,12.962025316455696
c1_L32_rep002.npz,0.15,32,5039,1.9663890491832388,2.221691502025722,6.088973035968643,12.487804878048781
c1_L32_rep002.npz,0.15,32,6116,1.9591314853766024,2.3388895861905694,6.137218583519323,12.337349397590362
c1_L32_rep002.npz,0.15,32,7423,2.1247121710526313,2.514613136298717,6.592770932238388,13.837837837837839
c1_L32_rep002.npz,0.15,32,9010,2.5572850063938617,3.1442799415024636,7.408236642759467,16.0
c1_L32_rep002.npz,0.15,32,10937,2.5861981614191727,3.202648024408627,7.086285013514797,14.628571428571428
c1_L32_rep002.npz,0.15,32,13275,2.826960637019231,3.381387582237865,7.782405858806466,16.78688524590164
c1_L32_rep002.npz,0.15,32,16113,2.9320597165991904,3.208554767478758,7.391915941301011,15.515151515151516
c1_L32_rep002.npz,0.15,32,19557,3.2938555549172794,3.5286891882475464,8.849661752657948,20.48
c1_L32_rep002.npz,0.15,32,23739,2.6066623263888893,3.097817719072265,7.214010661399219,15.058823529411764
c1_L32_rep002.npz,0.15,32,28814,3.1862642728365382,3.510174826200072,8.290844417313517,18.285714285714285
c1_L32_rep002.npz,0.15,32,34974,2.961328125,3.5718620723884453,8.068802540417515,17.655172413793103
c1_L32_rep002.npz,0.15,32,42451,4.217933238636363,4.411302749674681,9.815524892312373,22.26086956521739
c1_L32_rep002.npz,0.15,32,51526,4.279008345170455,4.530901849194717,9.803943111436414,22.26086956521739
c1_L32_rep002.npz,0.15,32,62542,4.2387757912660255,4.41923801260316,9.896431151353397,22.26086956521739
c1_L32_rep002.npz,0.15,32,75913,4.0936908143939394,4.466328683894181,9.441422210411544,21.333333333333332
c1_L32_rep002.npz,0.15,32,92142,4.322356842376374,4.562074394994822,11.23755632824723,28.444444444444443
c1_L32_rep002.npz,0.15,32,111841,4.025039950284091,nan,9.820199030855372,23.272727272727273
c1_L32_rep002.npz,0.15,32,135751,3.8516601562499995,4.250522347231163,9.30116600753683,20.897959183673468
c1_L32_rep002.npz,0.15,32,164773,4.181770833333333,4.433866152804731,9.522916773676672,21.333333333333332
c1_L32_rep002.npz,0.15,32,200000,4.230054450757576,4.509825929704946,10.151953251442345,23.813953488372093
c1_L32_rep003.npz,0.15,32,1,0.6002332899305556,0.7261493604974207,2.9596473932702976,4.697247706422019
c1_L32_rep003.npz,0.15,32,2,0.6575032552083333,0.7497864905379806,3.155187928781335,5.1457286432160805
c1_L32_rep003.npz,0.15,32,3,0.6509606087561881,0.7505993026802708,3.135864080789206,5.0945273631840795
c1_L32_rep003.npz,0.15,32,4,0.6479760821197411,0.7321397104345264,3.134726555125645,5.069306930693069
c1_L32_rep003.npz,0.15,32,5,0.667828369140625,0.7644683595665931,3.214972555520953,5.224489795918367
c1_L32_rep003.npz,0.15,32,6,0.681531470428649,0.7799950727254068,3.229026974477411,5.333333333333333
c1_L32_rep003.npz,0.15,32,7,0.68145751953125,0.7865308783926972,3.233916102727098,5.333333333333333
c1_L32_rep003.npz,0.15,32,8,0.7006601025558419,0.807682625566227,3.3058436282327923,5.475935828877005
c1_L32_rep003.npz,0.15,32,10,0.7269777711754537,0.8433913991610555,3.3955760802706023,5.688888888888889
c1_L32_rep003.npz,0.15,32,12,0.7037654984817814,0.8403001582461779,3.305366200057301,5.505376344086022
c1_L32_rep003.npz,0.15,32,15,0.7077593887061404,0.8363596937488125,3.3116311093152904,5.535135135135135
c1_L32_rep003.npz,0.15,32,18,0.7230707046516243,0.8358803443436054,3.393541882916681,5.657458563535911
c1_L32_rep003.npz,0.15,32,22,0.739231752545646,0.8706418485301644,3.439271738501167,5.785310734463277
c1_L32_rep003.npz,0.15,32,27,0.8034544353243671,0.9121967560290181,3.6625799694028713,6.282208588957055
c1_L32_rep003.npz,0.15,32,33,0.769752679869186,0.9052917070195923,3.5458973136538097,6.023529411764706
c1_L32_rep003.npz,0.15,32,40,0.807776474371189,0.9373189007920958,3.6593312146332106,6.320987654320987
c1_L32_rep003.npz,0.15,32,48,0.8281002768987341,0.9537762207645597,3.7354151249755168,6.481012658227848
c1_L32_rep003.npz,0.15,32,58,0.8281002768987341,0.9462593956513292,3.7668192400274783,6.481012658227848
c1_L32_rep003.npz,0.15,32,71,0.9153668129280821,1.0644813310039114,4.0148054144010965,7.160839160839161
c1_L32_rep003.npz,0.15,32,86,0.849609375,1.0033917333587041,3.820525626896857,6.64935064935065
c1_L32_rep003.npz,0.15,32,105,0.8444443613112091,0.995565054218675,3.811063646399521,6.606451612903226
c1_L32_rep003.npz,0.15,32,127,0.897679379111842,1.0451587617438236,3.9843475334612064,7.013698630136986
c1_L32_rep003.npz,0.15,32,154,1.0035686472693532,1.157254939546887,4.240742074790994,7.757575757575758
c1_L32_rep003.npz,0.15,32,187,1.0120534767392533,1.211643923632315,4.294725437321521,7.816793893129771
c1_L32_rep003.npz,0.15,32,227,1.0862778607536765,1.266516923607104,4.438462474440919,8.192
c1_L32_rep003.npz,0.15,32,276,1.178808887012012,1.3338619959904532,4.653705857852101,8.752136752136753
c1_L32_rep003.npz,0.15,32,334,1.1334635416666665,1.3057451575849774,4.587990105536552,8.533333333333333
c1_L32_rep003.npz,0.15,32,406,1.0687105608338061,1.2411991939192573,4.459263570829424,8.192
c1_L32_rep003.npz,0.15,32,493,1.2247009849906192,1.3834506566305462,4.729644970672279,9.061946902654867
c1_L32_rep003.npz,0.15,32,598,1.2504992951127818,1.3752966003747575,4.794652906878515,9.225225225225225
c1_L32_rep003.npz,0.15,32,726,1.3205192497184686,1.4337816017364613,4.9276389859200584,9.660377358490566
c1_L32_rep003.npz,0.15,32,881,1.2681059966216217,1.4255421414666805,4.834312382554547,9.225225225225225
c1_L32_rep003.npz,0.15,32,1069,1.2365402912714198,1.4167170587540137,4.829528021708358,9.142857142857142
c1_L32_rep003.npz,0.15,32,1298,1.2051720821496212,1.4173154764153355,4.700592070106836,8.827586206896552
c1_L32_rep003.npz,0.15,32,1576,1.313682154605263,1.4521311536067119,4.9952430675071735,9.570093457943925
c1_L32_rep003.npz,0.15,32,1912,1.3777041480654764,1.5524388280523174,5.069620571298899,9.846153846153847
c1_L32_rep003.npz,0.15,32,2321,1.192398747086247,1.4387286998227866,4.712948900379745,8.752136752136753
c1_L32_rep003.npz,0.15,32,2818,1.2440455052759742,1.484476054062887,4.803028095847156,8.982456140350877
c1_L32_rep003.npz,0.15,32,3420,1.7085740831163194,1.919313299665151,5.926875789016487,12.337349397590362
c1_L32_rep003.npz,0.15,32,4151,1.6779912048466736,2.079592366005138,5.636822768944311,11.252747252747254
c1_L32_rep003.npz,0.15,32,5039,1.9337185946377842,2.2877514375388945,6.0697278138313555,12.487804878048781
c1_L32_rep003.npz,0.15,32,6116,1.977925376697793,2.5412812021850275,6.294221621124533,12.8
c1_L32_rep003.npz,0.15,32,7423,2.256040154264973,2.5638792953505853,6.733029363622484,14.027397260273972
c1_L32_rep003.npz,0.15,32,9010,2.1060751123366015,2.820946257331629,6.438792736869378,13.2987012987013
c1_L32_rep003.npz,0.15,32,10937,2.702549913194445,3.263725202786019,6.932433207489156,14.628571428571428
c1_L32_rep003.npz,0.15,32,13275,3.0340616414835164,3.541705026519817,8.417704611133077,19.692307692307693
c1_L32_rep003.npz,0.15,32,16113,3.031494140625,3.506485625545432,8.078615218922815,17.655172413793103
c1_L32_rep003.npz,0.15,32,19557,3.3744954427083336,3.736034002526363,8.696447345062262,19.692307692307693
c1_L32_rep003.npz,0.15,32,23739,3.66436767578125,4.108112982843755,8.494552562334553,18.285714285714285
c1_L32_rep003.npz,0.15,32,28814,4.056811840503247,4.309020793827671,9.6085848043489,21.78723404255319
c1_L32_rep003.npz,0.15,32,34974,3.619917436079545,4.116318700979935,8.634152519589799,18.285714285714285
c1_L32_rep003.npz,0.15,32,42451,4.131281072443182,4.463320017925616,9.703350150738574,21.78723404255319
c1_L32_rep003.npz,0.15,32,51526,4.328118218315972,4.637439329547454,9.352307472050473,20.897959183673468
c1_L32_rep003.npz,0.15,32,62542,4.193603515625,4.515198309009596,9.516764760562587,21.333333333333332
c1_L32_rep003.npz,0.15,32,75913,4.037146935096153,4.252282297776946,8.380587545567966,17.35593220338983
c1_L32_rep003.npz,0.15,32,92142,4.381494140625,4.531592606668206,10.182287027202465,23.813953488372093
c1_L32_rep003.npz,0.15,32,111841,4.594334864354396,4.709832163615838,11.71381708615669,30.11764705882353
c1_L32_rep003.npz,0.15,32,135751,3.8016601562499996,4.3232909548844365,9.074620565947514,19.692307692307693
c1_L32_rep003.npz,0.15,32,164773,4.173160807291667,4.533697342303888,10.16602981101402,23.813953488372093
c1_L32_rep003.npz,0.15,32,200000,4.421826171875,4.643346120922899,10.289464792572872,23.813953488372093
c1_L32_rep004.npz,0.15,32,1,0.6394756811164886,0.819982803455325,3.1073022552106964,4.995121951219512
c1_L32_rep004.npz,0.15,32,2,0.6681763776706618,0.8100156486523757,3.2097064230354597,5.224489795918367
c1_L32_rep004.npz,0.15,32,3,0.6862229567307693,0.7915124163800985,3.2651322693972715,5.333333333333333
c1_L32_rep004.npz,0.15,32,4,0.6887070676113697,0.8147073038536535,3.289166227364539,5.389473684210526
c1_L32_rep004.npz,0.15,32,5,0.6972191220238095,0.859187564336406,3.298432284036499,5.446808510638298
c1_L32_rep004.npz,0.15,32,6,0.6887070676113697,0.892168723876698,3.278831037015693,5.389473684210526
c1_L32_rep004.npz,0.15,32,7,0.6865497295673078,0.8444176623676509,3.2937991605242165,5.361256544502618
c1_L32_rep004.npz,0.15,32,8,0.7042093823753741,0.856105530476297,3.3088703661458667,5.475935828877005
c1_L32_rep004.npz,0.15,32,10,0.716705322265625,0.8614791092568939,3.3618262717317684,5.595628415300546
c1_L32_rep004.npz,0.15,32,12,0.7309716613998127,0.8929289887531672,3.4191574670402347,5.720670391061453
c1_L32_rep004.npz,0.15,32,15,0.7476806640625,0.8785021077947734,3.480010265592107,5.851428571428571
c1_L32_rep004.npz,0.15,32,18,0.78057861328125,0.8912683023468988,3.579091528011966,6.095238095238095
c1_L32_rep004.npz,0.15,32,22,0.7482670802696079,0.8737807254930774,3.495091834265516,5.851428571428571
c1_L32_rep004.npz,0.15,32,27,0.766429613635585,0.8969913048181164,3.5564784035360675,5.988304093567251
c1_L32_rep004.npz,0.15,32,33,0.79827880859375,0.9444494130226215,3.66993888162911,6.2439024390243905
c1_L32_rep004.npz,0.15,32,40,0.83367919921875,0.9903070037077983,3.7579286274819275,6.522292993630574
c1_L32_rep004.npz,0.15,32,48,0.849609375,1.0062893940910786,3.8121187335373445,6.64935064935065
c1_L32_rep004.npz,0.15,32,58,0.8695781868948063,1.032266584992474,3.893078033908697,6.781456953642384
c1_L32_rep004.npz,0.15,32,71,0.9214073503521125,1.0978949837429093,4.031208691201628,7.211267605633803
c1_L32_rep004.npz,0.15,32,86,0.9351660623504784,1.091174231386814,4.065727140311493,7.26241134751773
c1_L32_rep004.npz,0.15,32,105,0.9483139935661764,1.1280164979148006,4.135276937061537,7.420289855072464
c1_L32_rep004.npz,0.15,32,127,0.969237209517669,1.1237630147768827,4.183511848805178,7.5851851851851855
c1_L32_rep004.npz,0.15,32,154,0.9838138409514926,1.1486708195335886,4.2264650274269195,7.6992481203007515
c1_L32_rep004.npz,0.15,32,187,1.0541346077967173,1.2051416409709783,4.3993537001388345,8.126984126984127
c1_L32_rep004.npz,0.15,32,227,1.0370669157608694,1.174063006112471,4.3428365968449825,7.937984496124031
c1_L32_rep004.npz,0.15,32,276,1.0741519764957264,1.2264174257266367,4.420351800898089,8.192
c1_L32_rep004.npz,0.15,32,334,1.1582358755716462,1.3309004492274965,4.631191924150619,8.677966101694915
c1_L32_rep004.npz,0.15,32,406,1.1455810546875,1.3736579617734388,4.594601509454978,8.533333333333333
c1_L32_rep004.npz,0.15,32,493,1.2258884485446986,1.4324000522252613,4.7783510089478645,8.982456140350877
c1_L32_rep004.npz,0.15,32,598,1.3666119733014264,1.5418462595451068,5.038943640928405,9.846153846153847
c1_L32_rep004.npz,0.15,32,726,1.4526876640836721,1.5858242245163043,5.372763652042577,10.666666666666666
c1_L32_rep004.npz,0.15,32,881,1.4221675288569822,1.6212818666647157,5.209114760363028,10.24
c1_L32_rep004.npz,0.15,32,1069,1.540047093441612,1.7445192424812577,5.43187184084914,10.893617021276595
c1_L32_rep004.npz,0.15,32,1298,1.6411682239677858,1.8396284627628916,5.630216027558232,11.377777777777778
c1_L32_rep004.npz,0.15,32,1576,1.3979098412298387,1.726948364640478,5.089521591472955,9.752380952380953
c1_L32_rep004.npz,0.15,32,1912,1.4761961863961313,1.8013624426339945,5.307948708032117,10.343434343434344
c1_L32_rep004.npz,0.15,32,2321,1.6834645124650514,1.9359953316815233,5.814762492595433,11.770114942528735
c1_L32_rep004.npz,0.15,32,2818,1.8887912510611202,2.2622498582072263,6.191104638468616,12.8
c1_L32_rep004.npz,0.15,32,3420,1.8263930622329059,2.185046346685196,5.8807093751467345,11.770114942528735
c1_L32_rep004.npz,0.15,32,4151,2.1675889756944446,2.3349731772443825,6.334729644187953,12.8
c1_L32_rep004.npz,0.15,32,5039,2.2717227027529763,2.525904993593571,6.83823808379503,14.628571428571428
c1_L32_rep004.npz,0.15,32,6116,2.3225721218885282,2.5199494894828445,7.095273804723171,15.283582089552239
c1_L32_rep004.npz,0.15,32,7423,2.1849959266377006,2.471062671193521,6.468333974107112,13.128205128205128
c1_L32_rep004.npz,0.15,32,9010,2.458896484375,2.612790474300671,7.063177986640648,15.058823529411764
c1_L32_rep004.npz,0.15,32,10937,2.0536346726190478,2.2609203088741197,6.261028068023355,12.8
c1_L32_rep004.npz,0.15,32,13275,2.4734130859375,2.6539042722872193,7.258808947982753,16.0
c1_L32_rep004.npz,0.15,32,16113,2.5011858258928568,2.8299369175103894,6.938251861526606,14.027397260273972
c1_L32_rep004.npz,0.15,32,19557,2.6494954427083335,3.1423971142997758,7.739310189665657,17.066666666666666
c1_L32_rep004.npz,0.15,32,23739,2.61737060546875,2.9596540345174125,7.176473260326042,14.840579710144928
c1_L32_rep004.npz,0.15,32,28814,3.6687729779411766,3.714934647787557,9.346522899318463,21.333333333333332
c1_L32_rep004.npz,0.15,32,34974,3.4942508012820515,3.8760188661165227,8.629087183247481,18.618181818181817
c1_L32_rep004.npz,0.15,32,42451,4.316300825639205,4.585039486503849,10.84907855802914,26.94736842105263
c1_L32_rep004.npz,0.15,32,51526,3.993690814393939,4.299690584961208,9.70242043824331,21.78723404255319
c1_L32_rep004.npz,0.15,32,62542,4.176231971153846,4.399272308114241,8.38768340469956,17.655172413793103
c1_L32_rep004.npz,0.15,32,75913,4.313492838541666,4.547908500219249,9.87800961636946,22.755555555555556
c1_L32_rep004.npz,0.15,32,92142,4.181303478422619,4.410201525611851,10.260716694271407,24.38095238095238
c1_L32_rep004.npz,0.15,32,111841,4.151963975694445,4.404593160184822,9.724400311768635,22.26086956521739
c1_L32_rep004.npz,0.15,32,135751,4.305159505208334,4.443293606817482,9.8198623328075,22.26086956521739
c1_L32_rep004.npz,0.15,32,164773,4.013838808760684,4.227446945789484,9.30287391768459,20.48
c1_L32_rep004.npz,0.15,32,200000,4.211187189275568,4.507953386316322,10.252739175546692,23.813953488372093
c1_L32_rep005.npz,0.15,32,1,0.5951692503721776,0.6552918489369527,2.958075019189611,4.654545454545454
c1_L32_rep005.npz,0.15,32,2,0.6118821364182693,0.7150189473431661,3.0083540854640693,4.785046728971962
c1_L32_rep005.npz,0.15,32,3,0.6416786595394737,0.7627359710718908,3.099695083816168,4.995121951219512
c1_L32_rep005.npz,0.15,32,4,0.6622119837534164,0.7361696561418967,3.1647417701704477,5.12
c1_L32_rep005.npz,0.15,32,5,0.6761121881293725,0.7798213639608225,3.2172909304995114,5.251282051282051
c1_L32_rep005.npz,0.15,32,6,0.6882135425272637,0.8010044021539948,3.260209361394574,5.361256544502618
c1_L32_rep005.npz,0.15,32,7,0.6873050097978548,0.7951042592573745,3.2646441793660688,5.361256544502618
c1_L32_rep005.npz,0.15,32,8,0.703076171875,0.8376748799294403,3.295427209319028,5.475935828877005
c1_L32_rep005.npz,0.15,32,10,0.703521361514223,0.8462456973813723,3.3141934322371682,5.505376344086022
c1_L32_rep005.npz,0.15,32,12,0.7228941306089743,0.896484333917291,3.3879312348363264,5.657458563535911
c1_L32_rep005.npz,0.15,32,15,0.714993173860786,0.8851401676339619,3.3626558824288635,5.595628415300546
c1_L32_rep005.npz,0.15,32,18,0.7192476610637912,0.840504168795016,3.38777903432828,5.626373626373627
c1_L32_rep005.npz,0.15,32,22,0.7239548703457447,0.8481367965465151,3.3940057058651254,5.657458563535911
c1_L32_rep005.npz,0.15,32,27,0.7373826047207448,0.8713385517584353,3.411317081134876,5.752808988764045
c1_L32_rep005.npz,0.15,32,33,0.7789189847625797,0.9364975224513786,3.581200379570399,6.095238095238095
c1_L32_rep005.npz,0.15,32,40,0.7744442979038246,0.905014031409077,3.550663639789737,6.059171597633136
c1_L32_rep005.npz,0.15,32,48,0.8129521011018062,0.959994473964103,3.6826988135367302,6.3602484472049685
c1_L32_rep005.npz,0.15,32,58,0.8497526964195344,0.9732176347572006,3.8164771944549556,6.64935064935065
c1_L32_rep005.npz,0.15,32,71,0.8286313657407407,0.968762948847087,3.760648666853641,6.481012658227848
c1_L32_rep005.npz,0.15,32,86,0.9101902173913043,1.021180546184154,4.007911416280241,7.111111111111111
c1_L32_rep005.npz,0.15,32,105,0.9075668457591848,1.0576858766233765,3.9815304023183136,7.062068965517241
c1_L32_rep005.npz,0.15,32,127,0.8761596679687499,1.0450265285630318,3.8982442803786683,6.826666666666667
c1_L32_rep005.npz,0.15,32,154,0.9353338503370099,1.0993951085283253,4.074532693945887,7.314285714285714
c1_L32_rep005.npz,0.15,32,187,0.9725341796874998,1.162719242281552,4.188680453565872,7.5851851851851855
c1_L32_rep005.npz,0.15,32,227,1.0569010416666669,1.2788280512783092,4.254519058836253,7.816793893129771
c1_L32_rep005.npz,0.15,32,276,1.0272439977891494,1.2446116864735055,4.309052570463142,7.876923076923077
c1_L32_rep005.npz,0.15,32,334,1.0137304842756358,1.24093103331654,4.2984904630268,7.816793893129771
c1_L32_rep005.npz,0.15,32,406,1.1491895357095665,1.2984274389328943,4.590749621207652,8.677966101694915
c1_L32_rep005.npz,0.15,32,493,1.1843036233388706,1.49672235021474,4.665026634565766,8.827586206896552
c1_L32_rep005.npz,0.15,32,598,1.1693701806006493,1.367550024390171,4.632971077210016,8.752136752136753
c1_L32_rep005.npz,0.15,32,726,1.0953157603835453,1.3470981555582657,4.489766321482409,8.258064516129032
c1_L32_rep005.npz,0.15,32,881,1.3756187531629553,1.508263859287987,5.069694681751911,10.03921568627451
c1_L32_rep005.npz,0.15,32,1069,1.3234185585438443,1.4302875732755658,5.0741882178595485,9.846153846153847
c1_L32_rep005.npz,0.15,32,1298,1.3775230613914697,1.5653063541886953,5.054125603750988,9.752380952380953
c1_L32_rep005.npz,0.15,32,1576,1.439634063852814,1.6682010700252214,5.207160286687473,10.138613861386139
c1_L32_rep005.npz,0.15,32,1912,1.5968345724126345,1.771661370813046,5.578256024629566,11.252747252747254
c1_L32_rep005.npz,0.15,32,2321,1.7279434974747476,1.9372094249141663,5.708245586553998,11.636363636363637
c1_L32_rep005.npz,0.15,32,2818,1.8487419181034483,1.997827633707887,5.900909216110439,12.19047619047619
c1_L32_rep005.npz,0.15,32,3420,1.8140244980203621,2.056840337372949,6.037264467081864,12.337349397590362
c1_L32_rep005.npz,0.15,32,4151,1.7780964231710827,2.113515957615331,5.970991014463836,12.047058823529412
c1_L32_rep005.npz,0.15,32,5039,2.12489126509979,2.3973181788407896,6.488291364779742,13.2987012987013
c1_L32_rep005.npz,0.15,32,6116,2.168896484375,2.4058866478605543,6.420354007038519,13.2987012987013
c1_L32_rep005.npz,0.15,32,7423,2.4567464192708335,2.603929190930266,7.259203625585885,16.0
c1_L32_rep005.npz,0.15,32,9010,2.36521484375,2.570588725491911,7.118545930278097,15.283582089552239
c1_L32_rep005.npz,0.15,32,10937,2.34545684279057,2.580171564720999,6.875244565739893,14.422535211267606
c1_L32_rep005.npz,0.15,32,13275,2.575968424479167,2.7823682045157163,7.403438221902773,16.516129032258064
c1_L32_rep005.npz,0.15,32,16113,2.7137451171875,3.0165328070965196,7.4259337204154505,15.753846153846155
c1_L32_rep005.npz,0.15,32,19557,2.615993923611111,3.0097526671861394,7.143776492618603,14.840579710144928
c1_L32_rep005.npz,0.15,32,23739,2.9581705729166665,3.118496235778794,8.309228984648126,18.962962962962962
c1_L32_rep005.npz,0.15,32,28814,2.826912434895833,3.048644819833628,7.656248271142392,16.78688524590164
c1_L32_rep005.npz,0.15,32,34974,2.37099609375,2.8584504314232224,7.19185491054501,15.058823529411764
c1_L32_rep005.npz,0.15,32,42451,3.2137451171875,3.4075854585854186,8.541194007958344,19.32075471698113
c1_L32_rep005.npz,0.15,32,51526,3.7645647321428566,4.051091807829128,9.201392818258165,20.48
c1_L32_rep005.npz,0.15,32,62542,3.7981608072916666,4.136201390332779,9.410905048837744,21.333333333333332
c1_L32_rep005.npz,0.15,32,75913,4.165057842548077,4.297696241240586,9.811133937501292,22.755555555555556
c1_L32_rep005.npz,0.15,32,92142,4.3598749069940474,4.6098567706713585,10.1549502167044,23.272727272727273
c1_L32_rep005.npz,0.15,32,111841,3.9346782483552634,nan,9.146577021468238,20.48
c1_L32_rep005.npz,0.15,32,135751,4.469149502840909,4.55489227212508,9.755546955399065,22.26086956521739
c1_L32_rep005.npz,0.15,32,164773,4.7907326438210225,4.9089381599340856,12.119895515540097,33.03225806451613
c1_L32_rep005.npz,0.15,32,200000,4.248705314867424,4.506408670956926,10.183823376677108,23.813953488372093
c1_L32_rep006.npz,0.15,32,1,0.5920476140202703,0.6398481849956796,2.9334828660642014,4.633484162895928
c1_L32_rep006.npz,0.15,32,2,0.6231033923144957,0.6798835259810942,3.0577921555032033,4.876190476190477
c1_L32_rep006.npz,0.15,32,3,0.651089537377451,0.7179588313531016,3.141752517747703,5.0945273631840795
c1_L32_rep006.npz,0.15,32,4,0.6579019836832929,0.7343546080672446,3.161344185759586,5.1457286432160805
c1_L32_rep006.npz,0.15,32,5,0.6579019836832929,0.7472953272685712,3.1427690693251606,5.1457286432160805
c1_L32_rep006.npz,0.15,32,6,0.6655507441321524,0.7475750413230209,3.181258059677656,5.197969543147208
c1_L32_rep006.npz,0.15,32,7,0.6862229567307693,0.7768354718959636,3.252191609896914,5.333333333333333
c1_L32_rep006.npz,0.15,32,8,0.69384765625,0.7874845544604989,3.280211242087427,5.417989417989418
c1_L32_rep006.npz,0.15,32,10,0.7074284280380524,0.8114732779418259,3.3098112501572703,5.535135135135135
c1_L32_rep006.npz,0.15,32,12,0.712432861328125,0.7982402251979684,3.347319868760129,5.565217391304348
c1_L32_rep006.npz,0.15,32,15,0.7442731900452488,0.8235285313714727,3.4727097339225574,5.818181818181818
c1_L32_rep006.npz,0.15,32,18,0.765380859375,0.8471521053703839,3.5330168795623456,5.988304093567251
c1_L32_rep006.npz,0.15,32,22,0.7309716613998127,0.8353597078861578,3.429206148177517,5.720670391061453
c1_L32_rep006.npz,0.15,32,27,0.7606967659883721,0.8662654709152291,3.5084325085793835,5.953488372093023
c1_L32_rep006.npz,0.15,32,33,0.7658000164721386,0.8737800440929132,3.564662845585135,5.988304093567251
c1_L32_rep006.npz,0.15,32,40,0.8129521011018062,0.9349404516635536,3.7117692289325173,6.3602484472049685
c1_L32_rep006.npz,0.15,32,48,0.7857542400118671,0.9329021585398707,3.6060793755987994,6.131736526946108
c1_L32_rep006.npz,0.15,32,58,0.807776474371189,0.9513893662229537,3.6878114275999065,6.320987654320987
c1_L32_rep006.npz,0.15,32,71,0.8255371093750001,1.1264882312969597,3.7281612591963023,6.440251572327044
c1_L32_rep006.npz,0.15,32,86,0.8107426058560282,0.9835408140311158,3.678481786381677,6.320987654320987
c1_L32_rep006.npz,0.15,32,105,0.8842144691780822,1.012563296634656,3.9403770911957348,6.918918918918919
c1_L32_rep006.npz,0.15,32,127,0.8961633133561644,1.0891836789607001,3.9901914645208274,7.013698630136986
c1_L32_rep006.npz,0.15,32,154,0.9898343146135266,1.1564144779389562,4.248985567566473,7.6992481203007515
c1_L32_rep006.npz,0.15,32,187,1.078100740783562,1.2410603390797934,4.460446615602727,8.258064516129032
c1_L32_rep006.npz,0.15,32,227,1.1191688181434274,1.2896052046222586,4.538464798958554,8.462809917355372
c1_L32_rep006.npz,0.15,32,276,1.231556674890351,1.4028874519876675,4.74212250866892,9.061946902654867
c1_L32_rep006.npz,0.15,32,334,1.233071101916376,1.4149648251577804,4.768810429096943,9.061946902654867
c1_L32_rep006.npz,0.15,32,406,1.3289590371621622,1.4451091061641304,4.974860707421541,9.752380952380953
c1_L32_rep006.npz,0.15,32,493,1.2631967397836539,1.4017907665768008,4.853814786098674,9.309090909090909
c1_L32_rep006.npz,0.15,32,598,1.2638855206023651,1.4360332247476881,4.83098404121847,9.225225225225225
c1_L32_rep006.npz,0.15,32,726,1.2855858055320946,1.4314898616391243,4.876768783564513,9.394495412844037
c1_L32_rep006.npz,0.15,32,881,1.2651008157169117,1.4761491207746595,4.802154134467011,9.142857142857142
c1_L32_rep006.npz,0.15,32,1069,1.3949980683379122,1.5125380516555254,5.210024272969996,10.343434343434344
c1_L32_rep006.npz,0.15,32,1298,1.3401198167067307,1.4798389333560016,5.041902118514811,9.846153846153847
c1_L32_rep006.npz,0.15,32,1576,1.3039514961389962,1.60539504240628,4.863792176276075,9.394495412844037
c1_L32_rep006.npz,0.15,32,1912,1.4682054924242425,1.843946929413827,5.281867948489477,10.343434343434344
c1_L32_rep006.npz,0.15,32,2321,1.8927243482620322,2.4007576278209166,6.15285264096863,12.8
c1_L32_rep006.npz,0.15,32,2818,1.8669974378360215,2.503392482471916,6.361581730404097,13.128205128205128
c1_L32_rep006.npz,0.15,32,3420,2.3590443121693125,2.5394972790170796,7.0750636605759905,15.515151515151516
c1_L32_rep006.npz,0.15,32,4151,2.186846407229624,2.53268215317818,6.831508639427913,14.840579710144928
c1_L32_rep006.npz,0.15,32,5039,2.4509055397727275,2.7912193284445435,7.4290451823133115,16.516129032258064
c1_L32_rep006.npz,0.15,32,6116,2.3924967447916665,2.746869431305046,7.355474190374139,16.253968253968253
c1_L32_rep006.npz,0.15,32,7423,2.786900111607143,3.0700176184829004,7.815404149161975,17.35593220338983
c1_L32_rep006.npz,0.15,32,9010,2.690275014557453,2.9389826489961193,7.773069043770962,17.655172413793103
c1_L32_rep006.npz,0.15,32,10937,2.788675944010417,3.013074465011496,7.373635528280756,15.515151515151516
c1_L32_rep006.npz,0.15,32,13275,2.7729284147869673,3.0586361529218236,8.253048239179225,18.962962962962962
c1_L32_rep006.npz,0.15,32,16113,2.9272604549632355,3.1546756061989214,8.038334423444025,17.655172413793103
c1_L32_rep006.npz,0.15,32,19557,2.9553426106770835,3.1830444237537785,8.05391403624455,17.655172413793103
c1_L32_rep006.npz,0.15,32,23739,2.5475320255055145,3.229179075790452,6.838439806862858,13.837837837837839
c1_L32_rep006.npz,0.15,32,28814,3.6541612413194446,4.086316530841047,9.144419542835088,20.897959183673468
c1_L32_rep006.npz,0.15,32,34974,4.295469810520362,4.401326178710338,10.812416445559808,26.94736842105263
c1_L32_rep006.npz,0.15,32,42451,4.008684430803571,4.37272040661386,9.923826344944775,22.755555555555556
c1_L32_rep006.npz,0.15,32,51526,4.384733918425324,4.5905049868258,10.625618460214149,25.6
c1_L32_rep006.npz,0.15,32,62542,3.518069017379679,3.865477247362013,8.29022548541524,17.655172413793103
c1_L32_rep006.npz,0.15,32,75913,4.240827287946429,4.54283684440175,10.66425098647547,25.6
c1_L32_rep006.npz,0.15,32,92142,4.270827073317308,4.455491696084536,9.891442226491543,22.755555555555556
c1_L32_rep006.npz,0.15,32,111841,4.40586756993007,4.515863948660381,9.98988360149355,22.755555555555556
c1_L32_rep006.npz,0.15,32,135751,3.984993489583333,4.261475926056894,8.907488903691126,19.32075471698113
c1_L32_rep006.npz,0.15,32,164773,4.25166015625,4.519016231857876,9.733967056649126,22.26086956521739
c1_L32_rep006.npz,0.15,32,200000,4.063387784090909,4.522442052853556,9.678254753619767,22.26086956521739
c1_L32_rep007.npz,0.15,32,1,0.5692562814486228,0.6031501152785725,2.8728787774119806,4.452173913043478
c1_L32_rep007.npz,0.15,32,2,0.60357666015625,0.7132135331055602,2.968713746184526,4.71889400921659
c1_L32_rep007.npz,0.15,32,3,0.6311383928571428,0.6884223642947098,3.0740965014850277,4.923076923076923
c1_L32_rep007.npz,0.15,32,4,0.638092041015625,0.7022908055390064,3.089878038375346,4.970873786407767
c1_L32_rep007.npz,0.15,32,5,0.6471853869700293,0.7157072372381048,3.125598944600037,5.044334975369458
c1_L32_rep007.npz,0.15,32,6,0.642916661648521,0.7193677713261579,3.12618654681979,5.019607843137255
c1_L32_rep007.npz,0.15,32,7,0.6651506897016535,0.7687250605665253,3.1735206718483013,5.171717171717172
c1_L32_rep007.npz,0.15,32,8,0.6717954863102065,0.7828368970551419,3.1625090302832644,5.197969543147208
c1_L32_rep007.npz,0.15,32,10,0.6934076069991676,0.7972102047668327,3.2345209059322038,5.361256544502618
c1_L32_rep007.npz,0.15,32,12,0.7118430292726198,0.8422521947539494,3.3251060718126677,5.565217391304348
c1_L32_rep007.npz,0.15,32,15,0.7348246746752636,0.8440289626219428,3.38554547999313,5.720670391061453
c1_L32_rep007.npz,0.15,32,18,0.7255518296185661,0.8139041543944562,3.3990048622213265,5.657458563535911
c1_L32_rep007.npz,0.15,32,22,0.681531470428649,0.7807239286086365,3.2452894940723227,5.333333333333333
c1_L32_rep007.npz,0.15,32,27,0.7160194798519737,0.8174493973375672,3.358379268235148,5.595628415300546
c1_L32_rep007.npz,0.15,32,33,0.7575399253263051,0.8597323000652933,3.505670908818124,5.91907514450867
c1_L32_rep007.npz,0.15,32,40,0.756324945494186,0.8390520605368004,3.507610751016139,5.91907514450867
c1_L32_rep007.npz,0.15,32,48,0.8034544353243671,0.9166403913397256,3.6432605193337317,6.282208588957055
c1_L32_rep007.npz,0.15,32,58,0.7929978775620776,0.896916650252648,3.6197655681209113,6.206060606060606
c1_L32_rep007.npz,0.15,32,71,0.769752679869186,0.8962173321451508,3.5416892916659015,6.023529411764706
c1_L32_rep007.npz,0.15,32,86,0.8551989103618421,0.9542286889038135,3.827631242540387,6.69281045751634
c1_L32_rep007.npz,0.15,32,105,0.9160839040467098,1.0667913022961684,4.000427936615829,7.160839160839161
c1_L32_rep007.npz,0.15,32,127,0.978342321983141,1.0883051297884945,4.1782307240938446,7.641791044776119
c1_L32_rep007.npz,0.15,32,154,0.9345703124999999,1.0751862713884535,4.05051129856569,7.314285714285714
c1_L32_rep007.npz,0.15,32,187,0.9279888314260563,1.0947278418906583,4.036526698750727,7.26241134751773
c1_L32_rep007.npz,0.15,32,227,0.9696628736413044,1.1259877543646046,4.196243152008172,7.5851851851851855
c1_L32_rep007.npz,0.15,32,276,0.9347610800673606,1.088240250502579,4.072935470040956,7.314285714285714
c1_L32_rep007.npz,0.15,32,334,0.930234871356898,1.109911653820766,4.068846487897104,7.26241134751773
c1_L32_rep007.npz,0.15,32,406,1.0823611697635136,1.3342405825457895,4.453211938660939,8.192
c1_L32_rep007.npz,0.15,32,493,1.1517928685897436,1.3420683059556981,4.638270912556317,8.605042016806722
c1_L32_rep007.npz,0.15,32,598,1.3151198167067308,1.5032911151180448,4.9849647016117835,9.660377358490566
c1_L32_rep007.npz,0.15,32,726,1.2445328875285822,1.4555673623064853,4.779184172220538,8.982456140350877
c1_L32_rep007.npz,0.15,32,881,1.405375628031878,1.5606240283363864,5.238290978189437,10.24
c1_L32_rep007.npz,0.15,32,1069,1.4300278172348484,1.6839624172859289,5.097460826522609,9.846153846153847
c1_L32_rep007.npz,0.15,32,1298,1.5838987288936492,1.826250148276395,5.507358371587943,10.893617021276595
c1_L32_rep007.npz,0.15,32,1576,1.5790852683537264,nan,5.481745187886,10.666666666666666
c1_L32_rep007.npz,0.15,32,1912,1.8098678768382352,nan,5.829990175338548,11.906976744186046
c1_L32_rep007.npz,0.15,32,2321,1.5238138834635415,nan,5.400644581107001,10.556701030927835
c1_L32_rep007.npz,0.15,32,2818,1.5260835898042928,1.9682152649736666,5.507085436852657,10.778947368421052
c1_L32_rep007.npz,0.15,32,3420,1.6970955984933036,nan,5.810555677603223,11.50561797752809
c1_L32_rep007.npz,0.15,32,4151,2.0677241501763324,2.3519335477638705,6.582763555818651,13.653333333333334
c1_L32_rep007.npz,0.15,32,5039,2.2543903037067103,nan,6.9954493406588165,15.283582089552239
c1_L32_rep007.npz,0.15,32,6116,2.0678695773486027,nan,6.708073483204839,13.837837837837839
c1_L32_rep007.npz,0.15,32,7423,2.1775797526041667,2.427787182846787,6.352185655337814,12.8
c1_L32_rep007.npz,0.15,32,9010,2.673190646701389,2.7732207040625485,7.688579781795435,17.35593220338983
c1_L32_rep007.npz,0.15,32,10937,2.157217996162281,2.7988108977610935,6.741743614711356,13.653333333333334
c1_L32_rep007.npz,0.15,32,13275,3.5465029761904763,3.92220210105986,8.578897501274744,18.618181818181817
c1_L32_rep007.npz,0.15,32,16113,3.686869303385417,4.023314130082381,9.589681387907243,22.26086956521739
c1_L32_rep007.npz,0.15,32,19557,3.963387784090909,4.514680636120579,10.06724982933706,23.813953488372093
c1_L32_rep007.npz,0.15,32,23739,3.2485249125874125,3.831484685575184,8.23823217019396,17.35593220338983
c1_L32_rep007.npz,0.15,32,28814,3.749369303385417,4.460574345343644,9.564104040831745,21.78723404255319
c1_L32_rep007.npz,0.15,32,34974,4.260223858173077,4.538343304438142,9.667607853042576,21.333333333333332
c1_L32_rep007.npz,0.15,32,42451,3.868326822916666,4.2956505363398785,9.514151721898052,21.78723404255319
c1_L32_rep007.npz,0.15,32,51526,3.8153760302197797,4.281405369063028,8.982139316599833,20.07843137254902
c1_L32_rep007.npz,0.15,32,62542,4.108265269886363,4.340360384945514,8.850447767364017,18.962962962962962
c1_L32_rep007.npz,0.15,32,75913,3.8130992542613638,4.175303981500271,9.035879937063754,19.692307692307693
c1_L32_rep007.npz,0.15,32,92142,4.199160621279762,4.434131176440747,9.698912224337686,21.78723404255319
c1_L32_rep007.npz,0.15,32,111841,4.30145263671875,4.6255587861836815,10.930531204524755,26.94736842105263
c1_L32_rep007.npz,0.15,32,135751,4.443903996394231,4.564112971764676,10.070469169093176,23.813953488372093
c1_L32_rep007.npz,0.15,32,164773,4.471381293402778,4.658905883928451,10.256529511825908,23.813953488372093
c1_L32_rep007.npz,0.15,32,200000,3.978232643821024,4.354385187650443,10.042940946191829,23.813953488372093
c1_L64_rep000.npz,0.15,64,1,0.6055252561478857,0.722836162098389,2.9800306787115045,4.751740139211137
c1_L64_rep000.npz,0.15,64,2,0.6323613766872815,0.7054673391747921,3.08323358016516,4.958837772397095
c1_L64_rep000.npz,0.15,64,3,0.6397528946415805,0.7198478325566091,3.115150280601915,5.019607843137255
c1_L64_rep000.npz,0.15,64,4,0.658294075117432,0.7411998084194038,3.17907883814499,5.1651954602774275
c1_L64_rep000.npz,0.15,64,5,0.6641399980847277,0.7628265742559426,3.2011234860568005,5.211195928753181
c1_L64_rep000.npz,0.15,64,6,0.6710105515171831,0.7827744591799313,3.2159906191459986,5.26478149100257
c1_L64_rep000.npz,0.15,64,7,0.6769920090889114,0.7733638174757375,3.2486229468500714,5.312581063553826
c1_L64_rep000.npz,0.15,64,8,0.6877241281256727,0.788756049465298,3.278275501282384,5.396574440052701
c1_L64_rep000.npz,0.15,64,10,0.7005291646145924,0.7911402892902744,3.323990460143196,5.490616621983914
c1_L64_rep000.npz,0.15,64,12,0.7093207269603219,0.8089374954755322,3.3494824071417733,5.557666214382632
c1_L64_rep000.npz,0.15,64,15,0.7253977637933431,0.8324203319134251,3.4091689315630886,5.688888888888889
c1_L64_rep000.npz,0.15,64,18,0.7446070196852768,0.847002809562234,3.4827274779659527,5.843081312410842
c1_L64_rep000.npz,0.15,64,22,0.7424765534735627,0.854642810914499,3.472232055792499,5.826458036984353
c1_L64_rep000.npz,0.15,64,27,0.7721301197300295,0.8936113834773617,3.575068517187959,6.059171597633136
c1_L64_rep000.npz,0.15,64,33,0.7837519366559387,0.9150987581784296,3.6160705705789264,6.15015015015015
c1_L64_rep000.npz,0.15,64,40,0.8209840316265284,0.9560639401894007,3.7359753357566823,6.440251572327044
c1_L64_rep000.npz,0.15,64,48,0.8542739101382527,1.0008121228802005,3.844376046384429,6.703764320785598
c1_L64_rep000.npz,0.15,64,58,0.8670431244808969,1.0165035926182504,3.8872439117107778,6.803986710963455
c1_L64_rep000.npz,0.15,64,71,0.887943829579712,1.039891860178711,3.944532148467432,6.965986394557823
c1_L64_rep000.npz,0.15,64,86,0.9424730729798153,1.104092331473788,4.105589812013431,7.393501805054152
c1_L64_rep000.npz,0.15,64,105,0.9418167990542828,1.1093439960848552,4.117097032214929,7.38018018018018
c1_L64_rep000.npz,0.15,64,127,0.9553756378922145,1.1318613274393297,4.135951486163742,7.4881170018281535
c1_L64_rep000.npz,0.15,64,154,1.0378755753778204,1.2043414333786209,4.356123657945289,8.047151277013752
c1_L64_rep000.npz,0.15,64,187,1.0569139764398092,1.2446332891559062,4.4129610867945726,8.14314115308151
c1_L64_rep000.npz,0.15,64,227,1.086488220804691,1.266103486280052,4.475604555073447,8.291497975708502
c1_L64_rep000.npz,0.15,64,276,1.1421793184603386,1.3240971771137398,4.576242783274455,8.58700209643606
c1_L64_rep000.npz,0.15,64,334,1.1736462835796617,1.3316864954586374,4.661854897189523,8.808602150537634
c1_L64_rep000.npz,0.15,64,406,1.1960758257515822,1.3700564923217318,4.691758554949421,8.904347826086957
c1_L64_rep000.npz,0.15,64,493,1.2591068754490502,1.4276852456334483,4.8380868726528785,9.266968325791856
c1_L64_rep000.npz,0.15,64,598,1.2481395391770351,1.4112060164463074,4.849268423121642,9.266968325791856
c1_L64_rep000.npz,0.15,64,726,1.3107241594554488,1.508206059453395,4.955474997692132,9.547785547785548
c1_L64_rep000.npz,0.15,64,881,1.3772565565711494,1.583751652013818,5.072741677124398,9.86987951807229
c1_L64_rep000.npz,0.15,64,1069,1.4568484235491073,1.647172473600226,5.228351355799648,10.214463840399002
c1_L64_rep000.npz,0.15,64,1298,1.559145492510927,1.8275046005745992,5.522639297355144,11.010752688172044
c1_L64_rep000.npz,0.15,64,1576,1.616868867539294,1.8417564043493246,5.652367465846945,11.409470752089137
c1_L64_rep000.npz,0.15,64,1912,1.7382767215851815,1.935656630840449,5.8633920722634745,11.976608187134502
c1_L64_rep000.npz,0.15,64,2321,1.7364221054632791,1.9728052322514669,5.877781420388064,11.83815028901734
c1_L64_rep000.npz,0.15,64,2818,1.9037672735122069,2.111596672189778,6.063760601194922,12.56441717791411
c1_L64_rep000.npz,0.15,64,3420,1.801195192861656,2.090611399091143,6.017182545097684,12.19047619047619
c1_L64_rep000.npz,0.15,64,4151,1.9194101552981846,2.1772419892078787,6.239896638080823,12.880503144654089
c1_L64_rep000.npz,0.15,64,5039,2.0730125790550593,2.5347413199254376,6.496570874623113,13.342019543973942
c1_L64_rep000.npz,0.15,64,6116,2.4141541571378107,2.7853940308064318,7.274755688050235,15.574144486692015
c1_L64_rep000.npz,0.15,64,7423,2.5611173361639117,2.9467090961364875,7.49533665676209,16.253968253968253
c1_L64_rep000.npz,0.15,64,9010,2.649077655742695,3.089009536795798,7.581479683307068,16.1897233201581
c1_L64_rep000.npz,0.15,64,10937,2.952359894783266,3.2756314372567354,7.728451303809578,16.516129032258064
c1_L64_rep000.npz,0.15,64,13275,3.043185041250427,3.3637949684090103,8.177454807044473,18.123893805309734
c1_L64_rep000.npz,0.15,64,16113,3.4056137036687515,3.672047873806005,8.649729969900276,19.230046948356808
c1_L64_rep000.npz,0.15,64,19557,3.371678234281994,3.687672498360956,8.624613757578905,19.230046948356808
c1_L64_rep000.npz,0.15,64,23739,3.2428754705007004,3.661937241213735,8.377010437952793,18.204444444444444
c1_L64_rep000.npz,0.15,64,28814,3.6150739701067813,3.852023139243525,9.618853191578786,22.629834254143645
c1_L64_rep000.npz,0.15,64,34974,3.6402123382456795,4.05890746648676,9.087219838801921,20.378109452736318
c1_L64_rep000.npz,0.15,64,42451,3.5644440827546298,3.9938860956228046,9.163952787001477,20.582914572864322
c1_L64_rep000.npz,0.15,64,51526,3.694229952807497,3.9969691833046688,9.089106479892916,20.07843137254902
c1_L64_rep000.npz,0.15,64,62542,3.664485648628715,4.125189958588333,9.056063880783311,19.883495145631066
c1_L64_rep000.npz,0.15,64,75913,3.9260417602071356,4.3298185207905355,9.523928864974488,21.333333333333332
c1_L64_rep000.npz,0.15,64,92142,4.283527386377728,4.698500380445383,10.44039260518346,24.38095238095238
c1_L64_rep000.npz,0.15,64,111841,4.309264878641979,4.928153778119508,9.99151002417135,22.021505376344088
c1_L64_rep000.npz,0.15,64,135751,5.900933776238952,6.40382159728245,12.177437915002029,28.248275862068965
c1_L64_rep000.npz,0.15,64,164773,6.6547236723058365,7.105271048765507,13.528007671598479,32.768
c1_L64_rep000.npz,0.15,64,200000,6.423295522074671,7.060799931298694,12.672375995166641,29.467625899280577
c1_L64_rep001.npz,0.15,64,1,0.6076441529768205,0.6982065895073232,2.997575279732733,4.768335273573923
c1_L64_rep001.npz,0.15,64,2,0.6214372720704542,0.6995456451987369,3.047844795293753,4.876190476190477
c1_L64_rep001.npz,0.15,64,3,0.6376569331858779,0.7203587594508756,3.1078476993547652,5.001221001221001
c1_L64_rep001.npz,0.15,64,4,0.6660426584879557,0.7552453231895528,3.2024226541311847,5.224489795918367
c1_L64_rep001.npz,0.15,64,5,0.6761547816986548,0.7692471994200429,3.2453181640999893,5.305699481865285
c1_L64_rep001.npz,0.15,64,6,0.6942724823563747,0.7877647372777399,3.298918853069664,5.446808510638298
c1_L64_rep001.npz,0.15,64,7,0.6988029443334871,0.805929882584956,3.3127129981618486,5.483266398929049
c1_L64_rep001.npz,0.15,64,8,0.7092318636229369,0.8166931178098793,3.355830748412536,5.565217391304348
c1_L64_rep001.npz,0.15,64,10,0.7232081563898516,0.8344868782008199,3.399333473217874,5.673130193905817
c1_L64_rep001.npz,0.15,64,12,0.7395337120039555,0.8496707711752995,3.4587247094930507,5.801699716713881
c1_L64_rep001.npz,0.15,64,15,0.7486787705071944,0.8704826573273434,3.4865122251600362,5.868194842406877
c1_L64_rep001.npz,0.15,64,18,0.7693210329872417,0.8986269667048895,3.561043907827999,6.03240058910162
c1_L64_rep001.npz,0.15,64,22,0.7791558026275187,0.9184928626884765,3.5965496319128114,6.113432835820896
c1_L64_rep001.npz,0.15,64,27,0.8017837059233424,0.9422550621811691,3.664920562082875,6.291858678955453
c1_L64_rep001.npz,0.15,64,33,0.8032054323138613,0.9648842565600392,3.6686147382095626,6.3015384615384615
c1_L64_rep001.npz,0.15,64,40,0.8246821467487957,0.9704400336451011,3.742936392726236,6.470774091627172
c1_L64_rep001.npz,0.15,64,48,0.8514867047079249,1.0112982664929988,3.8277816304166548,6.68189233278956
c1_L64_rep001.npz,0.15,64,58,0.846233251083742,1.0123796754294063,3.815873644896282,6.638573743922204
c1_L64_rep001.npz,0.15,64,71,0.883183511549652,1.0682752884652214,3.931560874737698,6.930626057529611
c1_L64_rep001.npz,0.15,64,86,0.9117274040275194,1.0802112909401935,4.030774487007274,7.148342059336824
c1_L64_rep001.npz,0.15,64,105,0.9212090301171699,1.1059316524992853,4.067593701299977,7.223985890652557
c1_L64_rep001.npz,0.15,64,127,0.9594981913074625,1.1575254875173462,4.1801342363242,7.529411764705882
c1_L64_rep001.npz,0.15,64,154,1.012147119440184,1.1998358487510548,4.326616631657234,7.9073359073359075
c1_L64_rep001.npz,0.15,64,187,1.0718262299995267,1.2430217506825678,4.453235153782829,8.224899598393574
c1_L64_rep001.npz,0.15,64,227,1.1036226035422325,1.2972742117697877,4.5218789858735935,8.376278118609408
c1_L64_rep001.npz,0.15,64,276,1.1682754306947583,1.3392931939620611,4.653115209426736,8.770877944325482
c1_L64_rep001.npz,0.15,64,334,1.2288053020741205,1.3864773708427962,4.778818660703395,9.122494432071269
c1_L64_rep001.npz,0.15,64,406,1.2291074001637647,1.4315062391351394,4.750698044516269,9.022026431718063
c1_L64_rep001.npz,0.15,64,493,1.324436490015572,1.4930114751491903,4.9606892173249735,9.592505854800937
c1_L64_rep001.npz,0.15,64,598,1.3651232434557632,1.522640564881359,5.057757691887792,9.86987951807229
c1_L64_rep001.npz,0.15,64,726,1.3807620953985715,1.5461038560131688,5.122419296142202,10.063882063882064
c1_L64_rep001.npz,0.15,64,881,1.425978630884628,1.6049406358307203,5.199011433311838,10.189054726368159
c1_L64_rep001.npz,0.15,64,1069,1.407152087965148,1.6123147978509222,5.180754819362358,10.063882063882064
c1_L64_rep001.npz,0.15,64,1298,1.5248684225218212,1.7077091299152176,5.441468463616048,10.922666666666666
c1_L64_rep001.npz,0.15,64,1576,1.6069171441048113,1.7873270575542746,5.583405535142844,11.28374655647383
c1_L64_rep001.npz,0.15,64,1912,1.6233534441396555,1.8525508399968893,5.622569389151152,11.252747252747254
c1_L64_rep001.npz,0.15,64,2321,1.5874992079407204,1.86168108459376,5.5554232534551415,10.922666666666666
c1_L64_rep001.npz,0.15,64,2818,1.6692560369318181,1.9482909038926626,5.71998276680449,11.377777777777778
c1_L64_rep001.npz,0.15,64,3420,1.8127370494769033,2.0756370918015543,6.035769410832253,12.374622356495468
c1_L64_rep001.npz,0.15,64,4151,2.046044986806017,2.325265471509235,6.4165569425208036,13.212903225806452
c1_L64_rep001.npz,0.15,64,5039,2.161541488770092,2.5171011842740576,6.679259424176713,13.931972789115646
c1_L64_rep001.npz,0.15,64,6116,2.233283857865767,2.5896375461754584,6.898702629896807,14.628571428571428
c1_L64_rep001.npz,0.15,64,7423,2.3307964618389425,2.6416707932678927,7.027345287969876,15.058823529411764
c1_L64_rep001.npz,0.15,64,9010,2.2871615141824955,2.699167261453981,6.793583912988305,14.222222222222221
c1_L64_rep001.npz,0.15,64,10937,2.3913137247516,2.725033895722923,6.987572284572316,14.628571428571428
c1_L64_rep001.npz,0.15,64,13275,2.417249653455708,2.784378940367179,7.103553481978588,14.94890510948905
c1_L64_rep001.npz,0.15,64,16113,2.6267257541126465,3.011346661367492,7.341072500870888,15.515151515151516
c1_L64_rep001.npz,0.15,64,19557,2.8227945963541665,3.1891863655319987,7.853130584970636,16.99585062240664
c1_L64_rep001.npz,0.15,64,23739,3.073866347192039,3.56662988626827,8.409529570176163,18.533936651583712
c1_L64_rep001.npz,0.15,64,28814,3.3414568498276487,3.6989642322751504,8.518999468801493,18.703196347031962
c1_L64_rep001.npz,0.15,64,34974,3.405816617038081,3.8408809660956114,8.749750542087668,19.412322274881518
c1_L64_rep001.npz,0.15,64,42451,3.8510068174757577,4.213622816277953,9.601145715975381,22.021505376344088
c1_L64_rep001.npz,0.15,64,51526,4.00689086433092,4.360385224919112,9.721119423227382,21.90374331550802
c1_L64_rep001.npz,0.15,64,62542,4.352321700145134,4.771537834574627,9.48516473704614,20.79187817258883
c1_L64_rep001.npz,0.15,64,75913,4.594549560546875,4.9905851466119575,10.636002043299328,24.38095238095238
c1_L64_rep001.npz,0.15,64,92142,4.860111725636018,5.2464412782102805,10.991946405688998,25.924050632911392
c1_L64_rep001.npz,0.15,64,111841,4.973436991373698,5.388823202684785,10.771615029732287,24.38095238095238
c1_L64_rep001.npz,0.15,64,135751,5.355346603345842,5.822849921929497,11.410146575443004,26.425806451612903
c1_L64_rep001.npz,0.15,64,164773,5.300587715554972,6.195713748169731,11.496700656148908,26.425806451612903
c1_L64_rep001.npz,0.15,64,200000,6.069739557081653,6.6766397945899705,11.81175593700366,26.5974025974026
c1_L64_rep002.npz,0.15,64,1,0.5999302269418877,0.6728170095847105,2.9595117825018877,4.7026406429391505
c1_L64_rep002.npz,0.15,64,2,0.6188564575659687,0.6838678151324796,3.032381154977017,4.8530805687203795
c1_L64_rep002.npz,0.15,64,3,0.6389897149487802,0.7162817924257492,3.101271536185555,5.013463892288861
c1_L64_rep002.npz,0.15,64,4,0.6421813684052474,0.721808597268504,3.107427514515412,5.038130381303813
c1_L64_rep002.npz,0.15,64,5,0.6525519124081887,0.7388253674484995,3.1537836351670157,5.12
c1_L64_rep002.npz,0.15,64,6,0.6609799391203972,0.7523453943515508,3.184218975816956,5.184810126582279
c1_L64_rep002.npz,0.15,64,7,0.6769920090889114,0.7683443108817098,3.234368288442691,5.312581063553826
c1_L64_rep002.npz,0.15,64,8,0.6906600806328106,0.7831166247207437,3.276716855517242,5.417989417989418
c1_L64_rep002.npz,0.15,64,10,0.6968770244958779,0.7884554321212247,3.3100627134696974,5.468624833110814
c1_L64_rep002.npz,0.15,64,12,0.7025351270534659,0.8026735086832409,3.330436784231184,5.51278600269179
c1_L64_rep002.npz,0.15,64,15,0.7241743481194628,0.8290373815384855,3.4049759206186527,5.680998613037448
c1_L64_rep002.npz,0.15,64,18,0.7513715262045619,0.8650734647435118,3.4838882256078016,5.893525179856115
c1_L64_rep002.npz,0.15,64,22,0.7699127452216152,0.8840441740503251,3.5510091365037932,6.041297935103245
c1_L64_rep002.npz,0.15,64,27,0.7746668670604031,0.8982431733065106,3.5661458522517946,6.077151335311573
c1_L64_rep002.npz,0.15,64,33,0.8098027950542833,0.9401031147143903,3.6892428498075196,6.350387596899225
c1_L64_rep002.npz,0.15,64,40,0.8383029194441473,0.9691658992181231,3.779497441375157,6.574638844301766
c1_L64_rep002.npz,0.15,64,48,0.8342190960653466,0.9678527974559881,3.7726434223281977,6.543130990415335
c1_L64_rep002.npz,0.15,64,58,0.8702813807814792,1.0189805699523813,3.8816816006941837,6.826666666666667
c1_L64_rep002.npz,0.15,64,71,0.8774443888236911,1.023509338524312,3.898549440550918,6.884033613445379
c1_L64_rep002.npz,0.15,64,86,0.9018107465469458,1.0612439970072847,3.979757688644473,7.07426597582038
c1_L64_rep002.npz,0.15,64,105,0.9241732411053686,1.0906202725066065,4.0515514334625795,7.249557522123894
c1_L64_rep002.npz,0.15,64,127,0.9046344390872807,1.0669981988522212,4.010268947247902,7.098786828422877
c1_L64_rep002.npz,0.15,64,154,0.9508256083918014,1.1299524085120896,4.1471961033892955,7.460837887067395
c1_L64_rep002.npz,0.15,64,187,0.9708432175308905,1.1740484674147829,4.217822413018271,7.613382899628252
c1_L64_rep002.npz,0.15,64,227,0.9849563464768536,1.2317520765112318,4.269851439839489,7.728301886792453
c1_L64_rep002.npz,0.15,64,276,1.0878672717514197,1.3122845429452203,4.483858609430168,8.258064516129032
c1_L64_rep002.npz,0.15,64,334,1.2079724200878268,1.4181228646831363,4.734073605321617,8.923747276688454
c1_L64_rep002.npz,0.15,64,406,1.2547816305904305,1.4658827620062307,4.823838425996707,9.16331096196868
c1_L64_rep002.npz,0.15,64,493,1.3606959348286836,1.5453112507754454,5.064029498611016,9.822541966426858
c1_L64_rep002.npz,0.15,64,598,1.3815038067423333,1.5887863391002823,5.130892933250085,9.91767554479419
c1_L64_rep002.npz,0.15,64,726,1.4306621696493045,1.6382533665060515,5.212808473182852,10.214463840399002
c1_L64_rep002.npz,0.15,64,881,1.4840013807426229,1.6745276952021093,5.362641573741075,10.61139896373057
c1_L64_rep002.npz,0.15,64,1069,1.520926706853673,1.7727610152770399,5.4174723164208185,10.666666666666666
c1_L64_rep002.npz,0.15,64,1298,1.6170745475369286,1.8191440227944364,5.655722897344055,11.473389355742297
c1_L64_rep002.npz,0.15,64,1576,1.6828169948967528,1.905377580588222,5.7464429593328585,11.702857142857143
c1_L64_rep002.npz,0.15,64,1912,1.6797627740378518,1.9223616683904512,5.652213417043972,11.314917127071823
c1_L64_rep002.npz,0.15,64,2321,1.7099471879113488,1.9606708179799996,5.823915337926631,11.770114942528735
c1_L64_rep002.npz,0.15,64,2818,1.8591095121036023,2.107725254009969,6.14943779828237,12.8
c1_L64_rep002.npz,0.15,64,3420,1.8484655352870814,2.0977397268390137,6.04634059497957,12.337349397590362
c1_L64_rep002.npz,0.15,64,4151,1.847351782196753,2.1450443965635406,6.093870341814977,12.412121212121212
c1_L64_rep002.npz,0.15,64,5039,2.018445488468803,2.2411945535445614,6.502094570298142,13.74496644295302
c1_L64_rep002.npz,0.15,64,6116,2.1601706016560835,2.407135422711538,6.733924064439766,14.371929824561404
c1_L64_rep002.npz,0.15,64,7423,2.4215848462475753,2.674265784089345,7.238984495756059,15.814671814671815
c1_L64_rep002.npz,0.15,64,9010,2.371539253077123,2.6868153806503496,6.980026752552153,14.787003610108304
c1_L64_rep002.npz,0.15,64,10937,2.4464080810546873,2.868766755225181,7.3547827037002005,15.753846153846155
c1_L64_rep002.npz,0.15,64,13275,2.671152111235119,3.026151737750884,7.508932391856564,16.125984251968504
c1_L64_rep002.npz,0.15,64,16113,2.869969394212558,3.273441030670601,7.889524081788147,17.210084033613445
c1_L64_rep002.npz,0.15,64,19557,3.004067916653205,3.48046358096649,8.03332213965521,17.35593220338983
c1_L64_rep002.npz,0.15,64,23739,3.2515424595797127,3.6409730239966143,8.60008845574538,19.051162790697674
c1_L64_rep002.npz,0.15,64,28814,3.468668367840557,3.7817244781063764,8.747711644038095,19.412322274881518
c1_L64_rep002.npz,0.15,64,34974,3.6018275014671364,3.9829561202062207,8.78929855163087,19.412322274881518
c1_L64_rep002.npz,0.15,64,42451,3.7147234803816467,3.9949180428328885,9.125944204545439,20.277227722772277
c1_L64_rep002.npz,0.15,64,51526,3.658375003647292,3.986331902292003,9.355862616085494,21.557894736842105
c1_L64_rep002.npz,0.15,64,62542,3.731037795687992,3.967409396329624,9.496814839815796,21.90374331550802
c1_L64_rep002.npz,0.15,64,75913,3.4774255823206017,3.872515747898551,8.858606280298622,19.504761904761907
c1_L64_rep002.npz,0.15,64,92142,3.80220703125,4.145793421147635,9.325420717060092,20.79187817258883
c1_L64_rep002.npz,0.15,64,111841,4.387549767127403,nan,10.16275195653965,23.01123595505618
c1_L64_rep002.npz,0.15,64,135751,5.355372450086806,nan,11.356393257532826,25.924050632911392
c1_L64_rep002.npz,0.15,64,164773,6.351238859801733,nan,12.73654618887378,29.257142857142856
c1_L64_rep002.npz,0.15,64,200000,6.67019790442137,nan,12.802518155871049,29.467625899280577
c1_L64_rep003.npz,0.15,64,1,0.5987795291549582,0.7005572479345874,2.966908013086604,4.697247706422019
c1_L64_rep003.npz,0.15,64,2,0.6334801422990248,0.7360077962777951,3.0871088849189503,4.970873786407767
c1_L64_rep003.npz,0.15,64,3,0.6457134597010752,0.728290395028945,3.131625355299052,5.063040791100123
c1_L64_rep003.npz,0.15,64,4,0.6606432639651725,0.7575946094309369,3.1848289705935624,5.178255372945639
c1_L64_rep003.npz,0.15,64,5,0.6756474724109254,0.7681508343729773,3.2493538086816387,5.298835705045279
c1_L64_rep003.npz,0.15,64,6,0.6771833939388234,0.7805928585728716,3.243814686765907,5.312581063553826
c1_L64_rep003.npz,0.15,64,7,0.6923763767150731,0.8009390766118312,3.300066844825213,5.43236074270557
c1_L64_rep003.npz,0.15,64,8,0.6959515635722299,0.8078640190225803,3.304641999939763,5.461333333333333
c1_L64_rep003.npz,0.15,64,10,0.7007196598187159,0.8312150678994666,3.3174393538033478,5.497986577181208
c1_L64_rep003.npz,0.15,64,12,0.7407040508472977,0.8460031692594027,3.4648820454636042,5.809929078014185
c1_L64_rep003.npz,0.15,64,15,0.73661525721884,0.8582370445371968,3.4501729415927045,5.777150916784203
c1_L64_rep003.npz,0.15,64,18,0.7575759894123963,0.8814085941193643,3.5129324640273807,5.944847605224964
c1_L64_rep003.npz,0.15,64,22,0.7597815347996917,0.8830213444755987,3.523606830547759,5.962154294032024
c1_L64_rep003.npz,0.15,64,27,0.7908556878822349,0.9212424762714568,3.6226488216289057,6.206060606060606
c1_L64_rep003.npz,0.15,64,33,0.8134085533873384,0.9612773806888035,3.6951942697881073,6.38006230529595
c1_L64_rep003.npz,0.15,64,40,0.8143872311819369,0.9560195939687545,3.709761199935933,6.390015600624025
c1_L64_rep003.npz,0.15,64,48,0.8547868005360886,1.001077239734459,3.839402687302562,6.703764320785598
c1_L64_rep003.npz,0.15,64,58,0.8793584911137189,1.0453855604860052,3.9181895541195058,6.895622895622895
c1_L64_rep003.npz,0.15,64,71,0.8925548287901852,1.0644836906086033,3.97256157991403,7.001709401709402
c1_L64_rep003.npz,0.15,64,86,0.9473238375074525,1.1070153829298373,4.135613099966743,7.433756805807622
c1_L64_rep003.npz,0.15,64,105,0.9546090068234516,1.1352135965791499,4.158817620544029,7.4881170018281535
c1_L64_rep003.npz,0.15,64,127,0.9851478859436186,1.1715966558832542,4.235952504853619,7.670411985018727
c1_L64_rep003.npz,0.15,64,154,1.059296689081746,1.2360258063823084,4.372359811632218,8.062992125984252
c1_L64_rep003.npz,0.15,64,187,1.0440596853851514,1.229664846566817,4.370054677411515,8.062992125984252
c1_L64_rep003.npz,0.15,64,227,1.1038845894031954,1.28897125565264,4.489236720797007,8.359183673469389
c1_L64_rep003.npz,0.15,64,276,1.0843571695445795,1.2677117293991864,4.477526537499947,8.274747474747475
c1_L64_rep003.npz,0.15,64,334,1.1442827669528162,1.329665023648843,4.5817789109440445,8.58700209643606
c1_L64_rep003.npz,0.15,64,406,1.155560661764706,1.3290776131506405,4.60839170158884,8.641350210970463
c1_L64_rep003.npz,0.15,64,493,1.2134520954166494,1.3982255573499933,4.737047385398059,8.962800875273523
c1_L64_rep003.npz,0.15,64,598,1.3409261067708333,1.5224580956161957,4.993454127238999,9.68321513002364
c1_L64_rep003.npz,0.15,64,726,1.3384727938438874,1.5425012480491813,4.976095553526558,9.570093457943925
c1_L64_rep003.npz,0.15,64,881,1.3505066519700906,1.5738052431104665,4.991285457654082,9.615023474178404
c1_L64_rep003.npz,0.15,64,1069,1.4501306700650118,1.6434691527166718,5.235153801499333,10.291457286432161
c1_L64_rep003.npz,0.15,64,1298,1.4743064267791972,1.6846789341575619,5.298054508891405,10.448979591836734
c1_L64_rep003.npz,0.15,64,1576,1.5494667205810546,1.7963238756156779,5.425061803714002,10.694516971279374
c1_L64_rep003.npz,0.15,64,1912,1.6519886299872513,1.9022936582403094,5.584679462417873,11.130434782608695
c1_L64_rep003.npz,0.15,64,2321,1.7752135568413854,1.9898921875518374,6.008700650864916,12.44984802431611
c1_L64_rep003.npz,0.15,64,2818,1.9302258980293527,2.1262876342051475,6.259629531480013,13.044585987261147
c1_L64_rep003.npz,0.15,64,3420,1.9559589967041218,2.185915514422547,6.279210946208117,13.170418006430868
c1_L64_rep003.npz,0.15,64,4151,2.1141159917418024,2.3277161440113674,6.682151485636946,14.321678321678322
c1_L64_rep003.npz,0.15,64,5039,1.8646845087274775,2.215189387494684,6.092773888347072,12.412121212121212
c1_L64_rep003.npz,0.15,64,6116,2.250244842562722,2.5267799978857868,6.972067532459912,14.94890510948905
c1_L64_rep003.npz,0.15,64,7423,2.3092854817708335,2.670109624464151,6.976334753866868,14.68100358422939
c1_L64_rep003.npz,0.15,64,9010,2.518895948707806,2.9131082162898734,7.223877464133015,15.515151515151516
c1_L64_rep003.npz,0.15,64,10937,2.577994256563927,2.9795222153080907,7.495049427520934,16.062745098039215
c1_L64_rep003.npz,0.15,64,13275,2.8594163682725693,3.2589184863538803,7.833471370446181,16.855967078189302
c1_L64_rep003.npz,0.15,64,16113,3.459258930450337,3.7689670275821383,9.1108283176737,20.897959183673468
c1_L64_rep003.npz,0.15,64,19557,3.264645389860619,3.7907744538516805,8.390315327635475,18.285714285714285
c1_L64_rep003.npz,0.15,64,23739,3.4422252308238637,3.9117329780141015,8.671182726361254,19.051162790697674
c1_L64_rep003.npz,0.15,64,28814,3.6211166256968594,4.100136424240229,8.848798918608924,19.412322274881518
c1_L64_rep003.npz,0.15,64,34974,3.865075005425347,4.324529258469274,9.559649959965602,21.90374331550802
c1_L64_rep003.npz,0.15,64,42451,4.1717022006551945,4.579487206070787,9.527799309152597,21.22279792746114
c1_L64_rep003.npz,0.15,64,51526,4.085524623955342,4.44888853459411,9.341211073339736,20.68686868686869
c1_L64_rep003.npz,0.15,64,62542,4.366938376913266,4.697822715880631,10.538117932585484,24.674698795180724
c1_L64_rep003.npz,0.15,64,75913,4.384949658054712,4.73995959178535,10.376182237963773,23.813953488372093
c1_L64_rep003.npz,0.15,64,92142,4.698157356147401,5.145570992727215,11.152185539831548,26.425806451612903
c1_L64_rep003.npz,0.15,64,111841,4.777733265269886,5.373902103179889,10.14996300506314,22.26086956521739
c1_L64_rep003.npz,0.15,64,135751,5.121678708489975,5.654681188129986,11.23146378258534,26.256410256410255
c1_L64_rep003.npz,0.15,64,164773,5.086031556740785,5.60744902138571,11.08143919490253,25.12883435582822
c1_L64_rep003.npz,0.15,64,200000,6.035238378188189,6.439202612789189,12.105100517229472,27.675675675675677
c1_L64_rep004.npz,0.15,64,1,0.6077363999746699,0.6920242977460743,2.9951432509372014,4.768335273573923
c1_L64_rep004.npz,0.15,64,2,0.6199609071933629,0.719638833622436,3.0459092459817567,4.864608076009501
c1_L64_rep004.npz,0.15,64,3,0.6365365377286585,0.7494901956040277,3.096282311430337,4.995121951219512
c1_L64_rep004.npz,0.15,64,4,0.6575847438822908,0.7651265040195512,3.1647331845258475,5.158690176322418
c1_L64_rep004.npz,0.15,64,5,0.6788904843395871,0.7888700764160966,3.249771731093576,5.326397919375813
c1_L64_rep004.npz,0.15,64,6,0.6883263551365688,0.8085488197964087,3.2761475545708287,5.396574440052701
c1_L64_rep004.npz,0.15,64,7,0.6978124232015191,0.8092577051109032,3.313456697936776,5.475935828877005
c1_L64_rep004.npz,0.15,64,8,0.7026064028649532,0.8281791109607698,3.32774855339357,5.51278600269179
c1_L64_rep004.npz,0.15,64,10,0.7150351136164249,0.8412401688808242,3.380812785487251,5.610958904109589
c1_L64_rep004.npz,0.15,64,12,0.7372551159181683,0.8761621344919834,3.443358319293351,5.785310734463277
c1_L64_rep004.npz,0.15,64,15,0.7372374662724933,0.8619873129579237,3.456049496112729,5.785310734463277
c1_L64_rep004.npz,0.15,64,18,0.7477936403116046,0.8826385053797103,3.4923149800955127,5.868194842406877
c1_L64_rep004.npz,0.15,64,22,0.7778854250823173,0.9002453370011576,3.5987642980387853,6.104321907600596
c1_L64_rep004.npz,0.15,64,27,0.7982905561371065,0.937018889917228,3.6585244010253737,6.2629969418960245
c1_L64_rep004.npz,0.15,64,33,0.8156898905102359,0.966536332196094,3.718066219853594,6.4
c1_L64_rep004.npz,0.15,64,40,0.8225737466875944,0.9775686272739988,3.749381935012721,6.4503937007874015
c1_L64_rep004.npz,0.15,64,48,0.8599034227056803,1.0255227238466649,3.859488970995195,6.7479406919275124
c1_L64_rep004.npz,0.15,64,58,0.8806255173436255,1.0585183826850604,3.922661354176776,6.90725126475548
c1_L64_rep004.npz,0.15,64,71,0.8983660919645393,1.0760916115294945,3.988805230583757,7.037800687285223
c1_L64_rep004.npz,0.15,64,86,0.9340848836298911,1.125221173328474,4.0964626430904225,7.314285714285714
c1_L64_rep004.npz,0.15,64,105,0.9581150092654107,1.1490662606580246,4.177889009699807,7.51559633027523
c1_L64_rep004.npz,0.15,64,127,0.980712530307822,1.1757665115688658,4.219947966058644,7.641791044776119
c1_L64_rep004.npz,0.15,64,154,1.0331941741395416,1.254328351468129,4.348962025274598,7.984405458089668
c1_L64_rep004.npz,0.15,64,187,1.0726050755884742,1.2762976639534962,4.421250186377039,8.208416833667334
c1_L64_rep004.npz,0.15,64,227,1.0716278127666485,1.267811344148734,4.442354198962729,8.208416833667334
c1_L64_rep004.npz,0.15,64,276,1.1136286485915217,1.3121976217292155,4.522414963656995,8.410677618069816
c1_L64_rep004.npz,0.15,64,334,1.1950852008374688,1.3593303023667098,4.688620575077067,8.923747276688454
c1_L64_rep004.npz,0.15,64,406,1.1670995351430533,1.3825892831378948,4.6464172299517275,8.696390658174098
c1_L64_rep004.npz,0.15,64,493,1.212821992532459,1.3894289211406217,4.713570146382016,8.962800875273523
c1_L64_rep004.npz,0.15,64,598,1.2372294535437822,1.4088121348580671,4.793396228088207,9.102222222222222
c1_L64_rep004.npz,0.15,64,726,1.2270551308818245,1.4112792135376082,4.770962091245761,9.022026431718063
c1_L64_rep004.npz,0.15,64,881,1.3305392605441435,1.5208462837212096,4.990377188757354,9.637647058823529
c1_L64_rep004.npz,0.15,64,1069,1.428209699205195,1.6322451220230063,5.207072053783783,10.189054726368159
c1_L64_rep004.npz,0.15,64,1298,1.4982670536747684,1.700855026524842,5.37975183327894,10.638961038961039
c1_L64_rep004.npz,0.15,64,1576,1.5175672270736873,1.7152911440020602,5.401966988058228,10.694516971279374
c1_L64_rep004.npz,0.15,64,1912,1.6283503607943852,1.8290412235226894,5.677313556813932,11.473389355742297
c1_L64_rep004.npz,0.15,64,2321,1.6760018006470123,1.919269121386277,5.759128262307166,11.736389684813753
c1_L64_rep004.npz,0.15,64,2818,1.8676693245794675,2.107411003938628,6.149276277418284,12.84012539184953
c1_L64_rep004.npz,0.15,64,3420,2.0360731482387324,2.2514295221620344,6.418698805880542,13.562913907284768
c1_L64_rep004.npz,0.15,64,4151,1.8816361860795454,2.4110129777479,6.122117403986476,12.487804878048781
c1_L64_rep004.npz,0.15,64,5039,2.0478651780348556,2.6134716486798784,6.2665030988796335,12.84012539184953
c1_L64_rep004.npz,0.15,64,6116,2.2869677421374197,2.78086648969121,6.9334003436752605,14.94890510948905
c1_L64_rep004.npz,0.15,64,7423,2.3275330946180555,2.761039753601422,6.948657571332577,14.733812949640289
c1_L64_rep004.npz,0.15,64,9010,2.372463128505609,2.730483516643161,7.1761046482286135,15.456603773584906
c1_L64_rep004.npz,0.15,64,10937,2.6348807041556066,2.9321081872260972,7.40022899377485,15.937743190661479
c1_L64_rep004.npz,0.15,64,13275,2.6500556137205975,3.006427080282183,7.50480098377526,16.125984251968504
c1_L64_rep004.npz,0.15,64,16113,2.8459641243183933,3.1774585765852037,7.8562397284551295,17.282700421940927
c1_L64_rep004.npz,0.15,64,19557,3.0547734495306207,3.2798310771408277,8.253226108561401,18.367713004484305
c1_L64_rep004.npz,0.15,64,23739,3.2266936669734316,3.4876022692581365,8.64311860356959,19.598086124401913
c1_L64_rep004.npz,0.15,64,28814,3.1969662910682017,3.4739976853818697,8.630109259275297,19.32075471698113
c1_L64_rep004.npz,0.15,64,34974,3.2661042049013336,3.585316888472341,8.554287609026483,18.87557603686636
c1_L64_rep004.npz,0.15,64,42451,3.45090270300778,3.76841204965425,9.056783657448012,20.68686868686869
c1_L64_rep004.npz,0.15,64,51526,3.3652217871042103,3.6902748804743775,8.697021983168751,19.230046948356808
c1_L64_rep004.npz,0.15,64,62542,3.6567972819010413,3.931583063671198,9.466755044030968,22.021505376344088
c1_L64_rep004.npz,0.15,64,75913,3.519496499762082,3.9979017352108905,8.76124379461502,19.230046948356808
c1_L64_rep004.npz,0.15,64,92142,4.1254022205473095,4.531120722088131,9.69118945538514,21.67195767195767
c1_L64_rep004.npz,0.15,64,111841,4.212714856238011,4.566332595283148,9.94858286696226,22.505494505494507
c1_L64_rep004.npz,0.15,64,135751,4.502714645030887,5.008558987877879,9.98924960686446,22.26086956521739
c1_L64_rep004.npz,0.15,64,164773,6.0855470687624,6.691947847063402,12.41438581639083,28.643356643356643
c1_L64_rep004.npz,0.15,64,200000,6.333609814664502,6.850117164458714,12.3919818200545,29.04964539007092
c1_L64_rep005.npz,0.15,64,1,0.603449309760385,0.6862538025863687,2.9825195889763676,4.7297921478060045
c1_L64_rep005.npz,0.15,64,2,0.6294851205103644,0.7243279078356424,3.072222193806204,4.934939759036145
c1_L64_rep005.npz,0.15,64,3,0.6490234299578119,0.7505086749474603,3.1303342624952832,5.088198757763975
c1_L64_rep005.npz,0.15,64,4,0.6627315413920757,0.7703620081260618,3.1837727863412795,5.197969543147208
c1_L64_rep005.npz,0.15,64,5,0.6798013329263328,0.7997906774409257,3.24686551739924,5.333333333333333
c1_L64_rep005.npz,0.15,64,6,0.7053564509122601,0.8174223690518849,3.334022074566109,5.535135135135135
c1_L64_rep005.npz,0.15,64,7,0.7102140252233763,0.8235899748847302,3.3430447353633834,5.572789115646258
c1_L64_rep005.npz,0.15,64,8,0.7144218971324325,0.8385903457787747,3.3610575498759983,5.60328317373461
c1_L64_rep005.npz,0.15,64,10,0.739913846432537,0.8636854941790748,3.449496907588971,5.801699716713881
c1_L64_rep005.npz,0.15,64,12,0.746908804240322,0.8714678888330645,3.48007410165736,5.859799713876967
c1_L64_rep005.npz,0.15,64,15,0.7541704604642125,0.8850761618791142,3.496322685604214,5.9105339105339105
c1_L64_rep005.npz,0.15,64,18,0.7821122351842613,0.9132434591687608,3.586300785278356,6.1225710014947685
c1_L64_rep005.npz,0.15,64,22,0.7837519366559387,0.9279341999886468,3.603379013417093,6.15015015015015
c1_L64_rep005.npz,0.15,64,27,0.8080572631461489,0.9423935776332467,3.6809109143562266,6.340557275541796
c1_L64_rep005.npz,0.15,64,33,0.813092764679602,0.9524390658157756,3.7072568509630197,6.38006230529595
c1_L64_rep005.npz,0.15,64,40,0.8446307902934083,0.9935824244842693,3.799758523885603,6.627831715210356
c1_L64_rep005.npz,0.15,64,48,0.8545485962829917,1.0214600247839452,3.8296638863906876,6.703764320785598
c1_L64_rep005.npz,0.15,64,58,0.8672824381855431,1.0484859428449242,3.8761973888983214,6.803986710963455
c1_L64_rep005.npz,0.15,64,71,0.8849321176813936,1.0791881745537424,3.933875320690677,6.942372881355932
c1_L64_rep005.npz,0.15,64,86,0.9524816805428833,1.1363190327838153,4.1457399494103635,7.474452554744525
c1_L64_rep005.npz,0.15,64,105,0.9848441391008593,1.1695295179806768,4.247557107015006,7.728301886792453
c1_L64_rep005.npz,0.15,64,127,0.9829789305497677,1.1740969150960483,4.240448605939003,7.7137476459510355
c1_L64_rep005.npz,0.15,64,154,0.9847130673344697,1.190808634396344,4.241101692126457,7.670411985018727
c1_L64_rep005.npz,0.15,64,187,1.0347639831186037,1.2360111386531936,4.382217298329735,8.015655577299412
c1_L64_rep005.npz,0.15,64,227,1.1535094308653668,1.3309709962291978,4.586493180648813,8.623157894736842
c1_L64_rep005.npz,0.15,64,276,1.2440447631489704,1.4157742280884098,4.813251491219043,9.183856502242152
c1_L64_rep005.npz,0.15,64,334,1.2385552041205727,1.418771589767938,4.7678019487583505,9.082039911308204
c1_L64_rep005.npz,0.15,64,406,1.2603379740430865,1.4434150538026767,4.8278171393489115,9.246049661399548
c1_L64_rep005.npz,0.15,64,493,1.272835097946487,1.446756485054138,4.878049373177828,9.309090909090909
c1_L64_rep005.npz,0.15,64,598,1.3454214110329383,1.5255312900373603,5.01472350485151,9.706161137440759
c1_L64_rep005.npz,0.15,64,726,1.3655360358488475,1.5759498804789012,5.0730556908972435,9.846153846153847
c1_L64_rep005.npz,0.15,64,881,1.3726190492918164,1.5884010173889394,5.111931392597133,9.86987951807229
c1_L64_rep005.npz,0.15,64,1069,1.4885865162037037,1.7126210021016943,5.28402031959827,10.369620253164557
c1_L64_rep005.npz,0.15,64,1298,1.6042493762391987,1.8202291048461785,5.5736618573712855,11.221917808219178
c1_L64_rep005.npz,0.15,64,1576,1.7274497745437065,1.925155956585086,5.968280402816132,12.412121212121212
c1_L64_rep005.npz,0.15,64,1912,1.8463705271698219,2.0153825875403597,6.197625331227111,13.170418006430868
c1_L64_rep005.npz,0.15,64,2321,1.7285988943371842,1.941417016630783,5.902541728249512,12.118343195266272
c1_L64_rep005.npz,0.15,64,2818,1.7978289240056817,2.007496557619843,5.951386066710112,12.19047619047619
c1_L64_rep005.npz,0.15,64,3420,2.00527121399704,2.19255704564201,6.467603995781944,13.74496644295302
c1_L64_rep005.npz,0.15,64,4151,1.9851448957315583,2.19807627401231,6.230232911859016,12.962025316455696
c1_L64_rep005.npz,0.15,64,5039,2.019965040625987,2.2345983147468473,6.435376927561975,13.429508196721311
c1_L64_rep005.npz,0.15,64,6116,1.9709703218318406,2.2956956736114273,6.454730059654544,13.473684210526315
c1_L64_rep005.npz,0.15,64,7423,2.2301121400983144,2.4767075579664306,6.945268543726704,15.003663003663004
c1_L64_rep005.npz,0.15,64,9010,2.1501073826556225,2.487308291636964,6.628794792251517,13.698996655518394
c1_L64_rep005.npz,0.15,64,10937,2.4990559820411455,2.814942284805584,7.298635864325606,15.693486590038313
c1_L64_rep005.npz,0.15,64,13275,2.6671467757024687,3.017926597418706,7.422743703492804,15.875968992248062
c1_L64_rep005.npz,0.15,64,16113,2.8779823369565216,3.245712820651545,7.9519262593231055,17.282700421940927
c1_L64_rep005.npz,0.15,64,19557,2.8570021770705365,3.2944884272209176,7.849544988897529,16.855967078189302
c1_L64_rep005.npz,0.15,64,23739,3.0845623134826283,3.4173113473115464,8.125635953818154,17.5793991416309
c1_L64_rep005.npz,0.15,64,28814,3.1790483096100184,3.5584292226315193,8.353740656440745,18.285714285714285
c1_L64_rep005.npz,0.15,64,34974,3.456281105324074,3.8610950968772726,8.616481162381671,18.618181818181817
c1_L64_rep005.npz,0.15,64,42451,3.7542774341724536,4.034826742453006,9.25009407434361,21.005128205128205
c1_L64_rep005.npz,0.15,64,51526,3.8419332010762677,4.100743845002087,9.383281262293412,21.005128205128205
c1_L64_rep005.npz,0.15,64,62542,3.9618366608796296,4.9125833498323725,9.777864032227326,22.382513661202186
c1_L64_rep005.npz,0.15,64,75913,3.6997020257213125,4.986452042060226,9.290617566676081,21.11340206185567
c1_L64_rep005.npz,0.15,64,92142,4.264514231542398,4.900733716940957,10.374612744358956,24.526946107784433
c1_L64_rep005.npz,0.15,64,111841,4.4416607031620785,5.214851855635441,10.263427098935157,23.405714285714286
c1_L64_rep005.npz,0.15,64,135751,5.704005154696378,6.357325584217877,11.868419950004936,28.054794520547944
c1_L64_rep005.npz,0.15,64,164773,6.559305204503676,7.257517801772231,12.742612869626537,29.681159420289855
c1_L64_rep005.npz,0.15,64,200000,7.149295609085648,7.861285693812219,13.76183202222102,32.768
c1_L64_rep006.npz,0.15,64,1,0.6214372720704542,0.7101610148602882,3.0562818608961235,4.876190476190477
c1_L64_rep006.npz,0.15,64,2,0.6509686322767315,0.7334725829477124,3.151588209920598,5.107231920199501
c1_L64_rep006.npz,0.15,64,3,0.6692498381342713,0.7674807341059393,3.2164380150084098,5.251282051282051
c1_L64_rep006.npz,0.15,64,4,0.6805781484412188,0.7727152541311973,3.2584546723464154,5.340286831812255
c1_L64_rep006.npz,0.15,64,5,0.6943363451870485,0.7843184911472434,3.3026976133988,5.446808510638298
c1_L64_rep006.npz,0.15,64,6,0.7124712892818821,0.8167636643984969,3.356811046711631,5.580381471389646
c1_L64_rep006.npz,0.15,64,7,0.7217322607309969,0.8367474221091141,3.386986367146741,5.657458563535911
c1_L64_rep006.npz,0.15,64,8,0.7358613949231657,0.8398323687612015,3.436425328580263,5.769014084507043
c1_L64_rep006.npz,0.15,64,10,0.7491271163278097,0.8754148640365479,3.4731119204357177,5.87661406025825
c1_L64_rep006.npz,0.15,64,12,0.7395337120039555,0.8568689157599629,3.4563794669669083,5.801699716713881
c1_L64_rep006.npz,0.15,64,15,0.7642575918405548,0.8796525176366561,3.550388911259947,5.997071742313324
c1_L64_rep006.npz,0.15,64,18,0.7653371861253666,0.8969146379009661,3.549911456250884,6.005865102639296
c1_L64_rep006.npz,0.15,64,22,0.7896537905787959,0.9210538766456058,3.6423430808146793,6.196671709531014
c1_L64_rep006.npz,0.15,64,27,0.8299278434085813,0.9742300878920556,3.7651395726848955,6.511923688394277
c1_L64_rep006.npz,0.15,64,33,0.85009765625,0.9998692088734589,3.831092051873923,6.671009771986971
c1_L64_rep006.npz,0.15,64,40,0.8529577368006827,0.99873784074808,3.8522020071353205,6.69281045751634
c1_L64_rep006.npz,0.15,64,48,0.9082206936447288,1.067724874571434,4.010400477390091,7.1234782608695655
c1_L64_rep006.npz,0.15,64,58,0.9322616162896764,1.098714431394383,4.095420087906526,7.314285714285714
c1_L64_rep006.npz,0.15,64,71,0.9475485585021168,1.11442982034783,4.1331454872986635,7.433756805807622
c1_L64_rep006.npz,0.15,64,86,0.9923767058957746,1.162837949668354,4.274750761035042,7.787072243346008
c1_L64_rep006.npz,0.15,64,105,1.0318412624442335,1.1872448762531809,4.360621682543211,8.015655577299412
c1_L64_rep006.npz,0.15,64,127,1.0351429696421155,1.1935028182163603,4.365991106508549,8.031372549019608
c1_L64_rep006.npz,0.15,64,154,1.051193681213038,1.222380187865093,4.414967426277095,8.110891089108911
c1_L64_rep006.npz,0.15,64,187,1.0556389190865763,1.2467705640280047,4.422236313487537,8.126984126984127
c1_L64_rep006.npz,0.15,64,227,1.0699053250826323,1.266543922999925,4.4428816905652395,8.192
c1_L64_rep006.npz,0.15,64,276,1.1645217882627246,1.3370003640677925,4.650392689965948,8.733475479744136
c1_L64_rep006.npz,0.15,64,334,1.2432268833272646,1.4022597093270623,4.798420288376108,9.16331096196868
c1_L64_rep006.npz,0.15,64,406,1.284683995912102,1.446636995662518,4.901756563883867,9.43778801843318
c1_L64_rep006.npz,0.15,64,493,1.2762122420404378,1.478839826192754,4.866342507297951,9.287981859410431
c1_L64_rep006.npz,0.15,64,598,1.3296452515514185,1.5368290702978848,4.967819449741661,9.547785547785548
c1_L64_rep006.npz,0.15,64,726,1.3535292175651297,1.5479616728209922,5.034672539622344,9.729216152019003
c1_L64_rep006.npz,0.15,64,881,1.3770674897468802,1.5760769197380213,5.060564388712052,9.77565632458234
c1_L64_rep006.npz,0.15,64,1069,1.46333997365268,1.6546216470441666,5.285105459655076,10.395939086294415
c1_L64_rep006.npz,0.15,64,1298,1.5451548855522101,1.7498034282641468,5.406681024835526,10.694516971279374
c1_L64_rep006.npz,0.15,64,1576,1.646287601829594,1.8357366579692578,5.732668264137141,11.66951566951567
c1_L64_rep006.npz,0.15,64,1912,1.6872786672491777,1.9244428617611313,5.766055956199457,11.736389684813753
c1_L64_rep006.npz,0.15,64,2321,1.8205480534078764,2.0454198415829836,6.0065511641148275,12.3003003003003
c1_L64_rep006.npz,0.15,64,2818,1.7574596584623894,2.0295497141745615,5.901964654045169,11.941690962099125
c1_L64_rep006.npz,0.15,64,3420,1.8017931741381448,2.071152985598075,5.9716496949010205,12.047058823529412
c1_L64_rep006.npz,0.15,64,4151,1.8928996106257032,2.2392459176822253,6.125788904926082,12.412121212121212
c1_L64_rep006.npz,0.15,64,5039,2.2149723039005265,2.49156005414148,6.609331827335493,13.698996655518394
c1_L64_rep006.npz,0.15,64,6116,2.217474988813371,2.51021719587489,6.675552754399999,13.884745762711864
c1_L64_rep006.npz,0.15,64,7423,2.425678771219136,2.702724826757197,7.106186810691638,15.170370370370371
c1_L64_rep006.npz,0.15,64,9010,2.25306640625,2.6077222735907566,6.787671906338736,14.075601374570446
c1_L64_rep006.npz,0.15,64,10937,2.415435049019608,2.71534128527123,7.085666904377827,15.058823529411764
c1_L64_rep006.npz,0.15,64,13275,2.527760559835552,2.8014344724942313,7.496685649555602,16.449799196787147
c1_L64_rep006.npz,0.15,64,16113,2.550251476195487,2.825324541332347,7.366187214725393,16.0
c1_L64_rep006.npz,0.15,64,19557,2.742394468838111,3.006976838519481,7.694411891909016,16.855967078189302
c1_L64_rep006.npz,0.15,64,23739,2.915778708342769,3.226374131963121,8.114621267030214,17.88646288209607
c1_L64_rep006.npz,0.15,64,28814,3.2255038382357717,3.5306939201765397,8.399761873143506,18.703196347031962
c1_L64_rep006.npz,0.15,64,34974,3.252804127470162,3.6276162460608736,8.448956003739424,18.703196347031962
c1_L64_rep006.npz,0.15,64,42451,3.5496565564287024,3.8699546426466194,8.740996525958453,19.230046948356808
c1_L64_rep006.npz,0.15,64,51526,3.6869344075520836,4.058592224571554,8.871528572385106,19.504761904761907
c1_L64_rep006.npz,0.15,64,62542,3.8267079671223962,4.1907858225062835,9.324657668693042,21.11340206185567
c1_L64_rep006.npz,0.15,64,75913,4.310893114417585,4.537907003912219,10.11521751352085,23.405714285714286
c1_L64_rep006.npz,0.15,64,92142,3.9689621978052587,4.325140206850882,9.634356307096969,22.021505376344088
c1_L64_rep006.npz,0.15,64,111841,4.18210305189948,4.683471303536592,9.669747846927516,21.22279792746114
c1_L64_rep006.npz,0.15,64,135751,4.747991273615424,5.116197310113316,10.743560495958999,24.824242424242424
c1_L64_rep006.npz,0.15,64,164773,5.042046789220862,5.2777929456234505,11.079836905818375,25.761006289308177
c1_L64_rep006.npz,0.15,64,200000,5.025874664424469,5.377336974346479,11.067903577798567,26.089171974522294
c1_L64_rep007.npz,0.15,64,1,0.6077759429768155,0.6783824926075879,2.995084401006689,4.768335273573923
c1_L64_rep007.npz,0.15,64,2,0.6342621188453261,0.7149360237013835,3.0828510105022024,4.976913730255164
c1_L64_rep007.npz,0.15,64,3,0.651807095235251,0.7291784624526985,3.148345962807815,5.1136079900124844
c1_L64_rep007.npz,0.15,64,4,0.6710105515171831,0.7533231000489021,3.2170817281366033,5.26478149100257
c1_L64_rep007.npz,0.15,64,5,0.6744074014516976,0.7624625877223212,3.2361106283264904,5.291989664082688
c1_L64_rep007.npz,0.15,64,6,0.6858975988641878,0.776369083597732,3.278516342803021,5.382391590013141
c1_L64_rep007.npz,0.15,64,7,0.6913486121579263,0.7822617141796047,3.299346981570406,5.425165562913907
c1_L64_rep007.npz,0.15,64,8,0.6959515635722299,0.7927498433077741,3.3119220891372656,5.461333333333333
c1_L64_rep007.npz,0.15,64,10,0.709818945718129,0.8088956997587531,3.3575736185167013,5.565217391304348
c1_L64_rep007.npz,0.15,64,12,0.7101509212642578,0.8095643279776137,3.362637319136696,5.572789115646258
c1_L64_rep007.npz,0.15,64,15,0.7404059808067154,0.846275638611916,3.459985611445424,5.809929078014185
c1_L64_rep007.npz,0.15,64,18,0.735528402175326,0.8441309205000093,3.445421572995804,5.769014084507043
c1_L64_rep007.npz,0.15,64,22,0.7458092930317413,0.8726295448335122,3.4750208738968285,5.851428571428571
c1_L64_rep007.npz,0.15,64,27,0.7837236650713213,0.9049629122274009,3.59997356650276,6.15015015015015
c1_L64_rep007.npz,0.15,64,33,0.7981710962708686,0.9259143199291,3.651961990945711,6.2629969418960245
c1_L64_rep007.npz,0.15,64,40,0.812624101428574,0.9411459739307331,3.695266056512139,6.370139968895801
c1_L64_rep007.npz,0.15,64,48,0.843603040847622,0.9927152106123511,3.7871109326899863,6.617124394184168
c1_L64_rep007.npz,0.15,64,58,0.8518675613809572,0.9952873228271155,3.8301747026873794,6.68189233278956
c1_L64_rep007.npz,0.15,64,71,0.8560033341897293,1.033491379006286,3.8419400969744246,6.714754098360656
c1_L64_rep007.npz,0.15,64,86,0.8863050836971202,1.068425291545894,3.9529374591998727,6.954159592529711
c1_L64_rep007.npz,0.15,64,105,0.9157305037131113,1.112675061195329,4.016220954403088,7.185964912280702
c1_L64_rep007.npz,0.15,64,127,0.9756567735610955,1.165093514517909,4.227995947755732,7.6560747663551405
c1_L64_rep007.npz,0.15,64,154,1.0684092352933314,1.2709729134629775,4.4006298354200855,8.159362549800797
c1_L64_rep007.npz,0.15,64,187,1.0811537839053722,1.2664176752117677,4.45774067328445,8.241448692152918
c1_L64_rep007.npz,0.15,64,227,1.0793711959484011,1.279168247558399,4.466055291521544,8.241448692152918
c1_L64_rep007.npz,0.15,64,276,1.091612115942111,1.3008803474484631,4.487991994778462,8.308316430020284
c1_L64_rep007.npz,0.15,64,334,1.1878583220397534,1.3850513598528358,4.686118675746065,8.808602150537634
c1_L64_rep007.npz,0.15,64,406,1.2330627254917341,1.4223457980819851,4.787830634326334,9.082039911308204
c1_L64_rep007.npz,0.15,64,493,1.330915700619171,1.5070524689281877,4.969798082010478,9.660377358490566
c1_L64_rep007.npz,0.15,64,598,1.3489863540697107,1.5181350771565565,5.038467802345732,9.77565632458234
c1_L64_rep007.npz,0.15,64,726,1.3616845326501532,1.5437137396243188,5.084974953418383,9.86987951807229
c1_L64_rep007.npz,0.15,64,881,1.4189249296016864,1.6009903015672937,5.248129833045183,10.317380352644836
c1_L64_rep007.npz,0.15,64,1069,1.469255255672694,1.6850786575539214,5.310505085785463,10.475703324808185
c1_L64_rep007.npz,0.15,64,1298,1.5379873041041292,1.7519877832083042,5.408963870266061,10.694516971279374
c1_L64_rep007.npz,0.15,64,1576,1.5759051827823414,1.7916325991485915,5.529468518935835,11.07027027027027
c1_L64_rep007.npz,0.15,64,1912,1.596915766345167,1.8347097831252412,5.619313375505289,11.221917808219178
c1_L64_rep007.npz,0.15,64,2321,1.7578758259770753,1.9975702919003115,5.934054715599874,12.226865671641791
c1_L64_rep007.npz,0.15,64,2818,1.7856368415099753,2.076917318953716,5.974642499261486,12.226865671641791
c1_L64_rep007.npz,0.15,64,3420,1.8885201326584546,2.1726447396676667,6.095419541618941,12.44984802431611
c1_L64_rep007.npz,0.15,64,4151,1.9040402894255997,2.174684376694862,6.165170631248132,12.7601246105919
c1_L64_rep007.npz,0.15,64,5039,2.0235941121866414,2.2962379766498957,6.272207826473511,12.880503144654089
c1_L64_rep007.npz,0.15,64,6116,1.9762234803979095,2.345337217082364,6.302014814979459,12.880503144654089
c1_L64_rep007.npz,0.15,64,7423,2.331286063245548,2.56276113471051,6.982978361432279,14.894545454545455
c1_L64_rep007.npz,0.15,64,9010,2.255702527792619,2.5824795728152736,6.771498077735945,14.27177700348432
c1_L64_rep007.npz,0.15,64,10937,2.332128261512434,2.7100445475680948,6.930248011647812,14.628571428571428
c1_L64_rep007.npz,0.15,64,13275,2.744866411258013,3.0100167661913764,7.8582560300514865,17.429787234042553
c1_L64_rep007.npz,0.15,64,16113,2.662469374567543,2.9816153159957883,7.38331017024791,15.693486590038313
c1_L64_rep007.npz,0.15,64,19557,2.8788325623150586,3.1423215061919603,8.084851119623309,18.285714285714285
c1_L64_rep007.npz,0.15,64,23739,2.882540365641364,3.1856975131513288,8.140160970363517,18.367713004484305
c1_L64_rep007.npz,0.15,64,28814,2.844035128825168,3.1471048329426754,7.81019334139313,16.925619834710744
c1_L64_rep007.npz,0.15,64,34974,2.9540752942049044,3.3033643144446474,8.1431092804308,18.204444444444444
c1_L64_rep007.npz,0.15,64,42451,3.43580621198769,3.725800608630413,8.936848524193154,20.177339901477833
c1_L64_rep007.npz,0.15,64,51526,3.5911814722521553,3.956836588447059,9.256612786198689,20.897959183673468
c1_L64_rep007.npz,0.15,64,62542,3.82164120016839,4.43634268870455,9.536081886988514,21.67195767195767
c1_L64_rep007.npz,0.15,64,75913,4.414336695815578,4.8852189766583205,10.145476158921902,23.405714285714286
c1_L64_rep007.npz,0.15,64,92142,4.370264693859012,4.923594232725419,10.098350933987883,22.505494505494507
c1_L64_rep007.npz,0.15,64,111841,5.505267518939394,5.980274342163671,11.200557852076791,25.28395061728395
c1_L64_rep007.npz,0.15,64,135751,6.117082119746126,6.507054569833689,12.859260956972353,31.267175572519083
c1_L64_rep007.npz,0.15,64,164773,6.017091663996971,6.331084838391174,12.356331373104267,28.845070422535212
c1_L64_rep007.npz,0.15,64,200000,6.084025065104166,6.404502694076618,12.599459052056888,29.681159420289855
c1_L96_rep000.npz,0.15,96,1,0.6034267416933079,0.6701012226350822,2.9862042129402346,4.733436055469953
c1_L96_rep000.npz,0.15,96,2,0.6268758456958072,0.7019196289702145,3.065083992681833,4.9178228388473855
c1_L96_rep000.npz,0.15,96,3,0.6456042739077222,0.7291196359416934,3.130143477798946,5.0637362637362635
c1_L96_rep000.npz,0.15,96,4,0.6585805193007028,0.7460242190382713,3.1766390085543272,5.165919282511211
c1_L96_rep000.npz,0.15,96,5,0.6740372877887537,0.7674510151588485,3.2296134084876917,5.287435456110155
c1_L96_rep000.npz,0.15,96,6,0.6862234018047333,0.7877424891062017,3.2663255318639477,5.380035026269702
c1_L96_rep000.npz,0.15,96,7,0.6975999564223594,0.7965257154323349,3.3075784471963696,5.4694362017804155
c1_L96_rep000.npz,0.15,96,8,0.7033366813338162,0.8058071333892356,3.3240876309655008,5.515260323159785
c1_L96_rep000.npz,0.15,96,10,0.7086888937134339,0.8198426626504316,3.341919343527898,5.558504221954162
c1_L96_rep000.npz,0.15,96,12,0.7216144660781003,0.83616519719852,3.387127898981419,5.660933660933661
c1_L96_rep000.npz,0.15,96,15,0.7220866547864235,0.8346781905455471,3.394815733529599,5.66441303011678
c1_L96_rep000.npz,0.15,96,18,0.7338491263862592,0.8583212268785061,3.4375622134999495,5.756402248594629
c1_L96_rep000.npz,0.15,96,22,0.7566416553187952,0.8906263403657746,3.5141752324708047,5.934320669671604
c1_L96_rep000.npz,0.15,96,27,0.7744133135453903,0.9098132954092357,3.5715171769225345,6.075148319050759
c1_L96_rep000.npz,0.15,96,33,0.7900205204597874,0.9297709248397161,3.6247707406961456,6.197713517148621
c1_L96_rep000.npz,0.15,96,40,0.8118624963599541,0.9522092978899224,3.70245223418053,6.369039391845197
c1_L96_rep000.npz,0.15,96,48,0.8350614822836253,0.9722106533333772,3.7773195380400457,6.550106609808102
c1_L96_rep000.npz,0.15,96,58,0.8608337715495102,1.0207586830163602,3.85998331622746,6.751648351648352
c1_L96_rep000.npz,0.15,96,71,0.8976794571488729,1.071057518635385,3.9740189635003103,7.040488922841863
c1_L96_rep000.npz,0.15,96,86,0.9307700103338079,1.091876346550905,4.079301987337036,7.296912114014251
c1_L96_rep000.npz,0.15,96,105,0.932328068109957,1.1218797358051418,4.090885064846213,7.308485329103886
c1_L96_rep000.npz,0.15,96,127,0.9905340182639603,1.1775459651019644,4.276695210104614,7.770657672849916
c1_L96_rep000.npz,0.15,96,154,1.011693851139694,1.208006929691381,4.315543775418833,7.897172236503857
c1_L96_rep000.npz,0.15,96,187,1.0590154841718373,1.2551498296431487,4.416454627002602,8.141342756183747
c1_L96_rep000.npz,0.15,96,227,1.0694004450014947,1.2815196420571877,4.433104430774415,8.184724689165186
c1_L96_rep000.npz,0.15,96,276,1.1399958964166599,1.3167446782511651,4.577441835095379,8.581005586592179
c1_L96_rep000.npz,0.15,96,334,1.1445950558082036,1.3428950588448154,4.591494835756878,8.581005586592179
c1_L96_rep000.npz,0.15,96,406,1.2131084297558306,1.394999770649585,4.741078085943147,8.973709834469329
c1_L96_rep000.npz,0.15,96,493,1.2534138710557226,1.4565269928954883,4.809147715767825,9.1519364448858
c1_L96_rep000.npz,0.15,96,598,1.343015784188053,1.5314117474865803,5.002637602217999,9.670514165792236
c1_L96_rep000.npz,0.15,96,726,1.358571909385711,1.5530172944812985,5.053621189506951,9.835645677694771
c1_L96_rep000.npz,0.15,96,881,1.3666373024637637,1.5751056999440518,5.059909418570195,9.825159914712152
c1_L96_rep000.npz,0.15,96,1069,1.4204203037550285,1.6077269588931973,5.161451846225538,10.072131147540983
c1_L96_rep000.npz,0.15,96,1298,1.5137748583169848,1.713516678873714,5.386196779648188,10.666666666666666
c1_L96_rep000.npz,0.15,96,1576,1.5756032239966231,1.7899762024981754,5.526165612432336,11.063625450180071
c1_L96_rep000.npz,0.15,96,1912,1.6230544070890596,1.8440831515934626,5.6155162020383225,11.266503667481663
c1_L96_rep000.npz,0.15,96,2321,1.721992605920931,1.9738104668900438,5.821195552744198,11.815384615384614
c1_L96_rep000.npz,0.15,96,2818,1.791806225921694,2.0412192059707115,5.951047600409516,12.19047619047619
c1_L96_rep000.npz,0.15,96,3420,1.8915006724372074,2.1380442631969654,6.158179598377627,12.65934065934066
c1_L96_rep000.npz,0.15,96,4151,1.9554908889028328,2.2264810023398445,6.335086736596422,13.203438395415473
c1_L96_rep000.npz,0.15,96,5039,2.0842598550631037,2.3398810845482556,6.608118481967087,13.921450151057401
c1_L96_rep000.npz,0.15,96,6116,2.1814329924406817,2.4093641287485026,6.6628360301897205,14.091743119266054
c1_L96_rep000.npz,0.15,96,7423,2.3361278885653594,2.600400776764138,7.033999198782211,15.133004926108374
c1_L96_rep000.npz,0.15,96,9010,2.3375720381164835,2.591983519862011,6.972519960412731,14.816720257234726
c1_L96_rep000.npz,0.15,96,10937,2.4279242752701538,2.7170015435100767,7.065259986401445,15.058823529411764
c1_L96_rep000.npz,0.15,96,13275,2.5161483979928017,2.80898457280989,7.354006874413995,15.917098445595856
c1_L96_rep000.npz,0.15,96,16113,2.57487436141059,2.9577819840624064,7.3325167637659945,15.593908629441623
c1_L96_rep000.npz,0.15,96,19557,2.843279042543908,3.2904261048125667,7.778548115509473,16.817518248175183
c1_L96_rep000.npz,0.15,96,23739,3.131476883403514,3.5444185370345034,8.27215617020446,18.213438735177867
c1_L96_rep000.npz,0.15,96,28814,3.4108277552460557,3.834720756967696,8.79394724720747,19.56687898089172
c1_L96_rep000.npz,0.15,96,34974,3.6666345643494482,4.146541292505668,9.198653235827097,20.710112359550564
c1_L96_rep000.npz,0.15,96,42451,4.096602859365431,4.477333623885843,9.652187733393623,21.890736342042754
c1_L96_rep000.npz,0.15,96,51526,4.2030747708865395,4.503182666300921,9.852955008884651,22.26086956521739
c1_L96_rep000.npz,0.15,96,62542,4.179729912229005,4.499378848386067,9.766548144040492,22.047846889952154
c1_L96_rep000.npz,0.15,96,75913,4.208450075012136,4.584062756874264,10.068918881185066,23.04
c1_L96_rep000.npz,0.15,96,92142,4.285664899136035,4.743592273063553,9.881824842422212,21.890736342042754
c1_L96_rep000.npz,0.15,96,111841,4.474159277149095,4.9601519463092085,10.445612540212577,24.0
c1_L96_rep000.npz,0.15,96,135751,4.481433947990617,4.914922367344436,10.350427499284443,23.691516709511568
c1_L96_rep000.npz,0.15,96,164773,4.882654340060117,5.363639993471928,10.841270806122136,24.908108108108106
c1_L96_rep000.npz,0.15,96,200000,5.583937680653531,6.106695532840965,11.78309237096509,27.428571428571427
c1_L96_rep001.npz,0.15,96,1,0.6068292447474288,0.6712750048315433,2.995639368284479,4.760330578512397
c1_L96_rep001.npz,0.15,96,2,0.6288893839784411,0.7108971494685784,3.0699864363883123,4.9336188436830835
c1_L96_rep001.npz,0.15,96,3,0.6544788391222209,0.740563427236967,3.1582241887487665,5.1342618384401115
c1_L96_rep001.npz,0.15,96,4,0.6682400821728594,0.757196311408954,3.2052048104789477,5.242320819112628
c1_L96_rep001.npz,0.15,96,5,0.676881146831076,0.7644341883099488,3.2320625508437373,5.308755760368664
c1_L96_rep001.npz,0.15,96,6,0.6806704969769584,0.766294879458679,3.2536361538992233,5.339513325608343
c1_L96_rep001.npz,0.15,96,7,0.6886512900592199,0.7772222683829134,3.281594386358648,5.402110199296601
c1_L96_rep001.npz,0.15,96,8,0.6971891433221449,0.7958940216485548,3.3102526434361383,5.4694362017804155
c1_L96_rep001.npz,0.15,96,10,0.7158829426390917,0.8209570116843916,3.3717951073193273,5.616087751371115
c1_L96_rep001.npz,0.15,96,12,0.7211760848515766,0.821993305995526,3.3958021748489284,5.657458563535911
c1_L96_rep001.npz,0.15,96,15,0.7256418871487503,0.8373707442237701,3.409433049201707,5.692402717726992
c1_L96_rep001.npz,0.15,96,18,0.7384136650304489,0.8483939693209537,3.451904460078151,5.792583280955374
c1_L96_rep001.npz,0.15,96,22,0.7516751050722397,0.8745757278407913,3.493406718562832,5.8963531669865645
c1_L96_rep001.npz,0.15,96,27,0.7775702871553232,0.8943629451897841,3.588279639404565,6.099272005294507
c1_L96_rep001.npz,0.15,96,33,0.7949764085723245,0.9179463064446645,3.644811534765019,6.2354533152909335
c1_L96_rep001.npz,0.15,96,40,0.823917697422696,0.9559434191321629,3.7370439156099393,6.458304134548003
c1_L96_rep001.npz,0.15,96,48,0.836428726903195,0.9851751785822485,3.7724666356968886,6.554765291607397
c1_L96_rep001.npz,0.15,96,58,0.8570421968183659,1.0028736396626283,3.8466203996399306,6.717201166180757
c1_L96_rep001.npz,0.15,96,71,0.8747325722893857,1.0295273646881178,3.9111021064171405,6.862248696947133
c1_L96_rep001.npz,0.15,96,86,0.9156491228322188,1.0731270302222067,4.03333148029413,7.183164458300858
c1_L96_rep001.npz,0.15,96,105,0.9543897591328583,1.127930800845745,4.152743574557161,7.48659626320065
c1_L96_rep001.npz,0.15,96,127,0.9791407216607025,1.1465071546770287,4.218032283889931,7.68
c1_L96_rep001.npz,0.15,96,154,0.9946282756695637,1.1811626449879973,4.256784440978147,7.796954314720812
c1_L96_rep001.npz,0.15,96,187,1.053017496363138,1.2150422162507464,4.4024364509633,8.126984126984127
c1_L96_rep001.npz,0.15,96,227,1.073239562331988,1.2597091598776502,4.43220903889601,8.221231043710972
c1_L96_rep001.npz,0.15,96,276,1.0890066086417902,1.2725802580541044,4.475434756236754,8.302702702702703
c1_L96_rep001.npz,0.15,96,334,1.1591697125492675,1.3364152650153729,4.626966524286044,8.69433962264151
c1_L96_rep001.npz,0.15,96,406,1.1430043405034866,1.3537704920614917,4.588360831407389,8.541241890639482
c1_L96_rep001.npz,0.15,96,493,1.2272802445732445,1.437437100303627,4.777505401402112,9.008797653958943
c1_L96_rep001.npz,0.15,96,598,1.2605476632811046,1.4626899124707449,4.828037945395313,9.179282868525897
c1_L96_rep001.npz,0.15,96,726,1.3161783384665462,1.5225656888645982,4.952490337474826,9.49124613800206
c1_L96_rep001.npz,0.15,96,881,1.4015093037441493,1.6144080693795018,5.122834192411882,9.974025974025974
c1_L96_rep001.npz,0.15,96,1069,1.4808045362848916,1.6908385491826086,5.3136240598050986,10.472727272727273
c1_L96_rep001.npz,0.15,96,1298,1.584159097890659,1.7793525651583721,5.529758308710229,11.063625450180071
c1_L96_rep001.npz,0.15,96,1576,1.6517962539478004,1.8590377175689903,5.658523948334183,11.377777777777778
c1_L96_rep001.npz,0.15,96,1912,1.7133937463761053,1.9476424989857868,5.787137805509827,11.725190839694656
c1_L96_rep001.npz,0.15,96,2321,1.7860768896901695,2.0308127162088643,5.901531049187127,12.031331592689295
c1_L96_rep001.npz,0.15,96,2818,1.842917154839913,2.082589372949749,6.196478105159511,12.9438202247191
c1_L96_rep001.npz,0.15,96,3420,1.8398407320623178,2.0988044777139345,6.059460103069398,12.403768506056528
c1_L96_rep001.npz,0.15,96,4151,1.9799713691083207,2.2079346082778883,6.299453014456818,13.072340425531916
c1_L96_rep001.npz,0.15,96,5039,2.04110615768712,2.3283295277797293,6.559662115611403,13.837837837837839
c1_L96_rep001.npz,0.15,96,6116,2.1273759552798914,2.379216745345663,6.587919334924677,13.817091454272862
c1_L96_rep001.npz,0.15,96,7423,2.1483128044291084,2.406775072603508,6.625705649811261,13.900452488687781
c1_L96_rep001.npz,0.15,96,9010,2.191605153746387,2.483483030321999,6.708060635805617,14.027397260273972
c1_L96_rep001.npz,0.15,96,10937,2.2622693004882066,2.54855558845682,6.908850612527209,14.722044728434504
c1_L96_rep001.npz,0.15,96,13275,2.410427736499981,2.7024805566192622,7.227007529852201,15.620338983050846
c1_L96_rep001.npz,0.15,96,16113,2.531219802587674,2.808258405024917,7.349683664401945,15.807890222984565
c1_L96_rep001.npz,0.15,96,19557,2.7517800731200817,3.072119355891827,7.630236103282198,16.427807486631014
c1_L96_rep001.npz,0.15,96,23739,2.979292369417156,3.3067172717204567,7.952344106070155,17.258426966292134
c1_L96_rep001.npz,0.15,96,28814,3.087896523906939,4.0458095083104695,8.32248325214358,18.468937875751504
c1_L96_rep001.npz,0.15,96,34974,3.2629180715118213,4.1010344541857595,8.504946214147287,18.924024640657084
c1_L96_rep001.npz,0.15,96,42451,3.550794406720655,3.9625174209613903,9.005592126384567,19.991323210412148
c1_L96_rep001.npz,0.15,96,51526,3.548535592136705,4.096536921303368,8.664395715121037,18.769857433808554
c1_L96_rep001.npz,0.15,96,62542,3.8668785137988593,4.336776098248217,9.448825828336755,21.235023041474655
c1_L96_rep001.npz,0.15,96,75913,4.36448698127208,4.698524603502575,9.993590827211861,22.69950738916256
c1_L96_rep001.npz,0.15,96,92142,4.401354223186829,4.75732668495783,10.110477505951286,22.92537313432836
c1_L96_rep001.npz,0.15,96,111841,4.514673849870116,5.017546694645532,10.475908018174222,24.25263157894737
c1_L96_rep001.npz,0.15,96,135751,5.071701210749591,5.658940506656396,11.042360655095733,25.043478260869566
c1_L96_rep001.npz,0.15,96,164773,5.506003779717013,5.944925350237389,12.001660865156934,28.26993865030675
c1_L96_rep001.npz,0.15,96,200000,5.72128750552674,6.1255626463367765,11.624084770508553,26.713043478260868
c1_L96_rep002.npz,0.15,96,1,0.6109130084888786,0.679757436634784,3.0198755385704916,4.792511700468019
c1_L96_rep002.npz,0.15,96,2,0.6483293947877158,0.7289709713080856,3.1456170669856385,5.086092715231787
c1_L96_rep002.npz,0.15,96,3,0.6570648824863057,0.7498988045739357,3.1704397980357144,5.154362416107383
c1_L96_rep002.npz,0.15,96,4,0.679838863622663,0.7716963825943244,3.254301012345063,5.333333333333333
c1_L96_rep002.npz,0.15,96,5,0.6878221623286251,0.7886932824872874,3.2778510884359657,5.395784543325527
c1_L96_rep002.npz,0.15,96,6,0.692286001309237,0.7940527428525559,3.2913245131827327,5.430760164997054
c1_L96_rep002.npz,0.15,96,7,0.6984304296307305,0.8093571803535997,3.311037202400736,5.479191438763377
c1_L96_rep002.npz,0.15,96,8,0.70226018743206,0.8157684385699534,3.3246528656960503,5.508667065152421
c1_L96_rep002.npz,0.15,96,10,0.7270456384221267,0.8457268561529221,3.4076998772507063,5.702970297029704
c1_L96_rep002.npz,0.15,96,12,0.7315375225347629,0.8540016042840477,3.430382363774033,5.738480697384807
c1_L96_rep002.npz,0.15,96,15,0.7559901098140944,0.8797330149354163,3.518201771600763,5.930501930501931
c1_L96_rep002.npz,0.15,96,18,0.7623518647295779,0.8922936842482223,3.5358918562829924,5.980532121998702
c1_L96_rep002.npz,0.15,96,22,0.7688232953307039,0.9016840125141363,3.5552056589482204,6.031413612565445
c1_L96_rep002.npz,0.15,96,27,0.791640244917841,0.9235533883719238,3.636126224100924,6.210242587601078
c1_L96_rep002.npz,0.15,96,33,0.8013369595081095,0.9387575980071785,3.6712365393978357,6.286493860845839
c1_L96_rep002.npz,0.15,96,40,0.8344071873136301,0.9704000131547278,3.779696170472144,6.545454545454545
c1_L96_rep002.npz,0.15,96,48,0.8543930400726932,0.9975398493745318,3.838432344237207,6.702545454545455
c1_L96_rep002.npz,0.15,96,58,0.8603614767349723,1.015146381466678,3.864047369843968,6.746705710102489
c1_L96_rep002.npz,0.15,96,71,0.8869796141745876,1.0402519321622714,3.9467631618238768,6.955471698113207
c1_L96_rep002.npz,0.15,96,86,0.9338409060323742,1.0859823754507956,4.088227020439847,7.325914149443562
c1_L96_rep002.npz,0.15,96,105,0.9376301100757043,1.1084177346991635,4.105491600480945,7.3551476456504385
c1_L96_rep002.npz,0.15,96,127,0.9346033532766345,1.1093189313126728,4.101810487789981,7.3317422434367545
c1_L96_rep002.npz,0.15,96,154,0.9749857973253468,1.150238491423047,4.218910138260956,7.648132780082988
c1_L96_rep002.npz,0.15,96,187,1.0379468085964487,1.214186606193322,4.3700259740439344,8.041884816753926
c1_L96_rep002.npz,0.15,96,227,1.068500384487784,1.253042737196994,4.44048573949873,8.199288256227758
c1_L96_rep002.npz,0.15,96,276,1.1549128204757015,1.3324931571293852,4.612443674037868,8.653521126760564
c1_L96_rep002.npz,0.15,96,334,1.1868621010751994,1.3807878603472634,4.67752024579504,8.802292263610315
c1_L96_rep002.npz,0.15,96,406,1.234696424024142,1.4331600310479187,4.778105053357293,9.079802955665025
c1_L96_rep002.npz,0.15,96,493,1.3113974135893187,1.5016519598603004,4.948161846839071,9.520661157024794
c1_L96_rep002.npz,0.15,96,598,1.4004210699194553,1.5846627627451606,5.169714461263841,10.11635565312843
c1_L96_rep002.npz,0.15,96,726,1.45052996080201,1.6441719238855297,5.26867321094716,10.4135593220339
c1_L96_rep002.npz,0.15,96,881,1.4720129588293644,1.6637059416163607,5.305836046784079,10.425339366515836
c1_L96_rep002.npz,0.15,96,1069,1.5268941683257482,1.7479594183126161,5.385793465491225,10.64203233256351
c1_L96_rep002.npz,0.15,96,1298,1.628584501260597,1.869502609888396,5.59638615575624,11.184466019417476
c1_L96_rep002.npz,0.15,96,1576,1.6817444045411838,1.9200431174294068,5.720318599856291,11.50561797752809
c1_L96_rep002.npz,0.15,96,1912,1.7673037230004516,2.0210874497248392,5.924050480395789,12.094488188976378
c1_L96_rep002.npz,0.15,96,2321,1.8220610829230708,2.0944852580321767,6.053197302936441,12.437246963562753
c1_L96_rep002.npz,0.15,96,2818,1.858097901609555,2.122300295541109,6.078054816021019,12.487804878048781
c1_L96_rep002.npz,0.15,96,3420,1.9365429852947191,2.2300982944357104,6.2831673039780425,13.035360678925034
c1_L96_rep002.npz,0.15,96,4151,2.0902226315476327,2.350339740919973,6.55245680560959,13.77578475336323
c1_L96_rep002.npz,0.15,96,5039,2.0504396304556414,2.3345411361053516,6.502990898581832,13.592920353982302
c1_L96_rep002.npz,0.15,96,6116,2.1529144808408054,2.427209781124822,6.6269207951079405,13.921450151057401
c1_L96_rep002.npz,0.15,96,7423,2.3231675678207067,2.577334197621507,6.917885647293117,14.76923076923077
c1_L96_rep002.npz,0.15,96,9010,2.2772891307740313,2.6087242433458924,6.853998108203608,14.467817896389326
c1_L96_rep002.npz,0.15,96,10937,2.2577527602215968,2.609722395102902,6.804352427898775,14.266253869969042
c1_L96_rep002.npz,0.15,96,13275,2.510594897096288,2.7963278850029574,7.339920968964925,15.944636678200691
c1_L96_rep002.npz,0.15,96,16113,2.7389602122742476,3.0014611987109827,7.673148705799084,16.72595281306715
c1_L96_rep002.npz,0.15,96,19557,2.9040045204402514,3.185302794415745,8.005901754004608,17.757225433526013
c1_L96_rep002.npz,0.15,96,23739,3.0307089793060884,3.3428331285761796,8.347435048728858,18.808163265306124
c1_L96_rep002.npz,0.15,96,28814,3.032377561674436,3.418518643262187,8.058911353568622,17.520912547528518
c1_L96_rep002.npz,0.15,96,34974,3.196424081771573,3.540893617693364,8.487338294181434,18.731707317073173
c1_L96_rep002.npz,0.15,96,42451,3.3874750381256895,3.7668684596166413,8.902771105399646,20.07843137254902
c1_L96_rep002.npz,0.15,96,51526,3.3954457835053033,3.919989698117167,8.69536928384529,18.885245901639344
c1_L96_rep002.npz,0.15,96,62542,3.9093579461597425,4.286456811873203,9.572959239065929,21.78723404255319
c1_L96_rep002.npz,0.15,96,75913,3.917744145640728,4.286518512545011,9.281338093754242,20.617449664429532
c1_L96_rep002.npz,0.15,96,92142,4.160102256777883,4.543114447650719,9.817170044224463,22.368932038834952
c1_L96_rep002.npz,0.15,96,111841,4.667963605171278,5.154556329427909,10.565046850238142,24.0
c1_L96_rep002.npz,0.15,96,135751,5.053124561588101,5.528880561564868,11.59210377377461,27.759036144578317
c1_L96_rep002.npz,0.15,96,164773,5.4744398762746425,6.07152457610475,11.649585278320673,26.790697674418606
c1_L96_rep002.npz,0.15,96,200000,5.4842052863871285,6.204830729637718,11.448920886207775,26.033898305084744
c1_L96_rep003.npz,0.15,96,1,0.610324383520273,0.6757932258706152,3.010844660510557,4.7875324675324675
c1_L96_rep003.npz,0.15,96,2,0.6402648185796518,0.7183795084970974,3.1124524810151715,5.022343324250682
c1_L96_rep003.npz,0.15,96,3,0.6567855983259994,0.7385162341691227,3.1718579303639958,5.151481274455003
c1_L96_rep003.npz,0.15,96,4,0.6670986597643872,0.757045912210114,3.2036030983293373,5.230419977298524
c1_L96_rep003.npz,0.15,96,5,0.6802701518318918,0.7729854642771505,3.253062689866775,5.3364215402431965
c1_L96_rep003.npz,0.15,96,6,0.6886058600173253,0.7850642097840465,3.2810701794080406,5.402110199296601
c1_L96_rep003.npz,0.15,96,7,0.6980570877518253,0.7966330177840995,3.315895718898412,5.475935828877005
c1_L96_rep003.npz,0.15,96,8,0.7060508448592487,0.8054499633194951,3.3425058975805824,5.538461538461538
c1_L96_rep003.npz,0.15,96,10,0.7180952787245317,0.8230217532145623,3.3829828739882495,5.6332518337408315
c1_L96_rep003.npz,0.15,96,12,0.7185143541877087,0.8275913060802356,3.3884521327279185,5.636697247706422
c1_L96_rep003.npz,0.15,96,15,0.7365616675428899,0.8551155091908702,3.4454509633048156,5.778056426332288
c1_L96_rep003.npz,0.15,96,18,0.7493310832445607,0.8739349207573152,3.4888076431948716,5.877551020408163
c1_L96_rep003.npz,0.15,96,22,0.7688338328043205,0.905067777685642,3.5507111858742944,6.031413612565445
c1_L96_rep003.npz,0.15,96,27,0.784771172483193,0.9263019108537867,3.6116557117521104,6.156312625250501
c1_L96_rep003.npz,0.15,96,33,0.7928934897223331,0.932622245600198,3.635304277835615,6.218623481781377
c1_L96_rep003.npz,0.15,96,40,0.8130017657833202,0.9665564110143368,3.70928395265624,6.377854671280278
c1_L96_rep003.npz,0.15,96,48,0.8459178085006511,0.9922444879675807,3.809604069715841,6.634989200863931
c1_L96_rep003.npz,0.15,96,58,0.8650737665434716,1.0173716039242926,3.875810927095021,6.786450662739322
c1_L96_rep003.npz,0.15,96,71,0.8692246331097815,1.0275046719417231,3.8864918996239224,6.811529933481153
c1_L96_rep003.npz,0.15,96,86,0.918590834315508,1.0869961584946377,4.022833634940736,7.199999999999999
c1_L96_rep003.npz,0.15,96,105,0.9466537958009056,1.1105177162787632,4.126296966463533,7.4262691377921035
c1_L96_rep003.npz,0.15,96,127,0.9744204341425984,1.1517801628512765,4.209221192074807,7.641791044776119
c1_L96_rep003.npz,0.15,96,154,0.988029824573632,1.193625177729741,4.245742093907487,7.751051303616484
c1_L96_rep003.npz,0.15,96,187,1.0269717134705352,1.2120287114854291,4.34235520505342,7.979220779220778
c1_L96_rep003.npz,0.15,96,227,1.0787100377537218,1.2463224027348425,4.441349461494488,8.258064516129032
c1_L96_rep003.npz,0.15,96,276,1.085904479387516,1.273951262451516,4.468837826267943,8.287769784172662
c1_L96_rep003.npz,0.15,96,334,1.1286514178414069,1.312083822022466,4.53969752957296,8.501845018450185
c1_L96_rep003.npz,0.15,96,406,1.1732568308674092,1.3483243120419957,4.6495707362604835,8.7438330170778
c1_L96_rep003.npz,0.15,96,493,1.2614357519209909,1.4382906159399091,4.855570481815312,9.299697275479314
c1_L96_rep003.npz,0.15,96,598,1.2975376246117896,1.4732526800792027,4.907897073183192,9.442622950819672
c1_L96_rep003.npz,0.15,96,726,1.3438842446421728,1.5332051684551655,5.025341982557495,9.721518987341772
c1_L96_rep003.npz,0.15,96,881,1.3644725943927145,1.5495982339457075,5.0643028115492745,9.804255319148936
c1_L96_rep003.npz,0.15,96,1069,1.4279359095377409,1.646143868039699,5.215537007934034,10.217294900221729
c1_L96_rep003.npz,0.15,96,1298,1.5331917658888965,1.7557131927050933,5.42869433474777,10.791569086651053
c1_L96_rep003.npz,0.15,96,1576,1.5490211789751986,1.7935672220369334,5.448703758282142,10.791569086651053
c1_L96_rep003.npz,0.15,96,1912,1.5991103302404606,1.8308152593956155,5.541006594149017,10.99761336515513
c1_L96_rep003.npz,0.15,96,2321,1.716418519760083,1.9843825231108099,5.857022489295556,11.891612903225806
c1_L96_rep003.npz,0.15,96,2818,1.8868672628923573,2.1719179589162163,6.236343698590684,12.9438202247191
c1_L96_rep003.npz,0.15,96,3420,1.8646035366428295,2.201554962956741,6.074071022650578,12.337349397590362
c1_L96_rep003.npz,0.15,96,4151,2.0658893422546294,2.413871270607266,6.620891555510226,13.963636363636365
c1_L96_rep003.npz,0.15,96,5039,2.0205247406781597,2.373871759491581,6.385465467348596,13.09090909090909
c1_L96_rep003.npz,0.15,96,6116,2.2610691243591168,2.5335321210611026,6.797523543632409,14.288372093023256
c1_L96_rep003.npz,0.15,96,7423,2.3371276134012993,2.6084328666972665,7.053625639512927,15.108196721311478
c1_L96_rep003.npz,0.15,96,9010,2.4075013040126922,2.7101746926394763,7.200721594583137,15.541315345699832
c1_L96_rep003.npz,0.15,96,10937,2.477072144912249,2.760349206992001,7.286163137933001,15.700170357751276
c1_L96_rep003.npz,0.15,96,13275,2.5641347332250524,2.8742782803417564,7.318691648769211,15.753846153846155
c1_L96_rep003.npz,0.15,96,16113,2.6123809007109786,2.9557329107342465,7.480268760830117,16.140105078809107
c1_L96_rep003.npz,0.15,96,19557,2.901264327277582,3.23812912825953,7.92187369244924,17.29080675422139
c1_L96_rep003.npz,0.15,96,23739,3.2123373246523066,3.555099077461043,8.450331850332349,18.65587044534413
c1_L96_rep003.npz,0.15,96,28814,3.513102867119991,3.852748975662097,9.087126720187303,20.525612472160358
c1_L96_rep003.npz,0.15,96,34974,3.6108514864442807,4.026447819030778,8.885114244287372,19.608510638297872
c1_L96_rep003.npz,0.15,96,42451,3.612672590274104,4.0733111302316125,9.113828032118452,20.29955947136564
c1_L96_rep003.npz,0.15,96,51526,3.961499927662033,4.2962420374472,9.61287875115311,21.735849056603772
c1_L96_rep003.npz,0.15,96,62542,4.063312126115523,4.468752940605562,9.851522464241127,22.423357664233578
c1_L96_rep003.npz,0.15,96,75913,4.622287676338458,4.965533598193943,10.53803838215545,24.316622691292874
c1_L96_rep003.npz,0.15,96,92142,4.762076295452351,5.126972928531016,10.480323273642743,23.752577319587626
c1_L96_rep003.npz,0.15,96,111841,5.020397138125951,5.395567581165887,11.296837663348812,26.406876790830946
c1_L96_rep003.npz,0.15,96,135751,4.955037438077482,5.422061599609176,11.374695555517471,26.86880466472303
c1_L96_rep003.npz,0.15,96,164773,5.16824526266676,nan,11.127992289003776,25.24931506849315
c1_L96_rep003.npz,0.15,96,200000,5.232777678490375,nan,11.303001163780657,25.529085872576175
c1_L96_rep004.npz,0.15,96,1,0.6086865433911646,0.6749880922653066,2.996418686505589,4.775129533678756
c1_L96_rep004.npz,0.15,96,2,0.6324148739759328,0.7082382598535198,3.082228896245301,4.960172228202368
c1_L96_rep004.npz,0.15,96,3,0.653807081907257,0.7342184731003141,3.152596624093744,5.128547579298831
c1_L96_rep004.npz,0.15,96,4,0.6679709309757214,0.7537881775793132,3.2043722587557015,5.239340534394542
c1_L96_rep004.npz,0.15,96,5,0.6720603664384807,0.7576486257240868,3.219241257508217,5.272311212814645
c1_L96_rep004.npz,0.15,96,6,0.6806403364722,0.7746646852791224,3.247293067385697,5.339513325608343
c1_L96_rep004.npz,0.15,96,7,0.6849642447198874,0.7797689859720704,3.261987974286876,5.370629370629371
c1_L96_rep004.npz,0.15,96,8,0.6924591348490827,0.7870382629055249,3.2914246265530878,5.430760164997054
c1_L96_rep004.npz,0.15,96,10,0.7098270953026052,0.8179655001994925,3.3432178372390013,5.568580060422961
c1_L96_rep004.npz,0.15,96,12,0.7149974719741372,0.8258403476625682,3.3655765244798754,5.605839416058394
c1_L96_rep004.npz,0.15,96,15,0.7371047380553528,0.8503268895457157,3.4453446390830442,5.7816813048933495
c1_L96_rep004.npz,0.15,96,18,0.7493566895204411,0.8692104143033366,3.4892035302286377,5.877551020408163
c1_L96_rep004.npz,0.15,96,22,0.7636779486300977,0.873427817913927,3.545602160124783,5.988304093567251
c1_L96_rep004.npz,0.15,96,27,0.7810917952198698,0.9081745055561283,3.5959834693672637,6.127659574468085
c1_L96_rep004.npz,0.15,96,33,0.7874080147285496,0.9170863742258203,3.618898212213505,6.176943699731904
c1_L96_rep004.npz,0.15,96,40,0.8071833299303183,0.9554197651704637,3.6824453362786125,6.32967032967033
c1_L96_rep004.npz,0.15,96,48,0.8215892252245851,0.9705946552282644,3.7354753342952636,6.444755244755245
c1_L96_rep004.npz,0.15,96,58,0.8421430561226084,0.9994930827405564,3.8034499152206913,6.606451612903226
c1_L96_rep004.npz,0.15,96,71,0.8741083384266962,1.0317646410419197,3.900290744336903,6.857142857142857
c1_L96_rep004.npz,0.15,96,86,0.9046979127749628,1.0618798046806974,3.999079546933754,7.089230769230769
c1_L96_rep004.npz,0.15,96,105,0.92720329039387,1.0846498506683484,4.070515402258189,7.273875295974744
c1_L96_rep004.npz,0.15,96,127,0.9443432629520918,1.1175379662442628,4.123476141156635,7.408360128617363
c1_L96_rep004.npz,0.15,96,154,0.9847447015796755,1.1650151137802172,4.252565021084224,7.725062866722549
c1_L96_rep004.npz,0.15,96,187,1.032364767431365,1.2171092833809753,4.361468661455594,8.006950477845352
c1_L96_rep004.npz,0.15,96,227,1.0274796149231717,1.241460278083292,4.359619728224821,7.979220779220778
c1_L96_rep004.npz,0.15,96,276,1.136633074485752,1.3194261089315473,4.574880849985781,8.573023255813954
c1_L96_rep004.npz,0.15,96,334,1.1740554261071585,1.343585833200724,4.669840029311133,8.785510009532889
c1_L96_rep004.npz,0.15,96,406,1.1423954487396264,1.34634351646352,4.580403073563289,8.541241890639482
c1_L96_rep004.npz,0.15,96,493,1.2723303839003308,1.448350124007753,4.862664140937367,9.31850353892821
c1_L96_rep004.npz,0.15,96,598,1.2658690563812058,1.4584212274570527,4.853343518812781,9.271629778672033
c1_L96_rep004.npz,0.15,96,726,1.3771384233908655,1.5563315322369755,5.111502244052951,9.984832069339111
c1_L96_rep004.npz,0.15,96,881,1.3541766502468895,1.5467552254484644,5.060460964094284,9.78343949044586
c1_L96_rep004.npz,0.15,96,1069,1.4615794623443819,1.678632740674054,5.2400125060958995,10.262806236080179
c1_L96_rep004.npz,0.15,96,1298,1.5219044364418397,1.7283396555703168,5.414217642417102,10.69141531322506
c1_L96_rep004.npz,0.15,96,1576,1.608972786244789,1.8312290467337695,5.566347104268791,11.117008443908324
c1_L96_rep004.npz,0.15,96,1912,1.6069211081377295,1.8485282640702216,5.544944781998194,10.984505363528008
c1_L96_rep004.npz,0.15,96,2321,1.6811340683693197,1.9702981666660986,5.726639695126884,11.448447204968945
c1_L96_rep004.npz,0.15,96,2818,1.8484784050946144,2.113412575788133,6.117523594498869,12.624657534246575
c1_L96_rep004.npz,0.15,96,3420,1.9270617000937187,2.1682817912581767,6.311381233913743,13.146932952924395
c1_L96_rep004.npz,0.15,96,4151,2.03492925183539,2.30259516955154,6.528994174331295,13.837837837837839
c1_L96_rep004.npz,0.15,96,5039,2.0102882601214525,2.30752002542271,6.411616053347845,13.356521739130434
c1_L96_rep004.npz,0.15,96,6116,2.0975690453861655,2.3951259220474403,6.5639041572976025,13.73472429210134
c1_L96_rep004.npz,0.15,96,7423,2.2324222890189205,2.539554876287088,6.875466592493635,14.651828298887123
c1_L96_rep004.npz,0.15,96,9010,2.227365452630953,2.5488461622782648,6.776228886651761,14.31055900621118
c1_L96_rep004.npz,0.15,96,10937,2.5292300827696748,2.7934895940305005,7.403042536337035,16.16842105263158
c1_L96_rep004.npz,0.15,96,13275,2.5473445837256734,2.8247193919121028,7.414168859718182,16.11188811188811
c1_L96_rep004.npz,0.15,96,16113,2.7442490917918367,3.003299719742879,7.863015370450793,17.587786259541986
c1_L96_rep004.npz,0.15,96,19557,2.743074441920995,3.0581807670424315,7.66210179927237,16.63537906137184
c1_L96_rep004.npz,0.15,96,23739,2.8524311628013557,3.206046329457008,7.805292504639843,16.972375690607734
c1_L96_rep004.npz,0.15,96,28814,3.106688683855375,3.405111975041973,8.25324480928414,18.358565737051794
c1_L96_rep004.npz,0.15,96,34974,3.4523241769455555,3.7364446346360296,8.996105387376362,20.48
c1_L96_rep004.npz,0.15,96,42451,3.4565431874461643,3.845723303126462,8.705437677021148,19.24008350730689
c1_L96_rep004.npz,0.15,96,51526,3.7214169993514012,4.112111725718205,9.335920215422265,21.235023041474655
c1_L96_rep004.npz,0.15,96,62542,3.900716186396675,4.28711604284882,9.378059837009138,20.945454545454545
c1_L96_rep004.npz,0.15,96,75913,4.230406972464692,4.697948166199492,9.885680671652386,22.153846153846153
c1_L96_rep004.npz,0.15,96,92142,4.870932167992081,5.421279562316419,10.796315046841416,24.707774798927616
c1_L96_rep004.npz,0.15,96,111841,5.423471149344566,5.824671031525737,11.981774288589943,28.532507739938083
c1_L96_rep004.npz,0.15,96,135751,5.378338643597429,5.824900721989726,11.407481045613613,26.033898305084744
c1_L96_rep004.npz,0.15,96,164773,5.525485111067864,5.93393055579315,11.98528464680789,28.444444444444443
c1_L96_rep004.npz,0.15,96,200000,5.68611621412688,6.071126097693286,11.422705797372172,25.81512605042017
c1_L96_rep005.npz,0.15,96,1,0.6015127709060862,0.6709274753375758,2.9791567374482844,4.7164790174002045
c1_L96_rep005.npz,0.15,96,2,0.6258755027990074,0.7076896098460513,3.062527462906434,4.909962706446457
c1_L96_rep005.npz,0.15,96,3,0.6447919556227837,0.7294926667019823,3.1260601912794024,5.058177826564215
c1_L96_rep005.npz,0.15,96,4,0.6587660022844877,0.7487210377957209,3.1726460505377263,5.165919282511211
c1_L96_rep005.npz,0.15,96,5,0.6702387870881855,0.7663614063434683,3.217281674363326,5.257273245864233
c1_L96_rep005.npz,0.15,96,6,0.6791101012901225,0.7778225357174978,3.2460591588799494,5.3271676300578035
c1_L96_rep005.npz,0.15,96,7,0.6914537519169832,0.7866455221472335,3.297496865084576,5.42436727486757
c1_L96_rep005.npz,0.15,96,8,0.6961130081478234,0.7978719259092084,3.313713936414088,5.459715639810427
c1_L96_rep005.npz,0.15,96,10,0.7167565091266906,0.8194910604850449,3.3807906345541396,5.62294081757169
c1_L96_rep005.npz,0.15,96,12,0.726508365049292,0.8442535658022161,3.410831327814129,5.699443413729128
c1_L96_rep005.npz,0.15,96,15,0.7370304674184782,0.8579372377245678,3.450095809648136,5.7816813048933495
c1_L96_rep005.npz,0.15,96,18,0.7468352525360554,0.8701329287873372,3.485678511972764,5.85886840432295
c1_L96_rep005.npz,0.15,96,22,0.7758819096307337,0.9040320074585042,3.5740783604966717,6.083168316831683
c1_L96_rep005.npz,0.15,96,27,0.7883351279806536,0.9178778644546537,3.6121717761225747,6.181086519114689
c1_L96_rep005.npz,0.15,96,33,0.808509972894233,0.9484361930127135,3.6833315991757756,6.34273916035788
c1_L96_rep005.npz,0.15,96,40,0.8195776582442851,0.9607512470972377,3.7228850059051095,6.426778242677824
c1_L96_rep005.npz,0.15,96,48,0.8296923433131556,0.9827175183484271,3.760585444700876,6.508474576271186
c1_L96_rep005.npz,0.15,96,58,0.866359132244702,1.009753847029556,3.8741471404388035,6.796460176991151
c1_L96_rep005.npz,0.15,96,71,0.8940852554465804,1.067521719282916,3.9649888829794935,7.013698630136986
c1_L96_rep005.npz,0.15,96,86,0.9065887823337457,1.0795667037821943,4.008069657007179,7.111111111111111
c1_L96_rep005.npz,0.15,96,105,0.9309300704346486,1.1022263215006811,4.089050342430405,7.3026941362916
c1_L96_rep005.npz,0.15,96,127,0.9567083798757436,1.1268477838959334,4.171246721926368,7.504885993485341
c1_L96_rep005.npz,0.15,96,154,1.002016872829861,1.1983995980783662,4.2975800605832415,7.843404255319149
c1_L96_rep005.npz,0.15,96,187,1.0092918340983577,1.204192382533823,4.321614246160504,7.89041095890411
c1_L96_rep005.npz,0.15,96,227,1.049412273517697,1.25537909398206,4.406004418849382,8.091308165057068
c1_L96_rep005.npz,0.15,96,276,1.1051154964934906,1.2943468517441794,4.494349465961166,8.37057220708447
c1_L96_rep005.npz,0.15,96,334,1.1298215629164319,1.3273322540584038,4.555140506910795,8.49400921658986
c1_L96_rep005.npz,0.15,96,406,1.2054991850227637,1.3898803997190088,4.727027422861863,8.912959381044487
c1_L96_rep005.npz,0.15,96,493,1.2564208688540506,1.4501174337054064,4.817670948612913,9.197604790419161
c1_L96_rep005.npz,0.15,96,598,1.3222402040582937,1.4856324407972918,4.972460683713574,9.610010427528676
c1_L96_rep005.npz,0.15,96,726,1.4118048782130572,1.5676869995831668,5.178268917034072,10.194690265486726
c1_L96_rep005.npz,0.15,96,881,1.3545053396987838,1.5473977959010723,5.046960273081771,9.742071881606766
c1_L96_rep005.npz,0.15,96,1069,1.4751858884132767,1.6521384000433028,5.311619409170853,10.532571428571428
c1_L96_rep005.npz,0.15,96,1298,1.520254097087295,1.7253657884438809,5.429747242250484,10.766355140186915
c1_L96_rep005.npz,0.15,96,1576,1.5858474152072168,1.810618683016366,5.540663039044642,10.99761336515513
c1_L96_rep005.npz,0.15,96,1912,1.6430378404690964,1.8774080543684943,5.6044056253058825,11.143893591293834
c1_L96_rep005.npz,0.15,96,2321,1.7844026564266335,2.014835831417221,5.966319287346586,12.206622516556292
c1_L96_rep005.npz,0.15,96,2818,1.8736538130820624,2.124241000119149,6.205347586221554,12.871508379888267
c1_L96_rep005.npz,0.15,96,3420,1.9260730394809922,2.176603881686286,6.278467434590963,12.980281690140846
c1_L96_rep005.npz,0.15,96,4151,2.1010914672595646,2.3279475445615656,6.658827568915023,14.24420401854714
c1_L96_rep005.npz,0.15,96,5039,2.150610025389587,2.372971936848105,6.635018145732797,14.027397260273972
c1_L96_rep005.npz,0.15,96,6116,2.1670966239182587,2.4352035897768816,6.631630954008179,13.879518072289159
c1_L96_rep005.npz,0.15,96,7423,2.2433943986303997,2.5010347102969055,6.80973128895838,14.377535101404055
c1_L96_rep005.npz,0.15,96,9010,2.4013809533063837,2.6299193898827053,7.169269911238282,15.4890756302521
c1_L96_rep005.npz,0.15,96,10937,2.278662352499828,2.599421158570667,6.866124724927731,14.399999999999999
c1_L96_rep005.npz,0.15,96,13275,2.4776086484752406,2.7075943437916643,7.185424633091872,15.463087248322147
c1_L96_rep005.npz,0.15,96,16113,2.497134514463494,2.807553634328377,7.263025146962187,15.593908629441623
c1_L96_rep005.npz,0.15,96,19557,2.843281429888054,3.1727263570404074,8.030097653870117,17.929961089494164
c1_L96_rep005.npz,0.15,96,23739,3.0473320114394356,3.3382706231543455,8.155255108199144,17.964912280701753
c1_L96_rep005.npz,0.15,96,28814,3.0719023002150463,3.378791924788633,8.332797183409507,18.58064516129032
c1_L96_rep005.npz,0.15,96,34974,3.207169002521196,3.5163493159063908,8.428165758153616,18.731707317073173
c1_L96_rep005.npz,0.15,96,42451,3.323470834687024,3.680238203561654,8.56196730092475,18.846625766871163
c1_L96_rep005.npz,0.15,96,51526,3.64429845598444,4.0094481507081685,8.957682309036116,19.776824034334762
c1_L96_rep005.npz,0.15,96,62542,3.757166251462813,4.15692068011035,9.228903815724925,20.663677130044842
c1_L96_rep005.npz,0.15,96,75913,3.852541132611117,4.3462002686589125,9.434174061333698,21.137614678899084
c1_L96_rep005.npz,0.15,96,92142,4.479615301148501,4.887386242199678,10.393722789463665,23.813953488372093
c1_L96_rep005.npz,0.15,96,111841,4.876456765208535,5.301129144405113,10.965019887265267,25.6
c1_L96_rep005.npz,0.15,96,135751,4.8616372999027035,5.275966976849164,10.77874643494815,24.641711229946523
c1_L96_rep005.npz,0.15,96,164773,4.87117911657457,5.250009160336477,10.623855873379904,23.875647668393785
c1_L96_rep005.npz,0.15,96,200000,5.2140858221799915,5.6613973677484,11.234848753397,26.033898305084744
c1_L96_rep006.npz,0.15,96,1,0.6119843105376865,0.7030936589541544,3.0147752873810494,4.8
c1_L96_rep006.npz,0.15,96,2,0.6365277991904119,0.717675454617697,3.104267911834921,4.992416034669556
c1_L96_rep006.npz,0.15,96,3,0.6603837646095971,0.7445981394786765,3.1857197042513064,5.180438448566611
c1_L96_rep006.npz,0.15,96,4,0.6709100120289596,0.7589121571766196,3.228423601280996,5.263278126784694
c1_L96_rep006.npz,0.15,96,5,0.6841991524576712,0.7775197510210345,3.2686407430945996,5.367501456027956
c1_L96_rep006.npz,0.15,96,6,0.696774398411438,0.7964920226877245,3.308605802724639,5.4661921708185055
c1_L96_rep006.npz,0.15,96,7,0.701784237215992,0.8108832239375536,3.3207406217377002,5.505376344086022
c1_L96_rep006.npz,0.15,96,8,0.7072609322355101,0.820960161018712,3.339194525622696,5.54846478025286
c1_L96_rep006.npz,0.15,96,10,0.708556895927563,0.8209742276275807,3.345828780988353,5.558504221954162
c1_L96_rep006.npz,0.15,96,12,0.7181210371024256,0.8406472461475525,3.381891786019245,5.6332518337408315
c1_L96_rep006.npz,0.15,96,15,0.7342261363776434,0.8668796452265684,3.435062940538203,5.76
c1_L96_rep006.npz,0.15,96,18,0.7517415779326105,0.8846851790226121,3.500510941030426,5.8963531669865645
c1_L96_rep006.npz,0.15,96,22,0.7693284328691192,0.8969114509638341,3.558008869494705,6.035363457760314
c1_L96_rep006.npz,0.15,96,27,0.7932298262957401,0.926023438008894,3.632798039007147,6.222822417285618
c1_L96_rep006.npz,0.15,96,33,0.8147132326463968,0.9574400124298283,3.702070106202824,6.391123439667129
c1_L96_rep006.npz,0.15,96,40,0.8250516454481585,0.970711364536816,3.74080625811632,6.47191011235955
c1_L96_rep006.npz,0.15,96,48,0.8319046016470091,0.9810354237089352,3.7654204895453307,6.522292993630574
c1_L96_rep006.npz,0.15,96,58,0.8606674397159225,1.0123888742804459,3.8573579598963086,6.751648351648352
c1_L96_rep006.npz,0.15,96,71,0.8781646327423862,1.0305900681563558,3.9194110714036223,6.882748319641524
c1_L96_rep006.npz,0.15,96,86,0.9110958937472893,1.067978844884808,4.014131010549832,7.144186046511628
c1_L96_rep006.npz,0.15,96,105,0.9150020246794276,1.0847490831644993,4.034158172148625,7.177570093457945
c1_L96_rep006.npz,0.15,96,127,0.9420840975538618,1.1222156406296744,4.111674108270667,7.390537289494788
c1_L96_rep006.npz,0.15,96,154,0.9593873191550923,1.1490100533802154,4.170949066832147,7.523265306122449
c1_L96_rep006.npz,0.15,96,187,0.9979642988872057,1.2086224677736312,4.284615258924285,7.803556308213378
c1_L96_rep006.npz,0.15,96,227,1.0256211718565074,1.2131930160011315,4.345928705418113,7.96542783059637
c1_L96_rep006.npz,0.15,96,276,1.0716945706733436,1.2581163087095544,4.432127403502272,8.199288256227758
c1_L96_rep006.npz,0.15,96,334,1.1045397592935813,1.2791096126048633,4.500550706369968,8.39344262295082
c1_L96_rep006.npz,0.15,96,406,1.1726579120508154,1.3566816107516333,4.650940521109465,8.760456273764259
c1_L96_rep006.npz,0.15,96,493,1.2717620440926602,1.434892407569357,4.8735480882000815,9.356345177664975
c1_L96_rep006.npz,0.15,96,598,1.2498744688689793,1.4437039940903236,4.823120640314275,9.1610337972167
c1_L96_rep006.npz,0.15,96,726,1.2861748157639215,1.4817386572383102,4.871987743309053,9.299697275479314
c1_L96_rep006.npz,0.15,96,881,1.3672219073274667,1.5722951971337928,5.049872132891489,9.78343949044586
c1_L96_rep006.npz,0.15,96,1069,1.426942427017693,1.6651494416530355,5.201026158720541,10.127472527472527
c1_L96_rep006.npz,0.15,96,1298,1.547356093619556,1.7583426015120207,5.452388701003326,10.829612220916568
c1_L96_rep006.npz,0.15,96,1576,1.6783042338418306,1.867289721072332,5.768785325115912,11.755102040816325
c1_L96_rep006.npz,0.15,96,1912,1.634460400429655,1.8927915646797873,5.6018261608353335,11.211678832116789
c1_L96_rep006.npz,0.15,96,2321,1.7428702025600782,1.9827218152630546,5.836271958339346,11.861003861003862
c1_L96_rep006.npz,0.15,96,2818,1.8427649436038547,2.069958867640014,6.123544893438743,12.676753782668502
c1_L96_rep006.npz,0.15,96,3420,1.8748323165952914,2.1618408119354786,6.192306802848192,12.694214876033056
c1_L96_rep006.npz,0.15,96,4151,1.9961098263601342,2.219349644713036,6.426483446791558,13.414847161572053
c1_L96_rep006.npz,0.15,96,5039,2.0468875177515344,2.358396943337196,6.490795059763605,13.473684210526315
c1_L96_rep006.npz,0.15,96,6116,2.1268781285504352,2.4157883588765863,6.6827308533209635,14.07022900763359
c1_L96_rep006.npz,0.15,96,7423,2.2899144602631605,2.5852877128007483,6.877493813817438,14.445141065830722
c1_L96_rep006.npz,0.15,96,9010,2.322113967158952,2.6325704118108613,7.0256972188026445,15.058823529411764
c1_L96_rep006.npz,0.15,96,10937,2.5076740982501997,2.8338270406544677,7.359234227265681,15.78082191780822
c1_L96_rep006.npz,0.15,96,13275,2.6390061572636276,3.025434084726901,7.542016862559471,16.140105078809107
c1_L96_rep006.npz,0.15,96,16113,2.8957916157012837,3.1704506530237735,8.180953580524001,18.468937875751504
c1_L96_rep006.npz,0.15,96,19557,2.944927003253677,3.2952196609962328,8.099726774257096,17.757225433526013
c1_L96_rep006.npz,0.15,96,23739,3.179006362010119,3.521109170209078,8.410309070048637,18.731707317073173
c1_L96_rep006.npz,0.15,96,28814,3.29342406079412,3.650670496443896,8.409497821221988,18.395209580838323
c1_L96_rep006.npz,0.15,96,34974,3.4756369836531316,3.7944785321419037,8.893444885651578,20.03478260869565
c1_L96_rep006.npz,0.15,96,42451,3.7559414017671893,4.001692812437805,9.135160427848213,20.57142857142857
c1_L96_rep006.npz,0.15,96,51526,3.81529844481007,4.1338126965846325,9.369915054934333,21.235023041474655
c1_L96_rep006.npz,0.15,96,62542,3.800987153555101,4.2203323844526714,9.331653039488858,20.945454545454545
c1_L96_rep006.npz,0.15,96,75913,4.170712584128109,4.528803489527718,9.889780017572852,22.368932038834952
c1_L96_rep006.npz,0.15,96,92142,4.792759556151491,5.222234896493806,11.339531317751456,26.94736842105263
c1_L96_rep006.npz,0.15,96,111841,5.351650023804831,5.76919108962698,11.396577368675306,26.331428571428575
c1_L96_rep006.npz,0.15,96,135751,5.199498072577498,5.602462576944749,11.3265611995874,26.331428571428575
c1_L96_rep006.npz,0.15,96,164773,5.590694145114938,5.973783690798301,11.60128146597638,26.63583815028902
c1_L96_rep006.npz,0.15,96,200000,5.937513429419531,6.315004722180959,12.53241896435951,29.729032258064517
c1_L96_rep007.npz,0.15,96,1,0.5951904335641482,0.6586943425203124,2.945232168969035,4.668693009118541
c1_L96_rep007.npz,0.15,96,2,0.622476732963493,0.6883575392687673,3.048704290716531,4.88135593220339
c1_L96_rep007.npz,0.15,96,3,0.6412819822106502,0.7140412571038722,3.1137825500785916,5.03056768558952
c1_L96_rep007.npz,0.15,96,4,0.6607207362625088,0.7397173588740057,3.180908033455141,5.183352080989876
c1_L96_rep007.npz,0.15,96,5,0.6686535561785776,0.7504295415767701,3.2073148267773277,5.245304496300512
c1_L96_rep007.npz,0.15,96,6,0.6732522555105598,0.7632640312952429,3.223895078377719,5.281375358166189
c1_L96_rep007.npz,0.15,96,7,0.6826088893170701,0.7715584954785599,3.260121122768964,5.355026147588611
c1_L96_rep007.npz,0.15,96,8,0.6935070375803885,0.7850142435066321,3.2940889534509576,5.440377804014167
c1_L96_rep007.npz,0.15,96,10,0.705284409644894,0.7981814362833959,3.342516222654295,5.5318127250900355
c1_L96_rep007.npz,0.15,96,12,0.7273163836486822,0.8273431645026951,3.4069614699725013,5.702970297029704
c1_L96_rep007.npz,0.15,96,15,0.7297197627877461,0.8395505077901932,3.424807823982142,5.724223602484472
c1_L96_rep007.npz,0.15,96,18,0.7484928358661102,0.8711406867901853,3.485972757671199,5.8700636942675155
c1_L96_rep007.npz,0.15,96,22,0.7678497835942839,0.8859834993080988,3.550780417703361,6.023529411764706
c1_L96_rep007.npz,0.15,96,27,0.778429589357667,0.9000455843767141,3.588251961133381,6.099272005294507
c1_L96_rep007.npz,0.15,96,33,0.7830773282693178,0.9087143946804528,3.603568705441916,6.139906728847436
c1_L96_rep007.npz,0.15,96,40,0.8057353862559739,0.9337291264801066,3.68154256707478,6.320987654320987
c1_L96_rep007.npz,0.15,96,48,0.8292293974236469,0.969018760562697,3.7522135273004706,6.503881439661256
c1_L96_rep007.npz,0.15,96,58,0.8447360144800014,0.9965940445209296,3.796687434408607,6.625449317038103
c1_L96_rep007.npz,0.15,96,71,0.8666136443282046,1.0315729184074298,3.8780010379822403,6.796460176991151
c1_L96_rep007.npz,0.15,96,86,0.9044220386941799,1.0736940915084123,3.9988766657017325,7.094688221709006
c1_L96_rep007.npz,0.15,96,105,0.9286692409263458,1.0952154349092682,4.073608821579932,7.285375494071147
c1_L96_rep007.npz,0.15,96,127,0.9504630148602233,1.1318024920113907,4.149990406060375,7.45631067961165
c1_L96_rep007.npz,0.15,96,154,0.9889000477403489,1.1747951027635812,4.264410911893608,7.757575757575758
c1_L96_rep007.npz,0.15,96,187,1.0337217819056894,1.2282455655362225,4.3622112931016455,8.013913043478261
c1_L96_rep007.npz,0.15,96,227,1.1017223126405042,1.2708861711042154,4.5023426257334,8.385805277525023
c1_L96_rep007.npz,0.15,96,276,1.1083999754755238,1.3033891654509655,4.519613157907664,8.39344262295082
c1_L96_rep007.npz,0.15,96,334,1.1728638523863841,1.3588708551641404,4.637471290361951,8.752136752136753
c1_L96_rep007.npz,0.15,96,406,1.2049340996015714,1.3845515988804882,4.715928839543846,8.94757281553398
c1_L96_rep007.npz,0.15,96,493,1.249207858145556,1.4219817409173463,4.811028444717434,9.216
c1_L96_rep007.npz,0.15,96,598,1.2962735283747993,1.4848240043145347,4.909140016659415,9.423312883435582
c1_L96_rep007.npz,0.15,96,726,1.3041754023032037,1.4941033196452347,4.928489797188283,9.462012320328542
c1_L96_rep007.npz,0.15,96,881,1.3751188977405302,1.5745805363310925,5.073116627696603,9.867237687366167
c1_L96_rep007.npz,0.15,96,1069,1.47691161696789,1.6695410784037614,5.287845579546861,10.448979591836734
c1_L96_rep007.npz,0.15,96,1298,1.5377598951848073,1.7386940352027085,5.434945125321822,10.804220398593202
c1_L96_rep007.npz,0.15,96,1576,1.5482637412603915,1.7510371666582307,5.475743724550595,10.919431279620854
c1_L96_rep007.npz,0.15,96,1912,1.6923941228781962,1.867381468179389,5.714510054277315,11.636363636363637
c1_L96_rep007.npz,0.15,96,2321,1.7337723040278348,1.9188360146962011,5.8583422875562,11.96883116883117
c1_L96_rep007.npz,0.15,96,2818,1.7654758921483529,1.9945963921301058,5.882135812091421,11.96883116883117
c1_L96_rep007.npz,0.15,96,3420,1.8932178795731138,2.1123872305730345,6.240657917291032,13.109530583214793
c1_L96_rep007.npz,0.15,96,4151,1.8974224608621466,2.1377732513067267,6.191014727204067,12.817802503477052
c1_L96_rep007.npz,0.15,96,5039,2.0032680634781324,2.198249950549711,6.4516618961569465,13.67359050445104
c1_L96_rep007.npz,0.15,96,6116,1.9318852103255915,2.1929271119414473,6.2093947346361436,12.8
c1_L96_rep007.npz,0.15,96,7423,1.9959391305923007,2.248998573091849,6.378250586700231,13.260431654676259
c1_L96_rep007.npz,0.15,96,9010,2.1175079283455767,2.3590319971666895,6.5720532194666506,13.73472429210134
c1_L96_rep007.npz,0.15,96,10937,2.344598593198852,2.6275955759921477,7.042899972481596,15.058823529411764
c1_L96_rep007.npz,0.15,96,13275,2.432482795033633,2.745346514872638,7.236266625676008,15.726962457337883
c1_L96_rep007.npz,0.15,96,16113,2.5606679406185684,2.851418097249722,7.341242081651083,15.835051546391751
c1_L96_rep007.npz,0.15,96,19557,2.825179395993628,3.1497396866711243,7.947586491018759,17.421550094517958
c1_L96_rep007.npz,0.15,96,23739,3.1560583307988628,3.519293559178921,8.452879211433627,18.731707317073173
c1_L96_rep007.npz,0.15,96,28814,3.2222129311864167,3.6669432050842943,8.622267198475706,19.12033195020747
c1_L96_rep007.npz,0.15,96,34974,3.5284487804909146,3.8565071276736695,8.909239321114448,19.81935483870968
c1_L96_rep007.npz,0.15,96,42451,3.707459519192632,4.035848154934156,9.217693319846248,20.803611738148984
c1_L96_rep007.npz,0.15,96,51526,3.763864242942481,4.172836470444838,9.49855402550565,21.53271028037383
c1_L96_rep007.npz,0.15,96,62542,4.016340783360396,4.430183938885309,9.680368334715272,21.838862559241708
c1_L96_rep007.npz,0.15,96,75913,4.219180620278994,4.584377212289715,9.717612523213777,21.583138173302107
c1_L96_rep007.npz,0.15,96,92142,4.3276919385178285,4.764143777594884,10.18859719156964,23.331645569620253
c1_L96_rep007.npz,0.15,96,111841,4.398390128440838,4.933255721929099,9.807971036087352,21.633802816901408
c1_L96_rep007.npz,0.15,96,135751,5.01100330540202,5.502632810670302,11.317744896269222,26.331428571428575
c1_L96_rep007.npz,0.15,96,164773,5.504516118072729,5.9132027193706715,11.487568904772736,26.18181818181818
c1_L96_rep007.npz,0.15,96,200000,5.684090011557249,6.005159885294606,12.002187128618555,28.012158054711247
